iata,icao,name,country,municipality,lat,lon,elevation
AAA,NTGA,Anaa Airport,PF,Anaa,-17.3526,-145.509995,10
AAC,HEAR,El Arish International Airport,EG,El Arish,31.055324,33.827964,118
AAE,DABB,Annaba Rabah Bitat Airport,DZ,Annaba,36.826781,7.81334,16
AAK,NGUK,Aranuka Airport,KI,Buariki,0.185278,173.636993,6
AAL,EKYT,Aalborg Airport,DK,Aalborg,57.094763,9.84993,10
AAM,FAMD,Malamala Airport,ZA,Malamala,-24.816866,31.544085,1124
AAN,OMAL,Al Ain International Airport,AE,Al Ain,24.2617,55.6092,869
AAO,SVAN,Anaco Airport,VE,Anaco,9.430225,-64.470726,721
AAP,WALS,Aji Pangeran Tumenggung Pranoto International Airport,ID,Samarinda,-0.374478,117.250128,82
AAQ,URKA,Anapa Vityazevo Airport,RU,Krasnyi Kurgan,45.002102,37.347301,174
AAR,EKAH,Aarhus Airport,DK,Aarhus,56.303331,10.618286,82
AAT,ZWAT,Altay Xuedu Airport,CN,Altay,47.749886,88.085808,2460
AAV,RPMA,Allah Valley Airport,PH,Surallah,6.367903,124.752431,659
AAX,SBAX,Romeu Zema Airport,BR,Araxá,-19.5632,-46.9604,3276
AAY,OYGD,Al Ghaydah International Airport,YE,Al Ghaydah,16.193341,52.174186,134
AAZ,MGQZ,Quezaltenango Airport,GT,Quezaltenango,14.8656,-91.501999,7779
ABA,UNAA,Abakan International Airport,RU,Abakan,53.740002,91.385002,831
ABB,DNAS,Asaba International Airport,NG,Asaba,6.204167,6.665278,305
ABC,LEAB,Albacete Airport / Los Llanos Air Base,ES,Albacete,38.948502,-1.86352,2302
ABD,OIAA,Abadan Ayatollah Jami International Airport,IR,Abadan,30.367887,48.230075,10
ABE,KABE,Lehigh Valley International Airport,US,Allentown/Bethlehem,40.651773,-75.442797,393
ABI,KABI,Abilene Regional Airport,US,Abilene,32.4113006592,-99.68190002440001,1791
ABJ,DIAP,Félix-Houphouët-Boigny International Airport,CI,Abidjan,5.26139,-3.92629,21
ABK,HAKD,Kebri Dahar Airport,ET,Kebri Dahar,6.732577,44.241339,1800
ABL,PAFM,Ambler Airport,US,Ambler,67.105529,-157.855339,334
ABM,YNPE,Northern Peninsula Airport,AU,Bamaga,-10.946194,142.455081,34
ABQ,KABQ,Albuquerque International Sunport,US,Albuquerque,35.039976,-106.608925,5355
ABR,KABR,Aberdeen Regional Airport,US,Aberdeen,45.449100494384766,-98.42179870605469,1302
ABS,HEBL,Abu Simbel Airport,EG,Abu Simbel,22.375924,31.611734,614
ABT,OEBA,King Saud Bin Abdulaziz (Al Baha) Airport,SA,Al-Baha,20.298506,41.636153,5486
ABU,WATA,AA Bere Tallo (Haliwen) Airport,ID,Atambua,-9.074841,124.903285,1027
ABV,DNAA,Nnamdi Azikiwe International Airport,NG,Abuja,9.00679,7.26317,1123
ABX,YMAY,Albury Airport,AU,East Albury,-36.066758,146.959148,539
ABY,KABY,Southwest Georgia Regional Airport,US,Albany,31.532946,-84.196215,197
ABZ,EGPD,Aberdeen International Airport,GB,Aberdeen,57.2019,-2.19778,215
ACA,MMAA,General Juan N. Álvarez International Airport,MX,Acapulco,16.757126,-99.753113,16
ACC,DGAA,Kotoka International Airport,GH,Accra,5.605189800262451,-0.16678600013256073,205
ACE,GCRR,César Manrique-Lanzarote Airport,ES,San Bartolomé,28.945499,-13.6052,46
ACF,ZWAL,Aral Tarim Airport,CN,Aral,40.434748,81.26206,
ACH,LSZR,Sankt Gallen Altenrhein Airport,CH,St. Gallen,47.485001,9.56077,1306
ACI,EGJA,Alderney Airport,GG,Saint Anne,49.706104,-2.21472,290
ACJ,VCCA,Anuradhapura Airport,LK,Anuradhapura,8.301542,80.42848,324
ACK,KACK,Nantucket Memorial Airport,US,Nantucket,41.25310135,-70.06020355,47
ACN,MMCC,Ciudad Acuña International Airport,MX,Ciudad Acuña,29.333662,-101.100555,1410
ACS,UNKS,Achinsk Airport,RU,Achinsk,56.269185,90.57511,1033
ACT,KACT,Waco Regional Airport,US,Waco,31.611299514770508,-97.23049926757812,516
ACV,KACV,California Redwood Coast-Humboldt County Airport,US,Arcata/Eureka,40.978101,-124.109,221
ACX,ZUYI,Xingyi Wanfenglin Airport,CN,Xingyi,25.083423,104.960804,4150
ACY,KACY,Atlantic City International Airport,US,Atlantic City,39.456201,-74.577511,75
ACZ,OIZB,Zabol Airport,IR,Zabol,31.098301,61.5439,1628
ADB,LTBJ,Adnan Menderes International Airport,TR,Gaziemir,38.2924,27.157,412
ADD,HAAB,Addis Ababa Bole International Airport,ET,Addis Ababa,8.97789,38.799301,7630
ADE,OYAA,Aden International Airport,YE,Aden,12.829564,45.029976,7
ADF,LTCP,Adıyaman Airport,TR,Adıyaman,37.7314,38.468899,2216
ADI,FYAR,Arandis Airport,NA,Arandis,-22.461875,14.979322,1905
ADJ,OJAM,Marka International (Amman Civil) Airport,JO,Amman,31.9727,35.9916,2555
ADK,PADK,Adak Airport,US,Adak,51.883564,-176.642783,18
ADL,YPAD,Adelaide International Airport,AU,Adelaide,-34.947512,138.533393,20
ADP,VCCG,Ampara Airport,LK,Ampara,7.336745,81.623869,150
ADQ,PADQ,Kodiak Airport,US,Kodiak,57.75,-152.4940033,78
ADT,KADH,Ada Regional Airport,US,Ada,34.805214,-96.671988,1016
ADU,OITL,Ardabil Airport,IR,Ardabil,38.3256988525,48.4244003296,4315
ADW,KADW,Joint Base Andrews,US,Camp Springs,38.810799,-76.866997,280
ADX,EGQL,Leuchars Station Airfield,GB,"Leuchars, Fife",56.37398,-2.868862,38
ADZ,SKSP,Gustavo Rojas Pinilla International Airport,CO,San Andrés,12.5836,-81.7112,19
AEB,ZGBS,Baise (Bose) Bama Airport,CN,Baise (Tianyang),23.7206,106.959999,490
AEG,WIME,Aek Godang Airport,ID,Padang Sidempuan,1.4001,99.430496,922
AEH,FTTC,Abeche Airport,TD,Abeche,13.847,20.844299,1788
AEP,SABE,Aeroparque Jorge Newbery,AR,Buenos Aires,-34.559419,-58.415536,18
AER,URSS,Sochi International Airport,RU,Sochi,43.449902,39.9566,89
AES,ENAL,Ålesund Airport,NO,Ålesund,62.560443,6.110845,69
AET,PFAL,Allakaket Airport,US,Allakaket,66.551804,-152.621994,441
AEU,OIBA,Abu Musa Island Airport,IR,Abu Musa,25.8757,55.033001,23
AEX,KAEX,Alexandria International Airport,US,Alexandria,31.325828,-92.546702,89
AEY,BIAR,Akureyri International Airport,IS,Akureyri,65.656573,-18.072018,6
AFA,SAMR,Suboficial Ay Santiago Germano Airport,AR,San Rafael,-34.588299,-68.4039,2470
AFL,SBAT,Piloto Osvaldo Marques Dias Airport,BR,Alta Floresta,-9.866389,-56.106298,948
AFW,KAFW,Perot Field/Fort Worth Alliance Airport,US,Fort Worth,32.99044,-97.31947,722
AFY,LTAH,Afyon Air Base,TR,Afyonkarahisar,38.726398,30.601101,3310
AFZ,OIMS,Sabzevar National Airport,IR,Sabzevar,36.16809844970703,57.59519958496094,3010
AGA,GMAD,Al Massira Airport,MA,Agadir (Temsia),30.322478,-9.412003,250
AGB,EDMA,Augsburg Airport,DE,Augsburg,48.425278,10.931667,1516
AGC,KAGC,Allegheny County Airport,US,Pittsburgh,40.354401,-79.930199,1252
AGE,EDWG,Wangerooge Airport,DE,Wangerooge,53.782544,7.919584,7
AGF,LFBA,Agen La Garenne airport,FR,Agen,44.174171,0.59309,204
AGH,ESTA,Ängelholm-Helsingborg Airport,SE,Ängelholm,56.29610061645508,12.847100257873535,68
AGI,SMWA,Wageningen Airstrip,SR,Wageningen,5.841252,-56.673247,6
AGJ,RORA,Aguni Airport,JP,Aguni,26.592755,127.240335,38
AGP,LEMG,Málaga-Costa del Sol Airport,ES,Málaga,36.6749,-4.49911,53
AGR,VIAG,Agra Airport / Agra Air Force Station,IN,Agra,27.157975,77.961025,551
AGS,KAGS,Augusta Regional At Bush Field,US,Augusta,33.3699,-81.9645,144
AGT,SGES,Guaraní International Airport,PY,Ciudad del Este,-25.457186,-54.839544,846
AGU,MMAS,Aguascalientes International Airport,MX,Aguascalientes,21.699589,-102.318372,6112
AGV,SVAC,Oswaldo Guevara Mujica Airport,VE,Acarigua,9.553375,-69.237869,640
AGX,VOAT,Agatti Airport,IN,Agatti,10.8237,72.176003,14
AGZ,FAAG,Aggeneys Airport,ZA,Aggeneys,-29.281799,18.8139,2648
AHA,VEAP,Maa Mahamaya Airport,IN,Ambikapur,22.98753,83.19612,1930
AHB,OEAB,Abha International Airport,SA,Abha,18.2404,42.656601,6858
AHE,NTHE,Ahe Airport,PF,Ahe Atoll,-14.428099632263184,-146.2570037841797,11
AHJ,ZUHY,Hongyuan Airport,CN,Ngawa (Hongyuan),32.53154,102.35224,11600
AHN,KAHN,Athens Ben Epps Airport,US,Athens,33.948842,-83.325634,808
AHO,LIEA,Alghero-Fertilia Airport,IT,Alghero,40.632099,8.29077,87
AHU,GMTA,Cherif Al Idrissi Airport,MA,Al Hoceima,35.177101,-3.83952,95
AIA,KAIA,Alliance Municipal Airport,US,Alliance,42.052543,-102.803965,3931
AIN,PAWI,Wainwright Airport,US,Wainwright,70.638,-159.994995,41
AIP,VIAX,Adampur Airport,IN,Adampur,31.4338,75.758797,775
AIT,NCAI,Aitutaki Airport,CK,Aitutaki,-18.8309,-159.764008,14
AIU,NCAT,Enua Airport,CK,Atiu Island,-19.96780014038086,-158.11900329589844,36
AJA,LFKJ,Ajaccio Napoléon Bonaparte airport,FR,Ajaccio,41.923599,8.80292,18
AJF,OESK,Al-Jawf International Airport,SA,Al-Jawf,29.783301,40.100905,2261
AJI,LTCO,Ağrı Airport,TR,Ağrı,39.655642,43.025742,5462
AJL,VELP,Lengpui Airport,IN,Aizawl (Lengpui),23.840599,92.619698,1398
AJN,FMCV,Ouani Airport,KM,Ouani,-12.131047,44.430044,62
AJR,ESNX,Arvidsjaur Airport,SE,Arvidsjaur,65.59030151367188,19.28190040588379,1245
AJU,SBAR,Aracaju - Santa Maria Airport,BR,Aracaju,-10.98394,-37.072873,23
AJY,DRZA,Mano Dayak International Airport,NE,Agadez,16.966,8.00011,1657
AKA,ZLAK,Ankang Fuqiang Airport,CN,Ankang (Hanbin),32.75696,108.87338,1209
AKB,PAAK,Atka Airport,US,Atka,52.220299,-174.205994,57
AKC,KAKR,Akron Fulton International Airport,US,Akron,41.037355,-81.46784,1067
AKD,VAAK,Akola Airport,IN,Akola,20.698931,77.056883,999
AKF,HLKF,Kufra Airport,LY,Kufra,24.178699493408203,23.31399917602539,1367
AKH,OEPS,Prince Sultan Air Base,SA,Al Kharj,24.0627,47.580502,1651
AKI,PFAK,Akiak Airport,US,Akiak,60.902646,-161.23106,30
AKJ,RJEC,Asahikawa Airport,JP,Higashikagura,43.670799,142.447006,721
AKK,PAKH,Akhiok Airport,US,Akhiok,56.938702,-154.182999,44
AKL,NZAA,Auckland International Airport,NZ,Auckland,-37.01199,174.786331,23
AKN,PAKN,King Salmon Airport,US,King Salmon,58.677845,-156.651965,73
AKP,PAKP,Anaktuvuk Pass Airport,US,Anaktuvuk Pass,68.133598,-151.742996,2102
AKR,DNAK,Akure Airport,NG,Akure,7.246739864349365,5.3010101318359375,1100
AKS,AGGA,Gwaunaru'u Airport,SB,Auki,-8.70257,160.682007,5
AKT,LCRA,RAF Akrotiri,CY,Akrotiri,34.590401,32.9879,76
AKU,ZWAK,Aksu Hongqipo Airport,CN,Aksu (Onsu),41.262501,80.291702,3816
AKV,CYKO,Akulivik Airport,CA,Akulivik,60.8186,-78.148598,75
AKW,OIAG,Aghajari Airport,IR,Omidiyeh,30.7444,49.6772,88
AKX,UATT,Aktobe International Airport,KZ,Aktobe,50.248116,57.204144,738
AKY,VYSW,Sittwe Airport,MM,Sittwe,20.133165,92.870693,27
ALA,UAAA,Almaty International Airport,KZ,Almaty,43.354267,77.042828,2234
ALB,KALB,Albany International Airport,US,Albany,42.748299,-73.801697,285
ALC,LEAL,Alicante-Elche Miguel Hernández Airport,ES,Alicante,38.2822,-0.558156,142
ALF,ENAT,Alta Airport,NO,Alta,69.976097,23.3717,9
ALG,DAAG,Houari Boumediene Airport,DZ,Algiers,36.693886,3.214531,82
ALH,YABA,Albany Airport,AU,Albany,-34.943333,117.808889,233
ALI,KALI,Alice International Airport,US,Alice,27.7409,-98.026901,178
ALJ,FAAB,Alexander Bay Airport,ZA,Alexander Bay,-28.575001,16.5333,98
ALM,KALM,Alamogordo White Sands Regional Airport,US,Alamogordo,32.837818,-105.993149,4200
ALN,KALN,St Louis Regional Airport,US,Alton/St Louis,38.89030075069999,-90.0459976196,544
ALO,KALO,Waterloo Regional Airport,US,Waterloo,42.557098388671875,-92.40029907226562,873
ALP,OSAP,Aleppo International Airport,SY,Aleppo,36.181262,37.226869,1276
ALR,NZLX,Alexandra Aerodrome,NZ,Alexandra,-45.210495,169.371113,752
ALS,KALS,San Luis Valley Regional Airport/Bergman Field,US,Alamosa,37.434898,-105.866997,7539
ALW,KALW,Walla Walla Regional Airport,US,Walla Walla,46.09489822,-118.288002,1194
AMA,KAMA,Rick Husband Amarillo International Airport,US,Amarillo,35.217857,-101.706444,3607
AMD,VAAH,Sardar Vallabh Patel International Airport,IN,Ahmedabad,23.0772,72.634697,189
AMH,HAAM,Arba Minch Airport,ET,Arba Minch,6.03939,37.5905,3901
AMM,OJAI,Queen Alia International Airport,JO,Amman,31.7226009369,35.9931983948,2395
AMQ,WAPP,Pattimura International Airport,ID,Ambon,-3.71026,128.089005,33
AMS,EHAM,Amsterdam Airport Schiphol,NL,Amsterdam,52.308601,4.76389,-11
AMV,ULDD,Amderma Airport,RU,Amderma,69.76329803466797,61.556400299072266,13
AMZ,NZAR,Ardmore Airport,NZ,Manurewa,-37.029701232910156,174.97300720214844,111
ANB,KANB,Anniston Regional Airport,US,Anniston,33.5882,-85.8581,612
ANC,PANC,Ted Stevens Anchorage International Airport,US,Anchorage,61.179004,-149.992561,152
AND,KAND,Anderson Regional Airport,US,Anderson,34.4945983887,-82.70939636230001,782
ANE,LFJR,Angers Marcé airport,FR,Angers,47.560299,-0.312222,194
ANF,SCFA,Andrés Sabella Gálvez International Airport,CL,Antofagasta,-23.445274,-70.445232,455
ANG,LFBU,Angoulême Brie-Champniers airport,FR,Angoulême,45.729198,0.221456,436
ANI,PANI,Aniak Airport,US,Aniak,61.581600189208984,-159.54299926757812,88
ANK,LTAD,Etimesgut Air Base,TR,Ankara,39.949798584,32.6885986328,2653
ANM,FMNH,Antsirabe Airport,MG,Antsirabe,-14.9994,50.320202,20
ANN,PANT,Annette Island Airport,US,Metlakatla,55.037663,-131.572609,119
ANR,EBAW,Antwerp International Airport (Deurne),BE,Antwerp,51.190667,4.463153,39
ANS,SPHY,Andahuaylas Airport,PE,Andahuaylas,-13.706399917602539,-73.35040283203125,11300
ANU,TAPA,V. C. Bird International Airport,AG,Osbourn,17.1367,-61.792702,62
ANV,PANV,Anvik Airport,US,Anvik,62.646702,-160.190994,291
ANX,ENAN,"Andøya Airport, Andenes",NO,Andenes,69.295193,16.139379,43
AOC,EDAC,Leipzig–Altenburg Airport,DE,Nobitz,50.981945,12.506389,640
AOE,LTBY,Hasan Polatkan Airport,TR,Eskişehir,39.811644,30.519268,2588
AOG,ZYAS,Anshan Teng'ao Airport / Anshan Air Base,CN,Anshan,41.105301,122.853996,
AOI,LIPY,Marche Airport,IT,Falconara Marittima (AN),43.616299,13.3623,49
AOJ,RJSA,Aomori Airport,JP,Aomori,40.733777,140.689477,664
AOK,LGKP,Karpathos Airport,GR,Karpathos Island,35.421398,27.146,66
AOL,SARL,Paso De Los Libres Airport,AR,Paso de los Libres,-29.6894,-57.1521,230
AOO,KAOO,Altoona Blair County Airport,US,Altoona,40.296398,-78.32,1503
AOR,WMKA,Sultan Abdul Halim Airport,MY,Alor Satar,6.189670085906982,100.39800262451172,15
AOT,LIMW,Aosta Corrado Gex Airport,IT,Saint-Christophe (AO),45.738552,7.3683,1791
APA,KAPA,Centennial Airport,US,Denver,39.57009888,-104.848999,5885
APF,KAPF,Naples Municipal Airport,US,Naples,26.1525993347,-81.7752990723,8
APG,KAPG,Phillips Army Air Field,US,Aberdeen,39.466202,-76.1688,57
API,SKAP,Gomez Nino Apiay Air Base,CO,Apiay,4.07607,-73.5627,1207
APJ,ZUPL,Ali Pulan Airport,CN,Burang Town,30.397898,81.13317,13943
APK,NTGD,Apataki Airport,PF,Apataki,-15.5736,-146.414993,8
APL,FQNP,Nampula Airport,MZ,Nampula,-15.1056,39.281799,1444
APN,KAPN,Alpena County Regional Airport,US,Alpena,45.0780983,-83.56030273,690
APO,SKLC,Antonio Roldán Betancur Airport,CO,Carepa,7.81196,-76.7164,46
APW,NSFA,Faleolo International Airport,WS,Apia,-13.83,-172.007996,58
APZ,SAHZ,Zapala Airport,AR,Zapala,-38.975498,-70.113602,3330
AQA,SBAQ,Araraquara Airport,BR,Araraquara,-21.812,-48.132999,2334
AQG,ZSAQ,Anqing Tianzhushan Airport / Anqing North Air Base,CN,Anqing,30.582199,117.050003,
AQI,OEPA,Qaisumah–Hafar Al-Batin International Airport,SA,Qaisumah,28.335726,46.127108,1174
AQJ,OJAQ,King Hussein International Airport,JO,Aqaba,29.611601,35.018101,175
AQP,SPQU,Rodríguez Ballón International Airport,PE,Arequipa,-16.340786,-71.569485,8405
ARA,KARA,Acadiana Regional Airport,US,New Iberia,30.0378,-91.883904,24
ARC,PARC,Arctic Village Airport,US,Arctic Village,68.1147,-145.578995,2092
ARD,WATM,Alor Island - Mali Airport,ID,Kabola,-8.13234,124.597,10
ARE,TJAB,Antonio Nery Juarbe Pol Airport,PR,Arecibo,18.45085,-66.675768,23
ARH,ULAA,Talagi Airport,RU,Archangelsk,64.60030364990234,40.71670150756836,62
ARI,SCAR,Chacalluta International Airport,CL,Arica,-18.348499,-70.338699,167
ARK,HTAR,Arusha Airport,TZ,Arusha,-3.3677899837493896,36.63330078125,4550
ARM,YARM,Armidale Airport,AU,Armidale,-30.528099060099997,151.617004395,3556
ARN,ESSA,Stockholm-Arlanda Airport,SE,Stockholm,59.64849,17.928829,137
ART,KART,Watertown International Airport,US,Watertown,43.991901,-76.021698,325
ARU,SBAU,Araçatuba Airport,BR,Araçatuba,-21.141479,-50.424575,1358
ARW,LRAR,Arad International Airport,RO,Arad,46.176136,21.264322,352
ARX,SBAC,Aracati Dragão do Mar Regional Airport,BR,Aracati,-4.568896,-37.805135,128
ARY,YARA,Ararat Airport,AU,Ararat,-37.309978,142.988688,1008
ASA,HHSB,Assab International Airport,ER,Assab,13.0718,42.645,46
ASB,UTAA,Ashgabat International Airport,TM,Ashgabat,37.986801,58.361,692
ASD,MYAF,Andros Town Airport,BS,Andros Town,24.697901,-77.795601,5
ASE,KASE,Aspen-Pitkin County Airport (Sardy Field),US,Aspen,39.223202,-106.869003,7820
ASF,URWA,Astrakhan Narimanovo Boris M. Kustodiev International Airport,RU,Astrakhan,46.282843,48.010511,-65
ASI,FHAW,RAF Ascension Island,SH,Cat Hill,-7.970179,-14.392744,278
ASJ,RJKA,Amami Airport,JP,Amami,28.430599212646484,129.71299743652344,27
ASK,DIYO,Yamoussoukro International Airport,CI,Yamoussoukro,6.90317,-5.36558,699
ASM,HHAS,Asmara International Airport,ER,Asmara,15.2919,38.910702,7661
ASO,HASO,Asosa Airport,ET,Asosa,10.018500328063965,34.586299896240234,5100
ASP,YBAS,Alice Springs Airport,AU,Alice Springs,-23.806588,133.903427,1789
ASR,LTAU,Kayseri Erkilet International Airport,TR,Kayseri,38.770401,35.495399,3463
AST,KAST,Astoria Regional Airport,US,Astoria,46.158000946,-123.878997803,15
ASU,SGAS,Silvio Pettirossi International Airport,PY,Asunción,-25.240156,-57.519227,292
ASV,HKAM,Amboseli Airport,KE,Ol Tukai,-2.644786,37.252922,3755
ASW,HESN,Aswan International Airport,EG,Aswan,23.961075,32.820382,650
ATA,SPHZ,Comandante FAP German Arias Graziani Airport,PE,Anta,-9.347439765930176,-77.59839630126953,9097
ATC,MYCA,Arthur's Town Airport,BS,Arthur's Town,24.6294,-75.673797,18
ATF,SEAM,Chachoán Regional Airport,EC,Ambato,-1.21207,-78.5746,8502
ATG,OPMS,Minhas Air Base,PK,Kamra,33.8690986633,72.4009017944,1023
ATH,LGAV,Athens Eleftherios Venizelos International Airport,GR,Spata-Artemida,37.936401,23.9445,308
ATK,PATQ,Atqasuk Edward Burnell Sr Memorial Airport,US,Atqasuk,70.46704,-157.436013,96
ATL,KATL,Hartsfield Jackson Atlanta International Airport,US,Atlanta,33.6367,-84.428101,1026
ATM,SBHT,Altamira Interstate Airport,BR,Altamira,-3.253144,-52.253938,368
ATQ,VIAR,Sri Guru Ram Das Ji International Airport,IN,Amritsar,31.7096,74.797302,756
ATR,GQPA,Atar International Airport,MR,Atar,20.505823,-13.043744,734
ATT,4A2,Atmautluak Airport,US,Atmautluak,60.866699,-162.272996,17
ATW,KATW,Appleton International Airport,US,Appleton,44.258515,-88.519,918
ATY,KATY,Watertown Regional Airport,US,Watertown,44.91400146,-97.15470123,1749
ATZ,HEAT,Asyut International Airport,EG,Asyut,27.045962,31.01276,748
AUA,TNCA,Queen Beatrix International Airport,AW,Oranjestad,12.501056,-70.014281,60
AUC,SKUC,Santiago Perez Airport,CO,Arauca,7.06888,-70.7369,420
AUF,LFLA,Auxerre Branches airport,FR,Auxerre,47.850201,3.49711,523
AUG,KAUG,Augusta State Airport,US,Augusta,44.320598602299995,-69.7973022461,352
AUH,OMAA,Zayed International Airport,AE,Abu Dhabi,24.440966,54.649237,88
AUK,PAUK,Alakanuk Airport,US,Alakanuk,62.682653,-164.722481,10
AUL,MH-AUL,Aur Island Airport,MH,Aur Atoll,8.14528,171.173004,
AUQ,NTMN,Hiva Oa-Atuona Airport,PF,Hiva Oa Island,-9.76879024506,-139.011001587,1481
AUR,LFLW,Aurillac airport,FR,Aurillac,44.891399,2.42194,2096
AUS,KAUS,Austin Bergstrom International Airport,US,Austin,30.197535,-97.662015,542
AUU,YAUR,Aurukun Airport,AU,Aurukun,-13.354019,141.720028,31
AUW,KAUW,Wausau Downtown Airport,US,Wausau,44.9262008667,-89.6266021729,1201
AUX,SWGN,Araguaína Airport,BR,Araguaína,-7.22787,-48.240501,771
AVA,ZUAS,Anshun Huangguoshu Airport,CN,Anshun (Xixiu),26.260556,105.873333,4812
AVB,LIPA,Aviano Air Base,IT,Aviano (PN),46.031898,12.596503,410
AVI,MUCA,Máximo Gómez Airport,CU,Ciro Redondo,22.0271,-78.789597,335
AVK,ZMAH,Arvaikheer Airport,MN,Arvaikheer,46.250301361083984,102.802001953125,5932
AVL,KAVL,Asheville Regional Airport,US,Asheville,35.435488,-82.541853,2165
AVN,LFMV,Avignon Caumont airport,FR,Avignon,43.907299,4.90183,124
AVP,KAVP,Wilkes-Barre/Scranton International Airport,US,Wilkes-Barre/Scranton,41.337064,-75.724232,962
AVV,YMAV,Melbourne Avalon International Airport,AU,Geelong/Melbourne,-38.040269,144.467196,35
AWA,HALA,Hawassa International Airport,ET,Hawassa,7.100611,38.396455,5450
AWK,PWAK,Wake Island Airfield,UM,Wake Island,19.282437,166.636637,14
AWZ,OIAW,Qasem Soleimani International Airport,IR,Ahvaz,31.3364,48.763789,66
AXA,TQPF,Clayton J. Lloyd International Airport,AI,The Valley,18.204773,-63.05383,127
AXD,LGAL,Alexandroupoli Democritus Airport,GR,Alexandroupolis,40.8559,25.956301,24
AXF,ZBAL,Alxa Left Banner Bayanhot Airport,CN,Bayanhot,38.748317,105.58416,4560
AXJ,RJDA,Amakusa Airport,JP,Amakusa,32.482498,130.158997,340
AXK,OYAT,Ataq Airport,YE,Ataq,14.5513,46.826199,3735
AXM,SKAR,El Eden Airport,CO,Armenia,4.45278,-75.7664,3990
AXN,KAXN,Chandler Field,US,Alexandria,45.866299,-95.394699,1425
AXP,MYAP,Spring Point Airport,BS,Spring Point,22.441799,-73.970901,11
AXR,NTGU,Arutua Airport,PF,,-15.248299598693848,-146.61700439453125,9
AXT,RJSK,Akita Airport,JP,Akita,39.615601,140.218994,313
AXU,HAAX,Axum Airport,ET,Axum,14.1468,38.7728,6959
AYJ,VEAY,Maharshi Valmiki International Airport,IN,Faizabad,26.747736,82.163664,335
AYO,SGAY,Aeropuerto Nacional Juan de Ayolas,PY,Ayolas,-27.378379,-56.856791,223
AYP,SPHO,Air Force Colonel Alfredo Mendivil Duarte Airport,PE,Ayacucho,-13.1548,-74.204399,8917
AYQ,YAYE,Ayers Rock Connellan Airport,AU,Yulara,-25.185913,130.97703,1626
AYT,LTAI,Antalya International Airport,TR,Antalya,36.898701,30.800501,177
AYX,SPAY,Teniente General Gerardo Pérez Pinedo Airport,PE,Atalaya,-10.7291,-73.766502,751
AZA,KIWA,Mesa Gateway Airport,US,Mesa,33.3078,-111.654999,1382
AZD,OIYY,Shahid Sadooghi Airport,IR,Yazd,31.9048995972,54.2765007019,4054
AZI,OMAD,Al Bateen Executive Airport,AE,Abu Dhabi,24.427062,54.459866,16
AZN,UZFA,Andijan International Airport,UZ,Andijan,40.727699,72.293999,1515
AZO,KAZO,Kalamazoo/Battle Creek International Airport,US,Kalamazoo,42.232105,-85.549637,874
AZR,DAUA,Touat-Cheikh Sidi Mohamed Belkebir Airport,DZ,Adrar,27.837601,-0.186414,919
AZS,MDCY,Samaná El Catey International Airport,DO,Samana,19.269259,-69.737405,30
BAB,KBAB,Beale Air Force Base,US,Beale Air Force Base,39.136101,-121.436996,113
BAD,KBAD,Barksdale Air Force Base,US,Bossier City,32.501801,-93.662697,166
BAF,KBAF,Westfield-Barnes Regional Airport,US,Westfield,42.157799,-72.715599,271
BAG,RPUB,Loakan Airport,PH,Baguio,16.375034,120.619949,4251
BAH,OBBI,Bahrain International Airport,BH,Manama,26.267295,50.63764,6
BAI,MRBA,Buenos Aires Airport,CR,Punta Arenas,9.163949,-83.330171,1214
BAL,LTCJ,Batman Airport,TR,Batman,37.929001,41.1166,1822
BAQ,SKBQ,Ernesto Cortissoz International Airport,CO,Barranquilla,10.8896,-74.7808,98
BAR,ZJQH,Qionghai Bo'ao Airport,CN,Qionghai (Basuo),19.140951,110.452766,30
BAS,AGGE,Ballalae Airport,SB,Ballalae,-6.990745,155.886656,5
BAT,SBBT,Chafei Amsei Airport,BR,Barretos,-20.584631,-48.594125,1903
BAV,ZBOW,Baotou Donghe International Airport,CN,Baotou,40.560001,109.997002,3321
BAX,UNBB,Barnaul Gherman Titov International Airport,RU,Barnaul,53.361285,83.539701,837
BAY,LRBM,Maramureș International Airport,RO,Tăuții-Măgherăuș,47.658444,23.464445,605
BAZ,SWBC,Barcelos Airport,BR,Barcelos,-0.981191,-62.918603,112
BBA,SCBA,Balmaceda Airport,CL,Balmaceda,-45.915968,-71.689499,1722
BBD,KBBD,Curtis Field,US,Brady,31.178931,-99.324732,1827
BBG,NGTU,Butaritari Airport,KI,Butaritari,3.08583,172.811005,5
BBI,VEBS,Biju Patnaik International Airport,IN,Bhubaneswar,20.251021,85.814747,138
BBK,FBKE,Kasane International Airport,BW,Kasane,-17.831653,25.166195,3289
BBM,VDBG,Battambang Airport,KH,Battambang,13.0956,103.223999,59
BBN,WBGZ,Bario Airport,MY,Bario,3.734648,115.478548,3350
BBO,HCMI,Berbera Airport,SO,Berbera,10.385035,44.936723,30
BBQ,TAPB,Burton-Nibbs International Airport,AG,Codrington,17.621194,-61.798347,28
BBR,TFFB,Basse-Terre Baillif Airport,GP,Basse-Terre,16.013648,-61.742928,59
BBS,EGLK,Blackbushe Airport,GB,"Camberley, Surrey",51.323898,-0.8475,325
BBT,FEFT,Berbérati Airport,CF,Berbérati,4.2215800285339355,15.786399841308594,1929
BBU,LRBS,Bucharest Băneasa Aurel Vlaicu International Airport,RO,Bucharest,44.503133,26.102944,297
BCA,MUBA,Gustavo Rizo Airport,CU,Baracoa,20.365299224853516,-74.5062026977539,26
BCD,RPVB,Bacolod-Silay International Airport,PH,Bacolod City,10.776237,123.018879,82
BCE,KBCE,Bryce Canyon Airport,US,Bryce Canyon,37.706401825,-112.144996643,7590
BCH,WPEC,Baucau Airport,TL,Baucau,-8.486479,126.399981,1771
BCI,YBAR,Barcaldine Airport,AU,Barcaldine,-23.566268,145.302086,878
BCL,MRBC,Barra del Colorado Airport,CR,Pococi,10.7687,-83.585602,3
BCM,LRBC,Bacău George Enescu International  Airport,RO,Bacău,46.5219,26.910299,607
BCN,LEBL,Josep Tarradellas Barcelona-El Prat Airport,ES,Barcelona,41.2971,2.07846,12
BCO,HABC,Jinka Airport,ET,Jinka,5.749655,36.560165,4475
BCQ,LY-BCQ,Brak Airport,LY,Brak,27.653,14.272,1056
BCT,KBCT,Boca Raton Airport,US,Boca Raton,26.3785,-80.107697,13
BCU,DNBC,Sir Abubakar Tafawa Balewa Bauchi State International Airport,NG,Bauchi,10.482833,9.744,1965
BCW,BCW,Benguera Island Airport,MZ,Benguera Island,-21.8533,35.438301,
BDA,TXKF,L.F. Wade International Airport,BM,Hamilton,32.363802,-64.67824,12
BDB,YBUD,Bundaberg Airport,AU,Bundaberg,-24.905039,152.322612,107
BDD,YBAU,Badu Island Airport,AU,Badu Island,-10.14955,142.173665,14
BDE,KBDE,Baudette International Airport,US,Baudette,48.728401,-94.612198,1086
BDH,OIBL,Bandar Lengeh International Airport,IR,Bandar Lengeh,26.532283,54.82484,67
BDJ,WAOO,Syamsudin Noor International Airport,ID,Banjarbaru,-3.440112,114.761209,66
BDL,KBDL,Bradley International Airport,US,Hartford,41.938555,-72.688016,173
BDM,LTBG,Bandırma Airport,TR,Bandırma,40.318001,27.977699,170
BDO,WICC,Husein Sastranegara International Airport,ID,Bandung,-6.90063,107.575996,2436
BDP,VNCG,Bhadrapur Airport,NP,Bhadrapur,26.5708007812,88.07959747310001,300
BDQ,VABO,Vadodara International Airport,IN,Vadodara,22.336201,73.226303,129
BDR,KBDR,Igor I Sikorsky Memorial Airport,US,Bridgeport,41.163502,-73.126198,9
BDS,LIBR,Brindisi Airport,IT,Brindisi,40.6576,17.947001,47
BDT,FZFD,Gbadolite Airport,CD,Gbadolite,4.252745,20.975271,1509
BDU,ENDU,Bardufoss Airport,NO,Målselv,69.055801,18.5404,252
BEB,EGPL,Benbecula Airport,GB,Balivanich,57.481098,-7.36278,19
BED,KBED,Laurence G Hanscom Field,US,Bedford,42.470001,-71.289001,133
BEF,MNBL,Bluefields Airport,NI,Bluefields,11.991,-83.774101,20
BEG,LYBE,Belgrade Nikola Tesla Airport,RS,Belgrade,44.818401,20.309099,335
BEJ,WAQT,Kalimarau Airport,ID,Tanjung Redeb - Borneo Island,2.14776,117.430705,59
BEK,VIBY,Bareilly Air Force Station,IN,Bareilly,28.4221,79.450798,580
BEL,SBBE,Val de Cans/Júlio Cezar Ribeiro International Airport,BR,Belém,-1.379279,-48.476207,54
BEM,GMMD,Beni Mellal Airport,MA,Oulad Yaich,32.401895,-6.315905,1694
BEN,HLLB,Benina International Airport,LY,Benina,32.096802,20.269501,433
BEP,VOBI,Bellary Airport,IN,Bellary,15.162799835205078,76.88279724121094,30
BEQ,EGXH,RAF Honington,GB,"Bury Saint Edmunds, Suffolk",52.342602,0.772939,174
BER,EDDB,Berlin Brandenburg Airport,DE,Berlin,52.361738,13.502341,157
BES,LFRB,Brest Bretagne airport,FR,Brest,48.447899,-4.41854,325
BET,PABE,Bethel Airport,US,Bethel,60.77980042,-161.8379974,126
BEU,YBIE,Bedourie Airport,AU,Bedourie,-24.3461,139.460007,300
BEW,FQBR,Beira International Airport,MZ,Beira,-19.7964,34.9076,33
BEX,EGUB,RAF Benson,GB,"Wallingford, Oxfordshire",51.614366,-1.095991,226
BEY,OLBA,Beirut Rafic Hariri International Airport,LB,Beirut,33.819833,35.487443,87
BFD,KBFD,Bradford Regional Airport,US,Bradford,41.8031005859375,-78.64009857177734,2143
BFE,EDLI,Bielefeld Airport,DE,Bielefeld,51.964722,8.544444,454
BFF,KBFF,Western Neb. Rgnl/William B. Heilig Airport,US,Scottsbluff,41.87400055,-103.5960007,3967
BFH,SBBI,Bacacheri Airport,BR,Curitiba,-25.4051,-49.231998,3057
BFI,KBFI,King County International Airport - Boeing Field,US,Seattle,47.527042,-122.29995,21
BFJ,ZUBJ,Bijie Feixiong Airport,CN,Bijie,27.267066,105.472097,4751
BFK,KBKF,Buckley Space Force Base,US,Aurora,39.701698,-104.751999,5662
BFL,KBFL,Meadows Field,US,Bakersfield,35.433601,-119.056999,510
BFM,KBFM,Mobile Downtown Airport,US,Mobile,30.626800537100003,-88.06809997559999,26
BFN,FABL,Bram Fischer International Airport,ZA,Bloemfontein,-29.092699,26.302401,4457
BFO,FVCZ,Buffalo Range Airport,ZW,Chiredzi,-21.008101,31.5786,1421
BFP,KBVI,Beaver County Airport,US,Beaver Falls,40.772499,-80.391403,1253
BFQ,MPPI,Bahia Piña Airport,PA,Puerto Piña,7.58737,-78.179939,14
BFS,EGAA,Belfast International Airport,GB,Belfast,54.6575012207,-6.2158298492399995,268
BFU,ZSBB,Bengbu Renheji Airport,CN,Bengbu,32.847733,117.320244,100
BFV,VTUO,Buri Ram Airport,TH,Buriram,15.2295,103.252998,590
BFX,FKKU,Bafoussam Airport,CM,Bafoussam,5.536920070650001,10.354599952700001,4347
BFY,ZSBA,Bengbu Tenghu Airport,CN,Bengbu,33.166292,117.058344,
BGA,SKBG,Palonegro Airport,CO,Bucaramanga,7.1265,-73.1848,3897
BGC,LPBG,Bragança Airport,PT,Bragança,41.8578,-6.70713,2241
BGF,FEFF,Bangui M'Poko International Airport,CF,Bangui,4.39848,18.518801,1208
BGG,LTCU,Bingöl Airport,TR,Bingöl,38.860131,40.594489,3506
BGI,TBPB,Grantley Adams International Airport,BB,Bridgetown,13.074667,-59.491034,169
BGK,MZBG,Big Creek Airport,BZ,Big Creek,16.519369,-88.407913,22
BGM,KBGM,Greater Binghamton/Edwin A Link field,US,Binghamton,42.20869827,-75.97979736,1636
BGN,UESG,Belaya Gora Airport,RU,Belaya Gora,68.556227,146.22784,118
BGO,ENBR,"Bergen Airport, Flesland",NO,Bergen,60.2934,5.21814,170
BGR,KBGR,Bangor International Airport,US,Bangor,44.806364,-68.826668,192
BGW,ORBI,Baghdad International Airport / New Al Muthana Air Base,IQ,Baghdad,33.262501,44.2346,114
BGX,SBBG,Comandante Gustavo Kraemer Airport,BR,Bagé,-31.390499,-54.112202,600
BGY,LIME,Il Caravaggio International Airport,IT,Orio al Serio (BG),45.669362,9.708851,782
BHB,KBHB,Hancock County-Bar Harbor Airport,US,Bar Harbor,44.45000076,-68.3615036,83
BHD,EGAC,George Best Belfast City Airport,GB,Belfast,54.618099,-5.8725,15
BHE,NZWB,Woodbourne Airport,NZ,Blenheim,-41.5182991027832,173.8699951171875,109
BHH,OEBH,Bisha Airport,SA,Bisha,19.9844,42.620899,3887
BHI,SAZB,Comandante Espora Airport,AR,Bahía Blanca,-38.725,-62.1693,246
BHJ,VABJ,Bhuj Airport,IN,Bhuj,23.2877998352,69.6701965332,268
BHK,UZSB,Bukhara International Airport,UZ,Bukhara,39.775319,64.482279,751
BHM,KBHM,Birmingham-Shuttlesworth International Airport,US,Birmingham,33.562877,-86.750712,650
BHO,VABP,Raja Bhoj International Airport,IN,Bhopal,23.2875,77.337402,1711
BHQ,YBHI,Broken Hill Airport,AU,Broken Hill,-32.0013999939,141.472000122,958
BHR,VNBP,Bharatpur Airport,NP,Bharatpur,27.678101,84.429398,600
BHS,YBTH,Bathurst Airport,AU,Bathurst,-33.406817,149.651161,2435
BHU,VABV,Bhavnagar Airport,IN,Bhavnagar,21.752199173,72.1852035522,44
BHV,OPBW,Bahawalpur Airport,PK,Bahawalpur,29.348100662231445,71.71800231933594,392
BHX,EGBB,Birmingham Airport,GB,"Birmingham, West Midlands",52.453899,-1.74803,327
BHY,ZGBH,Beihai Fucheng Airport,CN,Beihai,21.538659,109.293683,75
BIA,LFKB,Bastia-Poretta International airport,FR,Bastia,42.5527,9.48373,26
BID,KBID,Block Island State Airport,US,Block Island,41.168446,-71.578631,108
BIF,KBIF,Biggs Army Air Field (Fort Bliss),US,Fort Bliss/El Paso,31.84950066,-106.3799973,3946
BIG,PABI,Allen Army Airfield,US,Delta Junction Ft Greely,63.994499,-145.722,1291
BIH,KBIH,Eastern Sierra Regional Airport,US,Bishop,37.3731,-118.363998,4124
BIK,WABB,Frans Kaisiepo Airport,ID,Biak,-1.19002,136.108002,46
BIL,KBIL,Billings Logan International Airport,US,Billings,45.808932,-108.541242,3652
BIM,MYBS,South Bimini Airport,BS,South Bimini,25.6998996735,-79.2647018433,10
BIO,LEBB,Bilbao Airport,ES,Bilbao,43.301102,-2.91061,138
BIQ,LFBZ,Biarritz Pays Basque airport,FR,Biarritz,43.468372,-1.523223,245
BIR,VNVT,Biratnagar Airport,NP,Biratnagar,26.48150062561035,87.26399993896484,236
BIS,KBIS,Bismarck Municipal Airport,US,Bismarck,46.772734,-100.746874,1661
BIU,BIBD,Bildudalur Airport,IS,Bildudalur,65.641296,-23.5462,18
BIX,KBIX,Keesler Air Force Base,US,Biloxi,30.4104003906,-88.92440032959999,33
BIY,FABE,Bisho Airport,ZA,Bisho,-32.897099,27.2791,1950
BJA,DAAE,Soummam–Abane Ramdane Airport,DZ,Béjaïa,36.712547,5.069909,20
BJB,OIMN,Bojnord Airport,IR,Bojnord,37.49300003051758,57.30820083618164,3499
BJC,KBJC,Rocky Mountain Metropolitan Airport,US,Denver,39.908798,-105.116997,5673
BJF,ENBS,Båtsfjord Airport,NO,Båtsfjord,70.60025,29.692612,490
BJI,KBJI,Bemidji Regional Airport,US,Bemidji,47.50939941,-94.93370056,1391
BJL,GBYD,Banjul International Airport,GM,Banjul (Yundum),13.338,-16.652201,95
BJM,HBBA,Bujumbura Melchior Ndadaye International Airport,BI,Bujumbura,-3.32402,29.318501,2582
BJO,SLBJ,Bermejo Airport,BO,Bermejo,-22.7733001709,-64.31289672850001,1249
BJR,HABD,Bahir Dar Airport,ET,Bahir Dar,11.6081,37.321602,5978
BJV,LTFE,Milas Bodrum International Airport,TR,Bodrum,37.249314,27.66401,21
BJX,MMLO,Guanajuato International Airport,MX,Silao,20.992695,-101.480284,5956
BJY,LYBT,Batajnica Air Base,RS,Zemun,44.935299,20.2575,265
BJZ,LEBZ,Badajoz Airport,ES,Badajoz,38.8913,-6.82133,609
BKA,UNIB,Baykit Airport,RU,Baykit,61.676701,96.355003,853
BKB,VIBK,Nal Airport,IN,Bikaner,28.070601,73.207199,750
BKC,PABL,Buckland Airport,US,Buckland,65.981598,-161.149002,31
BKE,KBKE,Baker City Municipal Airport,US,Baker City,44.837299346900004,-117.808998108,3373
BKG,KBBG,Branson Airport,US,Branson,36.532082,-93.200544,1302
BKH,PHBK,Barking Sands Airport,US,Kekaha,22.0228,-159.785004,23
BKI,WBKK,Kota Kinabalu International Airport,MY,Kota Kinabalu,5.932743,116.049324,10
BKK,VTBS,Suvarnabhumi Airport,TH,Bangkok,13.6811,100.747002,5
BKL,KBKL,Burke Lakefront Airport,US,Cleveland,41.51750183105469,-81.68329620361328,583
BKM,WBGQ,Bakalalan Airport,MY,Bakalalan,3.974,115.617996,2900
BKN,UTAN,Balkanabat International Airport,TM,Balkanabat,39.681052,54.206008,-26
BKO,GABS,Modibo Keita International Airport,ML,Bamako,12.5335,-7.94994,1247
BKQ,YBCK,Blackall Airport,AU,Blackall,-24.431678,145.429716,928
BKS,WIGG,Fatmawati Soekarno Airport,ID,Bengkulu,-3.8637,102.338997,50
BKW,KBKW,Raleigh County Memorial Airport,US,Beaver,37.7873,-81.124199,2504
BKY,FZMA,Bukavu Kavumu Airport,CD,Kamakombe,-2.30898,28.8088,5643
BKZ,HTBU,Bukoba Airport,TZ,Bukoba,-1.332,31.8212,3784
BLA,SVBC,General José Antonio Anzoategui International Airport,VE,Barcelona,10.111111,-64.692222,30
BLB,MPPA,Panamá Pacífico International Airport,PA,Panamá City,8.91479,-79.599602,52
BLD,KBVU,Boulder City Municipal Airport,US,Boulder City,35.947161,-114.858799,2201
BLE,ESSD,Dala Airport,SE,Borlange,60.422001,15.5152,503
BLF,KBLF,Mercer County Airport,US,Bluefield,37.295799,-81.207703,2857
BLH,KBLH,Blythe Airport,US,Blythe,33.6192016602,-114.717002869,399
BLI,KBLI,Bellingham International Airport,US,Bellingham,48.79280090332031,-122.53800201416016,170
BLJ,DABT,Batna Mostefa Ben Boulaid Airport,DZ,Batna,35.752102,6.30859,2697
BLK,EGNH,Blackpool Airport,GB,Blackpool,53.771702,-3.02861,34
BLL,EKBI,Billund Airport,DK,Billund,55.740335,9.157019,247
BLN,YBLA,Benalla Airport,AU,Benalla,-36.551899,146.007004,569
BLQ,LIPE,Bologna Guglielmo Marconi Airport,IT,Bologna,44.5354,11.2887,123
BLR,VOBL,Kempegowda International Airport Bengaluru,IN,Bengaluru,13.1979,77.706299,3000
BLT,YBTR,Blackwater Airport,AU,,-23.6031,148.807007,657
BLV,KBLV,Scott AFB/Midamerica Airport,US,Belleville,38.5452,-89.835197,459
BLW,HCMN,Beledweyne Airport,SO,Beledweyne,4.766976,45.2388,559
BLZ,FWCL,Chileka International Airport,MW,Blantyre,-15.677189,34.972319,2555
BMA,ESSB,Stockholm-Bromma Airport,SE,Stockholm,59.354401,17.9417,47
BME,YBRM,Broome International Airport,AU,Broome,-17.949194,122.2283,56
BMG,KBMG,Monroe County Airport,US,Bloomington,39.145999908447266,-86.61669921875,846
BMI,KBMI,Central Illinois Regional Airport at Bloomington-Normal,US,Bloomington/Normal,40.4771,-88.915901,871
BMK,EDWR,Borkum Airport,DE,Borkum,53.59639,6.709167,3
BMM,FOOB,Bitam Airport,GA,Bitam,2.07564,11.4932,1969
BMO,VYBM,Banmaw Airport,MM,Banmaw,24.27044,97.2476,370
BMR,EDWZ,Baltrum Airport,DE,Baltrum,53.72485,7.373257,7
BMU,WADB,Sultan Muhammad Salahuddin Airport,ID,Bima,-8.537184,118.685002,3
BMV,VVBM,Buon Ma Thuot Airport,VN,Buon Ma Thuot,12.668299675,108.120002747,1729
BMW,DATM,Bordj Badji Mokhtar Airport,DZ,Bordj Badji Mokhtar,21.3778,0.92698,1303
BMY,NWWC,Île Art - Waala Airport,NC,Waala,-19.720521,163.661077,306
BNA,KBNA,Nashville International Airport,US,Nashville,36.1245,-86.6782,599
BNB,FZGN,Boende Airport,CD,Boende,-0.286652,20.883551,1168
BND,OIKB,Bandar Abbas International Airport,IR,Bandar Abbas,27.2183,56.3778,22
BNE,YBBN,Brisbane International Airport,AU,Brisbane,-27.384199142456055,153.11700439453125,13
BNI,DNBE,Benin Airport,NG,Benin,6.316979885101318,5.5995001792907715,258
BNK,YBNA,Ballina Byron Gateway Airport,AU,Ballina,-28.833236,153.561471,7
BNN,ENBN,"Brønnøysund Airport, Brønnøy",NO,Brønnøy,65.461098,12.2175,25
BNO,KBNO,Burns Municipal Airport,US,Burns,43.590463,-118.955154,4148
BNS,SVBI,Barinas Airport,VE,Barinas,8.615,-70.214167,615
BNX,LQBK,Banja Luka International Airport,BA,Mahovljani,44.941399,17.297501,400
BNY,AGGB,Bellona/Anua Airport,SB,Anua,-11.302222222200001,159.798333333,60
BOB,NTTB,Bora Bora Airport,PF,Motu Mute,-16.444400787353516,-151.75100708007812,10
BOC,MPBO,"Bocas del Toro ""Isla Colón"" International Airport",PA,Isla Colón,9.34085,-82.250801,10
BOD,LFBD,Bordeaux–Mérignac Airport,FR,Bordeaux,44.82865,-0.715356,162
BOG,SKBO,El Dorado International Airport,CO,Bogota,4.70159,-74.1469,8361
BOH,EGHH,Bournemouth Airport,GB,Bournemouth,50.780483,-1.839576,38
BOI,KBOI,Boise Air Terminal/Gowen Field,US,Boise,43.5644,-116.223,2871
BOJ,LBBG,Burgas Airport,BG,Burgas,42.569917,27.515173,135
BOM,VABB,Chhatrapati Shivaji Maharaj International Airport,IN,Mumbai,19.088699,72.867897,39
BON,TNCB,Flamingo International Airport,BQ,Kralendijk,12.131,-68.268501,20
BOO,ENBO,Bodø Airport,NO,Bodø,67.269203,14.3653,42
BOR,VLBK,Bokeo International Airport,LA,Ton Phueng,20.323986,100.165392,1175
BOS,KBOS,Boston Logan International Airport,US,Boston,42.36197,-71.0079,20
BOT,AYET,Bosset Airport,PG,Bosset,-7.237257,141.1063222,80
BOU,LFLD,Bourges airport,FR,Bourges,47.060158,2.369633,529
BOY,DFOO,Bobo Dioulasso Airport,BF,Bobo Dioulasso,11.1601,-4.33097,1511
BPC,FKKV,Bamenda Airport,CM,Bamenda,6.03924,10.1226,4065
BPE,ZBDH,Qinhuangdao Beidaihe Airport,CN,Qinhuangdao (Changli),39.666384,119.061384,46
BPG,SBBW,Barra do Garças Airport,BR,Barra do Garças,-15.861417,-52.389008,1147
BPH,RPMF,Bislig Airport,PH,Bislig,8.195052,126.321015,12
BPI,KBPI,Miley Memorial Field,US,Big Piney,42.58509827,-110.1110001,6990
BPL,ZWBL,Bole Alashankou Airport,CN,Bole,44.895461,82.30007,1253
BPM,VOHY,Begumpet Airport,IN,Hyderabad,17.4531,78.467598,1742
BPN,WALL,Sultan Aji Muhammad Sulaiman Sepinggan International Airport,ID,Balikpapan,-1.268342,116.89452,12
BPS,SBPS,Porto Seguro International Airport,BR,Porto Seguro,-16.438426,-39.080584,169
BPT,KBPT,Jack Brooks Regional Airport,US,Beaumont/Port Arthur,29.9508,-94.020699,15
BPX,ZUBD,Qamdo Bangda Airport,CN,Bangda,30.553600311279297,97.1082992553711,14219
BPY,FMNQ,Besalampy Airport,MG,Besalampy,-16.74453,44.482484,125
BQA,RPUR,Dr. Juan C. Angara Airport,PH,Baler,15.729309,121.500034,108
BQB,YBLN,Busselton Margaret River Regional Airport,AU,Busselton,-33.687222,115.400278,55
BQG,UHNB,Bogorodskoye Airport,RU,Bogorodskoye,52.381041,140.449378,150
BQH,EGKB,London Biggin Hill Airport,GB,London,51.33079910279999,0.0324999988079,598
BQJ,UEBB,Batagay Airport,RU,Batagay,67.648003,134.695007,696
BQK,KBQK,Brunswick Golden Isles Airport,US,Brunswick,31.258801,-81.466499,26
BQL,YBOU,Boulia Airport,AU,,-22.913299560546875,139.89999389648438,542
BQN,TJBQ,Rafael Hernández International Airport,PR,Aguadilla,18.4949,-67.129402,237
BQS,UHBB,Ignatyevo Airport,RU,Blagoveschensk,50.426723,127.415502,638
BQT,UMBB,Brest International Airport,BY,Brest,52.108138,23.89676,468
BQU,TVSB,J F Mitchell Airport,VC,Bequia,12.9884,-61.262001,15
BRA,SNBR,Dom Ricardo Weberberger Airport,BR,Barreiras,-12.0789,-45.008999,2451
BRC,SAZS,Teniente Luis Candelaria International Airport,AR,San Carlos de Bariloche,-41.151199,-71.157501,2774
BRD,KBRD,Brainerd Lakes Regional Airport,US,Brainerd,46.402861,-94.129727,1232
BRE,EDDW,Bremen Airport,DE,Bremen,53.046786,8.78932,14
BRI,LIBD,Bari Karol Wojtyła International Airport,IT,Bari,41.138901,16.760599,193
BRK,YBKE,Bourke Airport,AU,,-30.039199829101562,145.95199584960938,352
BRL,KBRL,Southeast Iowa Regional Airport,US,Burlington,40.783199310302734,-91.12550354003906,698
BRM,SVBM,Jacinto Lara International Airport,VE,Barquisimeto,10.042747,-69.35862,2042
BRN,LSZB,Bern Airport,CH,Bern,46.912736,7.498819,1671
BRO,KBRO,Brownsville South Padre Island International Airport,US,Brownsville,25.907238,-97.425235,22
BRQ,LKTB,Brno-Tuřany Airport,CZ,Brno,49.151276,16.693972,778
BRR,EGPR,Barra Airport,GB,Eoligarry,57.0228,-7.44306,5
BRS,EGGD,Bristol Airport,GB,Bristol,51.382326,-2.716453,622
BRT,YBTI,Bathurst Island Airport,AU,Wurrumiyanga,-11.764966,130.615774,67
BRU,EBBR,Brussels Airport,BE,Zaventem,50.901402,4.48444,175
BRW,PABR,Wiley Post Will Rogers Memorial Airport,US,Utqiaġvik,71.285402,-156.766008,44
BRX,MDBH,Maria Montez International Airport,DO,Barahona,18.25149917602539,-71.12039947509766,10
BSA,HCMF,Bender Qassim International Airport,SO,Bosaso,11.275235,49.139231,3
BSB,SBBR,Presidente Juscelino Kubitschek International Airport,BR,Brasília,-15.869167,-47.920834,3497
BSC,SKBS,José Celestino Mutis Airport,CO,Bahía Solano,6.20292,-77.3947,80
BSD,ZPBS,Baoshan Yunrui Airport,CN,Baoshan (Longyang),25.053301,99.168297,5453
BSG,FGBT,Bata International Airport,GQ,Bata,1.90547,9.80568,13
BSJ,YBNS,Bairnsdale Airport,AU,Bairnsdale,-37.887539,147.569379,165
BSK,DAUB,Biskra - Mohamed Khider Airport,DZ,Biskra,34.79318,5.738899,289
BSL,LFSB,EuroAirport Basel–Mulhouse–Freiburg,FR,Bâle / Mulhouse,47.60068,7.521117,885
BSO,RPUO,Basco Airport,PH,Basco,20.4513,121.980003,291
BSR,ORMM,Basra International Airport,IQ,Basra,30.549101,47.662102,11
BSX,VYPN,Pathein Airport,MM,Pathein,16.815201,94.7799,20
BSZ,UCFM,Manas International Airport,KG,Bishkek,43.061298,74.4776,2058
BTC,VCCB,Batticaloa International Airport,LK,Batticaloa,7.705073,81.677163,20
BTH,WIDD,Hang Nadim International Airport,ID,Batam,1.12103,104.119003,126
BTI,PABA,Barter Island Long Range Radar Station Airport,US,Barter Island,70.134003,-143.582001,2
BTJ,WITT,Sultan Iskandar Muda International Airport,ID,Banda Aceh,5.525087,95.41997,65
BTK,UIBB,Bratsk Airport,RU,Bratsk,56.3696,101.701822,1610
BTL,KBTL,Battle Creek Executive Airport at Kellogg Field,US,Battle Creek,42.307301,-85.251503,952
BTM,KBTM,Bert Mooney Airport,US,Butte,45.95479965209961,-112.49700164794922,5550
BTR,KBTR,Baton Rouge Metropolitan Airport,US,Baton Rouge,30.533199,-91.149597,70
BTS,LZIB,M. R. Štefánik Airport,SK,Bratislava,48.1702,17.2127,436
BTT,PABT,Bettles Airport,US,Bettles,66.913902,-151.529007,647
BTU,WBGB,Bintulu Airport,MY,Bintulu,3.12385010719,113.019996643,74
BTV,KBTV,Patrick Leahy Burlington International Airport,US,Burlington,44.471901,-73.153297,335
BTW,WAOC,Bersujud Airport,ID,Batu Licin,-3.41241,115.995003,3
BTZ,VTSY,Betong International Airport,TH,Betong,5.79,101.15,785
BUA,AYBK,Buka Airport,PG,Buka Island,-5.422299,154.672698,11
BUC,YBKT,Burketown Airport,AU,,-17.748600006103516,139.53399658203125,21
BUD,LHBP,Budapest Liszt Ferenc International Airport,HU,Budapest,47.43018,19.262393,495
BUF,KBUF,Buffalo Niagara International Airport,US,Buffalo,42.940498,-78.732201,728
BUG,FNBG,Benguela Airport,AO,Benguela,-12.609,13.4037,118
BUI,WAVB,Bokondini Airport,ID,Bokondini,-3.68455,138.677437,4550
BUJ,DAAD,Bou Saada Airport,DZ,Ouled Sidi Brahim,35.3325,4.20639,1506
BUN,SKBU,Gerardo Tobar López Airport,CO,Buenaventura,3.81963,-76.9898,48
BUP,VIBT,Bhatinda Air Force Station,IN,,30.2701,74.755798,662
BUQ,FVJN,Joshua Mqabuko Nkomo International Airport,ZW,Bulawayo,-20.016284,28.622897,4359
BUR,KBUR,Hollywood Burbank/Bob Hope Airport,US,Burbank,34.202834,-118.35805,778
BUS,UGSB,Alexander Kartveli Batumi International Airport,GE,Batumi,41.60939,41.600315,105
BUT,VQBT,Bathpalathang Airport,BT,Jakar,27.5622,90.7471,8485
BUU,WIJB,Muara Bungo Airport,ID,Muara Bungo,-1.541635,102.181613,192
BUX,FZKA,Bunia Airport,CD,Bunia,1.565743,30.220685,4045
BUZ,OIBB,Bushehr Airport,IR,Bushehr,28.9447994232,50.8345985413,68
BVA,LFOB,Beauvais-Tillé airport,FR,Beauvais,49.454399,2.11278,359
BVB,SBBV,Atlas Brasil Cantanhede International Airport,BR,Boa Vista,2.84615,-60.690648,276
BVC,GVBA,Aristides Pereira International Airport,CV,Rabil,16.136499,-22.888901,69
BVE,LFSL,Brive Souillac airport,FR,Brive,45.039722,1.485556,1016
BVG,ENBV,Berlevåg Airport,NO,Berlevåg,70.871517,29.034097,42
BVH,SBVH,Brigadeiro Camarão Airport,BR,Vilhena,-12.6944,-60.098301,2018
BVI,YBDV,Birdsville Airport,AU,,-25.897499084472656,139.34800720214844,159
BVJ,USDB,Bovanenkovo Airport,RU,Bovanenkovo,70.315278,68.333611,24
BVS,SNVS,Breves Airport,BR,Breves,-1.63653,-50.4436,98
BVY,KBVY,Beverly Regional Airport,US,Beverly / Danvers,42.584202,-70.916496,107
BWA,VNBW,Gautam Buddha International Airport,NP,Siddharthanagar (Bhairahawa),27.504636,83.410381,358
BWE,EDVE,Braunschweig-Wolfsburg Airport,DE,Braunschweig,52.319199,10.5561,295
BWF,EGNL,Barrow Walney Island Airport,GB,Barrow-in-Furness,54.1286111,-3.2675,173
BWG,KBWG,Bowling Green Warren County Regional Airport,US,Bowling Green,36.964500427199994,-86.41970062259999,547
BWH,WMKB,RMAF Butterworth Air Base,MY,Butterworth,5.46592,100.390999,11
BWI,KBWI,Baltimore/Washington International Thurgood Marshall Airport,US,Baltimore,39.1754,-76.668297,146
BWK,LDSB,Brač Airport,HR,Gornji Humac,43.284454,16.678362,1776
BWN,WBSB,Brunei International Airport,BN,Bandar Seri Begawan,4.9442,114.928001,73
BWO,UWSB,Balakovo Airport,RU,Balakovo,51.858299,47.745602,95
BWQ,YBRW,Brewarrina Airport,AU,,-29.975792,146.81438,414
BWT,YWYY,Wynyard Airport,AU,Burnie,-40.997039,145.726,62
BWU,YSBK,Sydney Bankstown Airport,AU,Sydney,-33.923618,150.990792,29
BWX,WADY,Banyuwangi Airport,ID,"Rogojampi, Banyuwangi",-8.31015,114.3401,112
BXB,WASO,Babo Airport,ID,Babo,-2.53224,133.438995,10
BXE,GOTB,Bakel Airport,SN,Bakel,14.847299575805664,-12.468299865722656,98
BXG,YBDG,Bendigo Airport,AU,,-36.739399,144.330002,705
BXH,UAAH,Balkhash Airport,KZ,Balkhash,46.894246,75.004533,1446
BXR,OIKM,Bam Airport,IR,Bam,29.0842,58.450001,3231
BXT,WALC,LNG Badak Airport,ID,Bontang-Borneo Island,0.121656,117.476558,49
BXU,RPME,Bancasi Airport,PH,Butuan,8.9515,125.4788,141
BXY,UAOL,Baikonur Krayniy International Airport,KZ,Baikonur,45.621994,63.210773,317
BYC,SLYA,Yacuiba Airport,BO,Yacuíba,-21.960899353027344,-63.65169906616211,2112
BYH,KBYH,Arkansas International Airport,US,Blytheville,35.9642982483,-89.94400024410001,254
BYI,KBYI,Burley Municipal Airport,US,Burley,42.542598724399994,-113.772003174,4150
BYJ,LPBJ,Beja Airport / Airbase,PT,Beja,38.078899,-7.9324,636
BYK,DIBK,Bouaké Airport,CI,Bouaké,7.7388,-5.07367,1230
BYM,MUBY,Carlos Manuel de Cespedes Airport,CU,Bayamo,20.3964,-76.621399,203
BYN,ZMBH,Bayankhongor Airport,MN,Bayankhongor,46.1633,100.704002,6085
BYO,SBDB,Bonito Airport,BR,Bonito,-21.2473,-56.452399,1180
BYR,EKLS,Læsø Airport,DK,Læsø,57.277199,11.0001,25
BYS,KBYS,Bicycle Lake Army Air Field,US,Fort Irwin/Barstow,35.2804985046,-116.629997253,2350
BYU,EDQD,Bayreuth Airport,DE,Bindlach,49.985001,11.64,1601
BYW,38WA,Blakely Island Airport,US,Blakely Island,48.579162,-122.823844,66
BZB,BZB,Bazaruto Island Airport,MZ,Bazaruto Island,-21.5411,35.4729,
BZC,SBBZ,Umberto Modiano Airport,BR,Cabo Frio,-22.770881,-41.96308,10
BZD,YBRN,Balranald Airport,AU,,-34.624834,143.577114,210
BZE,MZBZ,Philip S. W. Goldson International Airport,BZ,Belize City,17.539951,-88.303556,15
BZG,EPBY,Ignacy Jan Paderewski Bydgoszcz Airport,PL,Bydgoszcz,53.096802,17.977699,235
BZI,LTBF,Balıkesir Airport,TR,Balıkesir,39.619301,27.926001,340
BZK,UUBP,Bryansk International Airport,RU,Bryansk,53.214403,34.175965,663
BZL,VGBR,Barisal Airport,BD,Barisal,22.801001,90.301201,23
BZN,KBZN,Bozeman Yellowstone International Airport,US,Bozeman,45.778853,-111.153711,4473
BZO,LIPB,Bolzano Airport,IT,Bolzano (BZ),46.459245,11.326125,789
BZR,LFMU,Béziers Vias airport,FR,Béziers,43.323502,3.3539,56
BZU,FZKJ,Buta Zega Airport,CD,Buta,2.818058,24.793997,1378
BZV,FCBB,Maya-Maya International Airport,CG,Brazzaville,-4.2517,15.253,1048
BZX,ZUBZ,Bazhong Enyang Airport,CN,Bazhong,31.73842,106.644872,1804
BZY,LUBL,Bălți-Leadoveni International Airport,MD,Bălți,47.837666,27.781108,758
BZZ,EGVN,RAF Brize Norton,GB,"Carterton, Oxfordshire",51.75,-1.58362,288
CAB,FNCA,Cabinda Airport,AO,Cabinda,-5.59839,12.188145,66
CAC,SBCA,Coronel Adalberto Mendes da Silva Airport,BR,Cascavel,-25.000323,-53.501208,2481
CAE,KCAE,Columbia Metropolitan Airport,US,Columbia,33.938172,-81.123022,236
CAF,SWCA,Carauari Airport,BR,Carauari,-4.871473,-66.897552,355
CAG,LIEE,Cagliari Elmas Airport,IT,Cagliari,39.251499,9.05428,13
CAH,VVCM,Cà Mau Airport,VN,Ca Mau City,9.177667,105.177778,6
CAI,HECA,Cairo International Airport,EG,Cairo,30.111534,31.396694,322
CAJ,SVCN,Canaima Airport,VE,Canaima,6.231989,-62.85485,1450
CAK,KCAK,Akron Canton Regional Airport,US,Akron,40.916099548339844,-81.44219970703125,1228
CAL,EGEC,Campbeltown Airport,GB,Campbeltown,55.437199,-5.68639,42
CAN,ZGGG,Guangzhou Baiyun International Airport,CN,Guangzhou (Huadu),23.392401,113.299004,50
CAP,MTCH,Cap Haitien International Airport,HT,Cap Haitien,19.725547,-72.20071,10
CAQ,SKCU,Juan H White Airport,CO,Caucasia,7.96847,-75.1985,174
CAR,KCAR,Caribou Municipal Airport,US,Caribou,46.871498,-68.017899,626
CAT,LPCS,Cascais Airport,PT,Cascais,38.724998,-9.35523,325
CAU,SNRU,Caruaru Airport,BR,Caruaru,-8.28239,-36.0135,1891
CAW,SBCP,Bartolomeu Lisandro Airport,BR,Campos dos Goytacazes,-21.698299,-41.301701,59
CAX,EGNC,Carlisle Lake District Airport,GB,"Carlisle, Cumbria",54.9375,-2.80917,190
CAY,SOCA,Cayenne – Félix Eboué Airport,GF,Matoury,4.819964,-52.361326,26
CAZ,YCBA,Cobar Airport,AU,,-31.538299560546875,145.79400634765625,724
CBB,SLCB,Jorge Wilsterman International Airport,BO,Cochabamba,-17.421105,-66.177102,8360
CBD,VOCX,Car Nicobar Air Force Base,IN,IAF Camp,9.153056,92.819273,5
CBG,EGSC,Cambridge City Airport,GB,"Cambridge, Cambridgeshire",52.205002,0.175,47
CBH,DAOR,Béchar Boudghene Ben Ali Lotfi Airport,DZ,Béchar,31.645700454711914,-2.269860029220581,2661
CBJ,MDCR,Cabo Rojo Airport,DO,Cabo Rojo,17.929000854492188,-71.6447982788086,262
CBL,SVCB,General Tomas de Heres Airport,VE,Ciudad Bolivar,8.122161,-63.536957,197
CBM,KCBM,Columbus Air Force Base,US,Columbus,33.643799,-88.443802,219
CBO,RPMC,Cotabato (Awang) Airport,PH,Datu Odin Sinsuat,7.164753,124.209938,189
CBQ,DNCA,Margaret Ekpo International Airport,NG,Calabar,4.976019859313965,8.347200393676758,210
CBR,YSCB,Canberra Airport,AU,Canberra,-35.3069,149.195007,1886
CBT,FNCT,Catumbela Airport,AO,Catumbela,-12.4792,13.4869,23
CBV,MGCB,Coban Airport,GT,Coban,15.469,-90.4067,4339
CCA,SLHI,Chimore Airport,BO,Chimore,-16.976834,-65.145568,875
CCC,MUCC,Jardines Del Rey Airport,CU,Cayo Coco,22.461000442499998,-78.32839965820001,13
CCE,HECP,Capital International Airport,EG,New Cairo,30.06465,31.839974,761
CCF,LFMK,Carcassonne Salvaza Airport,FR,Carcassonne,43.216,2.30632,433
CCH,SCCC,Chile Chico Airport,CL,Chile Chico,-46.5831,-71.686323,1070
CCJ,VOCL,Calicut International Airport,IN,Calicut,11.135996,75.955152,342
CCK,YPCC,Cocos (Keeling) Islands Airport,CC,West Island,-12.192218,96.834103,10
CCL,YCCA,Chinchilla Airport,AU,Chinchilla,-26.771947,150.617571,1028
CCM,SSIM,Forquilhinha - Criciúma  Airport,BR,Criciúma,-28.725743,-49.424475,92
CCP,SCIE,Carriel Sur International Airport,CL,Concepcion,-36.77235,-73.062828,26
CCR,KCCR,Buchanan Field,US,Concord,37.9897,-122.056999,26
CCS,SVMI,Maiquetía Simón Bolívar International Airport,VE,Maiquetía,10.602214,-66.991174,234
CCU,VECC,Netaji Subhash Chandra Bose International Airport,IN,Kolkata,22.654012,88.44765,16
CCV,NVSF,Craig Cove Airport,VU,Craig Cove,-16.264999,167.923996,69
CCY,KCCY,Northeast Iowa Regional Airport,US,Charles City,43.0726013184,-92.6108016968,1125
CCZ,MYBC,Chub Cay Airport,BS,Chub Cay,25.417101,-77.880898,5
CDB,PACD,Cold Bay Airport,US,Cold Bay,55.207871,-162.725029,96
CDC,KCDC,Cedar City Regional Airport,US,Cedar City,37.70100021362305,-113.0989990234375,5622
CDE,ZBCD,Chengde Puning Airport,CN,Chengde,41.1225,118.073889,
CDG,LFPG,Charles de Gaulle International Airport,FR,"Paris (Roissy-en-France, Val-d'Oise)",49.00896,2.554117,392
CDJ,SBAA,Conceição do Araguaia Airport,BR,Conceição do Araguaia,-8.34835,-49.301498,653
CDP,VOCP,Kadapa Airport,IN,Kadapa,14.513154,78.769183,430
CDR,KCDR,Chadron Municipal Airport,US,Chadron,42.837601,-103.095001,3297
CDS,KCDS,Childress Municipal Airport,US,Childress,34.4337997437,-100.288002014,1954
CDT,LECH,Castellón-Costa Azahar Airport,ES,Castellón de la Plana,40.213889,0.073333,1182
CDU,YSCN,Camden Airport,AU,Cobbitty,-34.038338,150.686406,230
CDV,PACV,Merle K (Mudhole) Smith Airport,US,Cordova,60.491798,-145.477997,54
CEB,RPVM,Mactan Cebu International Airport,PH,Cebu City/Lapu-Lapu City,10.309261,123.97974,31
CEC,KCEC,Jack Mc Namara Field Airport,US,Crescent City,41.778929,-124.236403,61
CED,YCDU,Ceduna Airport,AU,,-32.13059997558594,133.7100067138672,77
CEE,ULWC,Cherepovets Airport,RU,Cherepovets,59.273601532,38.015800476100004,377
CEF,KCEF,Westover Metropolitan Airport / Westover Air Reserve Base,US,Chicopee,42.194,-72.534798,241
CEG,EGNR,Hawarden Airport,GB,Broughton,53.178101,-2.97778,45
CEI,VTCT,Mae Fah Luang - Chiang Rai International Airport,TH,Chiang Rai,19.952299,99.882896,1280
CEK,USCC,Kurchatov Chelyabinsk International Airport,RU,Chelyabinsk,55.303141,61.504927,769
CEL,SSCN,Canela Airport,BR,Canela,-29.370091,-50.831729,2746
CEM,PACE,Central Airport,US,Central,65.573815,-144.780707,937
CEN,MMCN,Ciudad Obregón International Airport,MX,Ciudad Obregón,27.39259910583496,-109.83300018310547,243
CEQ,LFMD,Cannes Mandelieu Airport,FR,Cannes,43.547998,6.955176,13
CER,LFRC,Cherbourg Manche airport,FR,Cherbourg,49.650101,-1.47028,459
CEW,KCEW,Bob Sikes Airport,US,Crestview,30.778799057,-86.522102356,213
CEZ,KCEZ,Cortez Municipal Airport,US,Cortez,37.303001,-108.627998,5918
CFB,SBCB,Cabo Frio Airport,BR,Cabo Frio,-22.921485,-42.071874,22
CFE,LFLC,Clermont-Ferrand Auvergne airport,FR,Clermont-Ferrand,45.786701,3.16917,1090
CFG,MUCF,Jaime Gonzalez Airport,CU,Cienfuegos,22.149999618530273,-80.41419982910156,102
CFK,DAOI,Chlef Aboubakr Belkaid International Airport,DZ,Chlef,36.216614,1.341114,463
CFN,EIDL,Donegal Airport,IE,Donegal,55.0442008972168,-8.340999603271484,30
CFR,LFRK,Caen Carpiquet airport,FR,Caen,49.17678,-0.454883,256
CFS,YCFS,Coffs Harbour Airport,AU,Coffs Harbour,-30.320601,153.115997,18
CFU,LGKR,Corfu Ioannis Kapodistrias International Airport,GR,Kerkyra (Corfu),39.60145,19.912179,6
CGB,SBCY,Várzea Grande–Marechal Rondon International Airport,BR,Cuiabá,-15.6529,-56.116699,617
CGD,ZGCD,Changde Taohuayuan Airport,CN,Changde (Dingcheng),28.9189,111.639999,128
CGF,KCGF,Cuyahoga County Airport,US,Cleveland,41.5651016235,-81.4863967896,879
CGH,SBSP,Congonhas–Deputado Freitas Nobre Airport,BR,São Paulo,-23.627657,-46.654601,2631
CGI,KCGI,Cape Girardeau Regional Airport,US,Cape Girardeau,37.2253,-89.570801,342
CGJ,FLKE,Kasompe Airport,ZM,Chingola,-12.5728,27.8939,4636
CGK,WIII,Soekarno-Hatta International Airport,ID,Jakarta,-6.12557,106.655998,34
CGM,RPMH,Camiguin Airport,PH,Mambajao,9.253894,124.709115,53
CGN,EDDK,Cologne Bonn Airport,DE,Köln (Cologne),50.865898,7.14274,302
CGO,ZHCC,Zhengzhou Xinzheng International Airport,CN,Zhengzhou,34.526497,113.849165,495
CGP,VGEG,Shah Amanat International Airport,BD,Chattogram (Chittagong),22.249599,91.813301,12
CGQ,ZYCC,Changchun Longjia International Airport,CN,Changchun,43.996201,125.684998,706
CGR,SBCG,Campo Grande Airport,BR,Campo Grande,-20.469998,-54.673988,1833
CGY,RPMY,Laguindingan International Airport,PH,Laguindingan,8.612203,124.456496,190
CHA,KCHA,Chattanooga Metropolitan Airport (Lovell Field),US,Chattanooga,35.035301,-85.203796,683
CHC,NZCH,Christchurch International Airport,NZ,Christchurch,-43.489029,172.532065,123
CHG,ZYCY,Chaoyang Airport,CN,"Shuangta, Chaoyang",41.538101,120.434998,568
CHH,SPPY,Chachapoyas Airport,PE,Chachapoyas,-6.201911,-77.856195,8333
CHM,SPEO,FAP Lieutenant Jaime Andres de Montreuil Morales Airport,PE,Chimbote,-9.14961,-78.523804,69
CHO,KCHO,Charlottesville Albemarle Airport,US,Charlottesville,38.13859939575195,-78.4529037475586,639
CHQ,LGSA,Chania International Airport,GR,Souda,35.531207,24.150673,490
CHR,LFLX,Châteauroux Déols airport,FR,Châteauroux,46.860221,1.728326,529
CHS,KCHS,Charleston International Airport,US,Charleston,32.896159,-80.038151,46
CHT,NZCI,Inia William Tuuta Memorial Airport,NZ,Te One,-43.81189,-176.46514,43
CHU,PACH,Chuathbaluk Airport,US,Chuathbaluk,61.579102,-159.216003,244
CHX,MPCH,Changuinola Captain Manuel Niño International Airport,PA,Changuinola,9.458962,-82.515062,19
CHY,AGGC,Choiseul Bay Airport,SB,Choiseul Bay,-6.711944,156.396111,
CIA,LIRA,Ciampino–G. B. Pastine International Airport,IT,Rome,41.798769,12.595331,427
CID,KCID,The Eastern Iowa Airport,US,Cedar Rapids,41.884701,-91.7108,869
CIF,ZBCF,Chifeng Yulong Airport,CN,Chifeng,42.159723,118.840971,2018
CIH,ZBCZ,Changzhi Wangcun Airport,CN,Changzhi,36.247501,113.125999,
CIJ,SLCO,Capitán Aníbal Arab Airport,BO,Cobija,-11.039109,-68.782774,889
CIK,PACI,Chalkyitsik Airport,US,Chalkyitsik,66.644997,-143.740005,544
CIO,SGCO,Lieutenant Colonel Carmelo Peralta National Airport,PY,Concepción,-23.441609,-57.427039,253
CIS,PCIS,Canton Island Airport,KI,Abariringa,-2.7681200504300003,-171.710006714,9
CIT,UAII,Shymkent International Airport,KZ,Shymkent,42.365021,69.47564,1385
CIU,KCIU,Chippewa County International Airport,US,Kincheloe,46.242038,-84.462082,800
CIW,TVSC,Canouan Airport,VC,Canouan,12.699,-61.3424,11
CIX,SPHI,Capitán FAP José A. Quiñones González International Airport,PE,Chiclayo,-6.789223,-79.828254,97
CIY,LICB,Comiso Airport,IT,Comiso,36.99583,14.60889,756
CJA,SPJR,Mayor General FAP Armando Revoredo Iglesias Airport,PE,Cajamarca,-7.13918,-78.489403,8781
CJB,VOCB,Coimbatore International Airport,IN,Coimbatore,11.03,77.043404,1324
CJC,SCCF,El Loa Airport,CL,Calama,-22.498199,-68.903603,7543
CJJ,RKTU,Cheongju International Airport/Cheongju Air Base (K-59/G-513),KR,Cheongju,36.71556,127.500289,191
CJL,OPCH,Chitral Airport,PK,Chitral,35.886213,71.799922,4920
CJM,VTSE,Chumphon Airport,TH,Chumphon,10.7112,99.361702,18
CJN,WICN,Nusawiru Airport,ID,Cijulang,-7.719895,108.488995,16
CJS,MMCS,Abraham González International Airport,MX,Ciudad Juárez,31.636673,-106.428533,3904
CJU,RKPC,Jeju International Airport,KR,Jeju City,33.512058,126.492548,118
CJZ,SJZA,Pedro Vieira Moreira Airport,BR,Cajazeiras,-6.8827,-38.61583,1099
CKB,KCKB,North Central West Virginia Airport,US,Bridgeport,39.2966,-80.228104,1217
CKC,UKKE,Cherkasy International Airport,UA,Cherkasy,49.4156,31.9953,375
CKD,PACJ,Crooked Creek Airport,US,Crooked Creek,61.870315,-158.137636,178
CKG,ZUCK,Chongqing Jiangbei International Airport,CN,Chongqing,29.712254,106.651895,1365
CKH,UESO,Chokurdakh Airport,RU,Chokurdah,70.6231,147.901993,151
CKL,UUMU,Chkalovskiy Air Base,RU,Moscow,55.8783,38.061699,499
CKS,SBCJ,Carajás Airport,BR,Parauapebas,-6.117841,-50.003372,2064
CKT,OIMC,Sarakhs Airport,IR,Sarakhs,36.501202,61.064899,945
CKW,YCHK,Christmas Creek Airport,AU,Christmas Creek Mine,-22.354302,119.642603,1462
CKX,CKX,Chicken Airport,US,Chicken,64.066495,-141.951342,1640
CKY,GUCY,Ahmed Sékou Touré International Airport,GN,Conakry,9.57689,-13.612,72
CKZ,LTBH,Çanakkale Airport,TR,Çanakkale,40.1376991272,26.4267997742,23
CLD,KCRQ,McClellan-Palomar Airport,US,Carlsbad,33.1283,-117.279999,331
CLE,KCLE,Cleveland Hopkins International Airport,US,Cleveland,41.411701,-81.8498,791
CLJ,LRCL,Avram Iancu Cluj International Airport,RO,Cluj-Napoca,46.786042,23.685733,1039
CLL,KCLL,Easterwood Field,US,College Station,30.5886,-96.3638,320
CLM,KCLM,William R Fairchild International Airport,US,Port Angeles,48.120201,-123.5,291
CLN,SBCI,Brig. Lysias Augusto Rodrigues Airport,BR,Carolina,-7.32044,-47.458698,565
CLO,SKCL,Alfonso Bonilla Aragon International Airport,CO,Cali,3.542717,-76.381898,3162
CLP,PFCL,Clarks Point Airport,US,Clarks Point,58.833698,-158.529007,80
CLQ,MMIA,Licenciado Miguel de la Madrid International Airport,MX,Colima,19.277,-103.577002,2467
CLT,KCLT,Charlotte Douglas International Airport,US,Charlotte,35.2140007019043,-80.94309997558594,748
CLU,KBAK,Columbus Municipal Airport,US,Columbus,39.262386,-85.895576,656
CLV,SBCN,Nelson Ribeiro Guimarães Airport,BR,Caldas Novas,-17.725096,-48.606324,2307
CLY,LFKC,Calvi Sainte Catherine Airport,FR,Calvi,42.530422,8.792984,209
CLZ,SVCL,Calabozo Airport,VE,Guarico,8.924656,-67.417091,328
CMA,YCMU,Cunnamulla Airport,AU,,-28.030000686645508,145.6219940185547,630
CMB,VCBI,Bandaranaike International Colombo Airport,LK,Colombo,7.180759906768799,79.88410186767578,30
CMD,YCTM,Cootamundra Airport,AU,,-34.624283,148.036641,1110
CME,MMCE,Ciudad del Carmen International Airport,MX,Ciudad del Carmen,18.651516,-91.799355,10
CMF,LFLB,Chambéry Aix les Bains airport,FR,Chambéry,45.6381,5.88023,779
CMG,SBCR,Corumbá International Airport,BR,Corumbá,-19.01193,-57.672772,463
CMH,KCMH,John Glenn Columbus International Airport,US,Columbus,39.998001,-82.891899,815
CMI,KCMI,University of Illinois Willard Airport,US,Savoy,40.039819,-88.276249,755
CMN,GMMN,Mohammed V International Airport,MA,Casablanca,33.3675,-7.58997,656
CMQ,YCMT,Clermont Airport,AU,,-22.7731,147.621002,908
CMR,LFGA,Colmar Houssen airport,FR,Colmar,48.109901,7.35901,628
CMU,AYCH,Chimbu Airport,PG,Kundiawa,-6.024290084838867,144.9709930419922,4974
CMW,MUCM,Ignacio Agramonte International Airport,CU,Camaguey,21.419909,-77.848039,413
CMX,KCMX,Houghton County Memorial Airport,US,Hancock,47.168399810791016,-88.48909759521484,1095
CNB,YCNM,Coonamble Airport,AU,,-30.980946,148.377833,604
CNC,YCCT,Coconut Island Airport,AU,,-10.050139,143.070007,3
CND,LRCK,Mihail Kogălniceanu International Airport,RO,Constanța,44.362202,28.4883,353
CNF,SBCF,Tancredo Neves International Airport,BR,Belo Horizonte,-19.63571,-43.966928,2721
CNG,LFBG,Cognac-Châteaubernard (BA 709) Air Base,FR,Cognac/Châteaubernard,45.658298,-0.3175,102
CNI,ZYCH,Changhai Dachangshandao Airport,CN,Dalian (Changhai),39.266441,122.66696,80
CNJ,YCCY,Cloncurry Airport,AU,Cloncurry,-20.668600082399998,140.503997803,616
CNL,EKSN,Sindal Airport,DK,Sindal,57.503502,10.2294,92
CNM,KCNM,Cavern City Air Terminal,US,Carlsbad,32.337501525878906,-104.26300048828125,3295
CNN,VOKN,Kannur International Airport,IN,Kannur,11.916343,75.544979,330
CNP,BGCO,Neerlerit Inaat Airport,GL,Neerlerit Inaat,70.743103,-22.650499,45
CNQ,SARC,Corrientes Airport,AR,Corrientes,-27.4455,-58.7619,202
CNR,SCRA,Chañaral Airport,CL,Chañaral,-26.3325,-70.6073,97
CNS,YBCS,Cairns International Airport,AU,Cairns,-16.878921,145.74948,10
CNU,KCNU,Chanute Martin Johnson Airport,US,Chanute,37.668173,-95.486727,1002
CNX,VTCC,Chiang Mai International Airport,TH,Chiang Mai,18.766799926799997,98.962600708,1036
CNY,KCNY,Canyonlands Regional Airport,US,Moab,38.755001,-109.754997,4557
COC,SAAC,Comodoro Pierrestegui Airport,AR,Concordia,-31.2969,-57.9966,112
COD,KCOD,Yellowstone Regional Airport,US,Cody,44.520199,-109.024002,5102
COE,KCOE,Coeur D'Alene Airport - Pappy Boyington Field,US,Coeur d'Alene,47.7743,-116.82,2320
COF,KCOF,Patrick Space Force Base,US,Cocoa Beach,28.2349,-80.6101,8
COJ,YCBB,Coonabarabran Airport,AU,,-31.3325,149.266998,2117
COK,VOCI,Cochin International Airport,IN,Kochi,10.151047,76.400838,30
COL,EGEL,Coll Airport,GB,Coll Island,56.601898,-6.61778,21
CON,KCON,Concord Municipal Airport,US,Concord,43.20270157,-71.50229645,342
COO,DBBB,Cotonou Cadjehoun International Airport,BJ,Cotonou,6.35723,2.38435,19
COQ,ZMCD,Choibalsan Airport,MN,,48.135381,114.647231,2457
COR,SACO,Ingeniero Aeronáutico Ambrosio L.V. Taravella International Airport,AR,Cordoba,-31.312346,-64.208329,1604
COS,KCOS,City of Colorado Springs Municipal Airport,US,Colorado Springs,38.805801,-104.700996,6187
COU,KCOU,Columbia Regional Airport,US,Columbia,38.8181,-92.219597,889
COV,LTDB,Çukurova International Airport,TR,Tarsus,36.891478,35.071235,35
CPC,SAZY,Aviador C. Campos Airport,AR,Chapelco/San Martin de los Andes,-40.075401,-71.137299,2569
CPD,YCBP,Coober Pedy Airport,AU,Coober Pedy,-29.038312,134.722166,740
CPE,MMCP,Ingeniero Alberto Acuña Ongay International Airport,MX,Campeche,19.815969,-90.500125,34
CPH,EKCH,Copenhagen Kastrup Airport,DK,Copenhagen,55.617900848389,12.656000137329,17
CPO,SCAT,Desierto de Atacama Airport,CL,Copiapo,-27.2612,-70.779198,670
CPR,KCPR,Casper-Natrona County International Airport,US,Casper,42.907381,-106.461609,5350
CPT,FACT,Cape Town International Airport,ZA,Cape Town,-33.97403,18.604333,151
CPV,SBKG,Presidente João Suassuna Airport,BR,Campina Grande,-7.269662,-35.896057,1646
CPX,TJCP,Benjamin Rivera Noriega Airport,PR,Culebra,18.312954,-65.303893,49
CQD,OIFS,Shahrekord Airport,IR,Shahrekord,32.2971992493,50.842201232899995,6723
CQF,LFAC,Calais Marck Airport,FR,Calais,50.962101,1.95476,12
CQM,LERL,Ciudad Real International Airport,ES,Ciudad Real,38.856479,-3.969944,2120
CQW,ZUWL,Chongqing Xiannüshan Airport,CN,Wulong,29.465658,107.693664,1747
CRA,LRCV,Craiova International Airport,RO,Craiova,44.3181,23.888599,626
CRC,SKGO,Santa Ana Airport,CO,Cartago,4.75818,-75.9557,2979
CRD,SAVC,General Enrique Mosconi International Airport,AR,Comodoro Rivadavia,-45.786941,-67.463355,189
CRE,KCRE,Grand Strand Airport,US,North Myrtle Beach,33.8116989136,-78.72389984130001,32
CRG,KCRG,Jacksonville Executive at Craig Airport,US,Jacksonville,30.3362998962,-81.51439666750001,41
CRI,MYCI,Colonel Hill Airport,BS,Colonel Hill,22.7456,-74.182404,5
CRK,RPLC,Clark International Airport / Clark Air Base,PH,Mabalacat,15.186,120.559998,484
CRL,EBCI,Brussels South Charleroi Airport,BE,Charleroi,50.461963,4.459562,614
CRM,RPVF,Catarman National Airport,PH,Catarman,12.50161,124.635258,6
CRP,KCRP,Corpus Christi International Airport,US,Corpus Christi,27.770399,-97.501198,44
CRQ,SBCV,Caravelas Airport,BR,Caravelas,-17.6523,-39.253101,36
CRU,TGPZ,Lauriston Airport,GD,Carriacou Island,12.4761,-61.472801,5
CRV,LIBC,Crotone Sant'Anna Pythagoras Airport,IT,Isola di Capo Rizzuto (KR),38.9972,17.0802,522
CRW,KCRW,Yeager Airport,US,Charleston,38.3731,-81.593201,981
CRZ,UTAV,Türkmenabat International Airport,TM,Türkmenabat,38.930662,63.563982,649
CSA,EGEY,Colonsay Airstrip,GB,Colonsay,56.057499,-6.24306,44
CSB,LRCS,Caransebeş Airport,RO,Caransebeş,45.420142,22.252507,866
CSF,LFPC,Creil Air Base,FR,Creil,49.253502,2.51914,291
CSG,KCSG,Columbus Airport,US,Columbus,32.516415,-84.939602,397
CSH,ULAS,Solovki Airport,RU,Solovetsky Islands,65.029996,35.730558,60
CSK,GOGS,Cap Skirring Airport,SN,Cap Skirring,12.39533,-16.748,52
CSN,KCXP,Carson Airport,US,Carson City,39.194331,-119.734312,4697
CSV,KCSV,Crossville Memorial Airport Whitson Field,US,Crossville,35.95131,-85.08499,1881
CSW,MMSL,Cabo San Lucas International Airport,MX,Cabo San Lucas,22.949072,-109.939479,459
CSX,ZGHA,Changsha Huanghua International Airport,CN,Changsha (Changsha),28.189199,113.220001,217
CSY,UWKS,Cheboksary Airport,RU,Cheboksary,56.090302,47.347301,558
CTA,LICC,Catania-Fontanarossa Airport,IT,Catania,37.466801,15.0664,39
CTB,KCTB,Cut Bank International Airport,US,Cut Bank,48.608657,-112.378183,3854
CTC,SANC,Coronel Felipe Varela International Airport,AR,Catamarca,-28.593117,-65.7512,1522
CTD,MPCE,Alonso Valderrama Airport,PA,Chitré,7.98784,-80.409837,33
CTG,SKCG,Rafael Nuñez International Airport,CO,Cartagena,10.4424,-75.513,4
CTL,YBCV,Charleville Airport,AU,Charleville,-26.4132995605,146.261993408,1003
CTM,MMCM,Chetumal International Airport,MX,Chetumal,18.504985,-88.328018,39
CTN,YCKN,Cooktown Airport,AU,,-15.443649,145.183221,26
CTS,RJCC,New Chitose Airport,JP,Sapporo,42.774753,141.690414,82
CTT,LFMQ,Le Castellet Airport,FR,"Le Castellet, Var",43.252499,5.78519,1391
CTU,ZUUU,Chengdu Shuangliu International Airport,CN,Chengdu (Shuangliu),30.558257,103.945966,1625
CUA,MMDA,Ciudad Constitución National Airport,MX,Comondú,25.053801,-111.614998,213
CUB,KCUB,Jim Hamilton L.B. Owens Airport,US,Columbia,33.970500946,-80.9952011108,193
CUC,SKCC,Camilo Daza International Airport,CO,Cúcuta,7.92757,-72.5115,1096
CUE,SECU,Mariscal Lamar Airport,EC,Cuenca,-2.88947,-78.984398,8306
CUF,LIMZ,Cuneo International Airport,IT,Levaldigi (CN),44.547458,7.623045,1267
CUK,MZCK,Caye Caulker Airport,BZ,Caye Caulker,17.735015,-88.032862,2
CUL,MMCL,Bachigualato Federal International Airport,MX,Culiacán,24.76504,-107.475228,108
CUM,SVCU,Antonio José de Sucre Airport,VE,Cumaná,10.450333,-64.13047,14
CUN,MMUN,Cancún International Airport,MX,Cancún,21.040817,-86.87347,22
CUP,SVCP,General Francisco Bermúdez Airport,VE,Carúpano,10.660014,-63.261681,33
CUQ,YCOE,Coen Airport,AU,Coen,-13.761133,143.113311,532
CUR,TNCC,Hato International Airport,CW,Willemstad,12.1889,-68.959801,29
CUT,SAZW,Cutral-Co Airport,AR,Cutral-Co,-38.939701,-69.264603,2132
CUU,MMCU,General Roberto Fierro Villalobos International Airport,MX,Chihuahua,28.702649,-105.963764,4462
CUZ,SPZO,Alejandro Velasco Astete International Airport,PE,Cusco,-13.535699844400002,-71.9387969971,10860
CVC,YCEE,Cleve Airport,AU,,-33.709702,136.505005,589
CVE,SKCV,Coveñas Airport,CO,Coveñas,9.40092,-75.6913,31
CVG,KCVG,Cincinnati Northern Kentucky International Airport,US,Cincinnati / Covington,39.048801,-84.667801,896
CVJ,MMCB,General Mariano Matamoros International Airport,MX,Temixco,18.833922,-99.261818,4277
CVM,MMCV,General Pedro Jose Mendez International Airport,MX,Ciudad Victoria,23.7033,-98.956497,761
CVN,KCVN,Clovis Municipal Airport,US,Clovis,34.426594,-103.078794,4216
CVO,KCVO,Corvallis Municipal Airport,US,Corvallis,44.49720001,-123.2900009,250
CVQ,YCAR,Carnarvon Airport,AU,Carnarvon,-24.884337,113.666393,13
CVS,KCVS,Cannon Air Force Base,US,Clovis,34.382801,-103.321999,4295
CVU,LPCR,Corvo Airport,PT,Corvo,39.671501,-31.1136,62
CWA,KCWA,Central Wisconsin Airport,US,Mosinee,44.777448,-89.670238,1277
CWB,SBCT,Curitiba-Afonso Pena International Airport,BR,Curitiba,-25.5285,-49.1758,2988
CWC,UKLN,Chernivtsi International Airport,UA,Chernivtsi,48.259300231933594,25.98080062866211,826
CWJ,ZPCW,Cangyuan Washan Airport,CN,Lincang (Cangyuan),23.276331,99.373169,
CWL,EGFF,Cardiff International Airport,GB,Cardiff,51.396702,-3.34333,220
CWS,78WA,Center Island Airport,US,Center Island,48.490046,-122.831612,115
CWT,YCWR,Cowra Airport,AU,,-33.846894,148.648007,966
CWW,YCOR,Corowa Airport,AU,,-35.994701,146.356995,469
CXA,SVCD,Caicara del Orinoco Airport,VE,,7.62551,-66.162804,141
CXB,VGCB,Cox's Bazar Airport,BD,Cox's Bazar,21.457517,91.963263,12
CXI,PLCH,Cassidy International Airport,KI,Kiritimati,1.986278,-157.350011,5
CXJ,SBCX,Hugo Cantergiani Regional Airport,BR,Caxias Do Sul,-29.197183,-51.187647,2472
CXO,KCXO,Conroe-North Houston Regional Airport,US,Houston,30.351801,-95.414497,245
CXP,WAHL,Tunggul Wulung Airport,ID,Cilacap,-7.64506,109.033997,69
CXR,VVCR,Cam Ranh International Airport / Cam Ranh Air Base,VN,Nha Trang/nha Trang aiurportCam Ranh,11.9982,109.219002,40
CYA,MTCA,Antoine-Simon International Airport,HT,Les Cayes,18.271099,-73.7883,203
CYB,MWCB,Charles Kirkconnell International Airport,KY,West End,19.687,-79.882797,8
CYC,MZCP,Caye Chapel Airport,BZ,Caye Chapel,17.683792,-88.044985,3
CYF,PACK,Chefornak Airport,US,Chefornak,60.136667,-164.279167,49
CYG,YCRG,Corryong Airport,AU,,-36.18280029296875,147.88800048828125,963
CYI,RCKU,Chiayi Airport,TW,Shuishang,23.462577,120.390544,85
CYO,MUCL,Vilo Acuña International Airport,CU,Cayo Largo del Sur,21.6165008545,-81.5459976196,10
CYP,RPVC,Calbayog Airport,PH,Calbayog City,12.072574,124.54508,12
CYS,KCYS,Cheyenne Regional Jerry Olson Field,US,Cheyenne,41.155701,-104.811997,6159
CYT,PACY,Yakataga Airport,US,Yakataga,60.080974,-142.494541,12
CYU,RPLO,Cuyo Airport,PH,Cuyo,10.8581,121.069,
CYW,MMCY,Captain Rogelio Castillo National Airport,MX,Celaya,20.545998,-100.886539,5709
CYX,UESS,Cherskiy Airport,RU,Cherskiy,68.740601,161.337997,20
CYZ,RPUY,Cauayan Airport,PH,Cauayan City,16.9298992157,121.752998352,200
CZE,SVCR,José Leonardo Chirinos Airport,VE,Coro,11.414944,-69.680901,52
CZF,PACZ,Cape Romanzof LRRS Airport,US,Cape Romanzof,61.78030014,-166.0390015,464
CZH,MZCZ,Corozal Airport,BZ,Corozal,18.3822,-88.411903,40
CZL,DABC,Mohamed Boudiaf International Airport,DZ,Constantine,36.276001,6.62039,2265
CZM,MMCZ,Cozumel International Airport,MX,Cozumel,20.514922,-86.928538,15
CZS,SBCZ,Cruzeiro do Sul Airport,BR,Cruzeiro Do Sul,-7.59991,-72.769501,637
CZU,SKCZ,Las Brujas Airport,CO,Corozal,9.33274,-75.2856,528
CZX,ZSCG,Changzhou Benniu International Airport,CN,Changzhou,31.920485,119.77546,33
DAA,KDAA,Davison Army Air Field,US,Fort Belvoir,38.715000152600005,-77.1809997559,73
DAB,KDAB,Daytona Beach International Airport,US,Daytona Beach,29.18255,-81.059464,34
DAC,VGHS,Hazrat Shahjalal International Airport,BD,Dhaka,23.843347,90.397783,30
DAD,VVDN,Da Nang International Airport,VN,Da Nang,16.0439,108.198997,33
DAG,KDAG,Barstow Daggett Airport,US,Daggett,34.85369873,-116.7870026,1930
DAL,KDAL,Dallas Love Field,US,Dallas,32.844776,-96.847653,487
DAM,OSDI,Damascus International Airport,SY,Damascus,33.4114990234375,36.51559829711914,2020
DAN,KDAN,Danville Regional Airport,US,Danville,36.572899,-79.336098,571
DAR,HTDA,Julius Nyerere International Airport,TZ,Dar es Salaam,-6.873499,39.207288,182
DAT,ZBDT,Datong Yungang International Airport,CN,Datong,40.06139,113.480509,3442
DAU,AYDU,Daru Airport,PG,Daru,-9.08676,143.207993,20
DAV,MPDA,Enrique Malek International Airport,PA,David,8.388983,-82.436425,89
DAX,ZUDX,Dachuan Airport,CN,Dazhou (Daxian),31.1302,107.4295,
DAY,KDAY,James M. Cox Dayton International Airport,US,Dayton,39.902401,-84.219398,1009
DBA,OPDB,Dalbandin Airport,PK,Dalbandin,28.878299713100002,64.3998031616,2800
DBB,HEAL,El Alamein International Airport,EG,El Alamein,30.924324,28.46161,154
DBC,ZYBA,Baicheng Chang'an Airport,CN,Baicheng,45.505278,123.019722,480
DBD,VEDB,Dhanbad Airport,IN,,23.834,86.425301,847
DBM,HADM,Debre Markos Airport,ET,Debre Markos,10.321501,37.741887,8136
DBO,YSDU,Dubbo City Regional Airport,AU,Dubbo,-32.2167015076,148.574996948,935
DBQ,KDBQ,Dubuque Regional Airport,US,Dubuque,42.402,-90.709503,1077
DBR,VEDH,Darbhanga Airport,IN,Darbhanga,26.192801,85.916901,156
DBV,LDDU,Dubrovnik Ruđer Bošković Airport,HR,Dubrovnik,42.562247,18.265543,527
DCA,KDCA,Ronald Reagan Washington National Airport,US,Washington,38.8521,-77.037697,15
DCF,TDCF,Canefield Airport,DM,Canefield,15.336693,-61.392108,13
DCI,LIED,Decimomannu Air Base,IT,Decimomannu,39.354198,8.97248,100
DCM,LFCK,Castres Mazamet Airport,FR,Castres,43.556301,2.28918,788
DCN,YCIN,RAAF Base Curtin,AU,Derby,-17.581389,123.828333,300
DCT,MYRD,Duncan Town Airport,BS,Duncan Town,22.181801,-75.7295,6
DCY,ZUDC,Daocheng Yading Airport,CN,Garzê (Daocheng),29.31632,100.060317,14472
DDC,KDDC,Dodge City Regional Airport,US,Dodge City,37.76340103149414,-99.9655990600586,2594
DDG,ZYDD,Dandong Langtou International Airport,CN,Dandong (Zhenxing),40.025453,124.28669,30
DDR,ZUDR,Shigatse Tingri Airport,CN,Xigazê (Dingri),28.604567,86.798,14108
DEA,OPDG,Dera Ghazi Khan Airport,PK,Dera Ghazi Khan,29.961000442504883,70.48590087890625,492
DEB,LHDC,Debrecen International Airport,HU,Debrecen,47.489469,21.616278,359
DEC,KDEC,Decatur Airport,US,Decatur,39.834598541259766,-88.8656997680664,682
DED,VIDN,Dehradun Jolly Grant Airport,IN,Dehradun (Jauligrant),30.189243,78.176651,1831
DEE,UHSM,Yuzhno-Kurilsk Mendeleyevo Airport,RU,Yuzhno-Kurilsk,43.961066,145.684977,584
DEF,OIAD,Dezful Airport,IR,Dezful,32.434399,48.397598,474
DEJ,ZUDJ,Tongren Dejiang Airport (Under Construction),CN,Tongren,28.121,108.1631,3542
DEL,VIDP,Indira Gandhi International Airport,IN,New Delhi,28.55563,77.09519,777
DEM,HADD,Dembidollo Airport,ET,Dembidollo,8.554,34.858002,5200
DEN,KDEN,Denver International Airport,US,Denver,39.860027,-104.673792,5431
DET,KDET,Coleman A. Young Municipal Airport,US,Detroit,42.40919876,-83.00990295,626
DEX,WAVD,Nop Goliat Dekai Airport,ID,Dekai,-4.8557,139.482006,198
DEZ,OSDZ,Deir ez-Zor Airport,SY,Deir ez-Zor,35.2854,40.175999,700
DFW,KDFW,Dallas Fort Worth International Airport,US,Dallas-Fort Worth,32.896801,-97.038002,607
DGA,MZPB,Dangriga Airport,BZ,Dangriga,16.98251,-88.230988,10
DGE,YMDG,Mudgee Airport,AU,Mudgee,-32.564794,149.609452,1545
DGH,VEDO,Deoghar Airport,IN,Deoghar,24.446842,86.704955,361
DGO,MMDO,General Guadalupe Victoria International Airport,MX,Durango,24.125468,-104.527938,6104
DGT,RPVD,Sibulan Airport,PH,Dumaguete City,9.334183,123.30191,15
DHA,OEDR,King Abdulaziz Air Base,SA,Dhahran,26.2654,50.152,84
DHF,OMAM,Al Dhafra Air Base,AE,,24.248199462900004,54.547698974599996,77
DHH,ZWLK,Barkol Dahe Airport,CN,Barkol,43.756544,93.137164,5720
DHM,VIGG,Kangra Airport,IN,Kangra,32.164902,76.263018,2525
DHN,KDHN,Dothan Regional Airport,US,Dothan,31.321300506591797,-85.44960021972656,401
DHR,EHKD,De Kooy Airfield / Den Helder Naval Air Station,NL,Den Helder,52.923401,4.78062,3
DHT,KDHT,Dalhart Municipal Airport,US,Dalhart,36.0225982666,-102.54699707,3991
DHX,WARD,Dhoho International Airport,ID,Kediri,-7.749527,111.946831,380
DIA,OTBD,Doha International Airport,QA,Doha,25.259431,51.565528,35
DIB,VEMN,Dibrugarh Airport,IN,Dibrugarh,27.4839000702,95.0168991089,362
DIE,FMNA,Arrachart Airport,MG,Antisiranana,-12.3494,49.291698,374
DIG,ZPDQ,Diqing Shangri-La Airport,CN,Diqing (Shangri-La),27.7936,99.6772,10761
DIJ,LFSD,Dijon Longvic airport,FR,Dijon,47.268902,5.09,726
DIK,KDIK,Dickinson Theodore Roosevelt Regional Airport,US,Dickinson,46.797533,-102.801905,2592
DIL,WPDL,Presidente Nicolau Lobato International Airport,TL,Dili,-8.546562,125.524507,154
DIN,VVDB,Dien Bien Phu Airport,VN,Dien Bien Phu,21.3974990845,103.008003235,1611
DIR,HADR,Aba Tenna Dejazmach Yilma International Airport,ET,Dire Dawa,9.623549,41.855027,3827
DIS,FCPD,Ngot Nzoungou Airport,CG,Dolisie,-4.20635,12.6599,1079
DIU,VADU,Diu Airport,IN,Diu,20.714185,70.921855,31
DIY,LTCC,Diyarbakır Airport,TR,Diyarbakır,37.893902,40.201,2251
DJB,WIJJ,Sultan Thaha Airport,ID,Jambi,-1.638685,103.645063,82
DJE,DTTJ,Djerba Zarzis International Airport,TN,Mellita,33.873719,10.7773,19
DJG,DAAJ,Tiska Djanet Airport,DZ,Djanet,24.285448,9.463652,3176
DJJ,WAJJ,Dortheys Hiyo Eluay International Airport,ID,Sentani,-2.579627,140.519857,289
DJO,DIDL,Daloa Airport,CI,,6.79281,-6.47319,823
DKA,DNKT,Umaru Musa Yar'adua Airport,NG,Katsina,13.0078,7.66045,1660
DKR,GOOY,Léopold Sédar Senghor International Airport,SN,Dakar,14.742337,-17.479222,85
DKS,UODD,Dikson Airport,RU,Dikson,73.517807,80.379669,47
DLA,FKKD,Douala International Airport,CM,Douala,4.00608,9.71948,33
DLC,ZYTL,Dalian Zhoushuizi International Airport,CN,Dalian (Ganjingzi),38.965719,121.538477,107
DLE,LFGJ,Dole Tavaux Airport,FR,Dole,47.038955,5.427589,645
DLF,KDLF,Laughlin Air Force Base,US,Del Rio,29.359501,-100.778002,1082
DLG,PADL,Dillingham Airport,US,Dillingham,59.04470062,-158.5050049,81
DLH,KDLH,Duluth International Airport,US,Duluth,46.841873,-92.198746,1428
DLI,VVDL,Lien Khuong Airport,VN,Da Lat,11.750556,108.366997,3156
DLM,LTBS,Dalaman International Airport,TR,Dalaman,36.7131,28.7925,20
DLR,DLR,Dalnerechensk Airport,RU,Dalnerechensk,45.879857,133.737629,272
DLS,KDLS,Columbia Gorge Regional Airport,US,Dallesport / The Dalles,45.620979,-121.170777,247
DLU,ZPDL,Dali Fengyi Airport,CN,Dali (Xiaguan),25.649401,100.319,7050
DLZ,ZMDZ,Dalanzadgad Airport,MN,Dalanzadgad,43.608628,104.367734,4787
DMA,KDMA,Davis Monthan Air Force Base,US,Tucson,32.1665000916,-110.883003235,2704
DMB,UADD,Taraz International Airport,KZ,Taraz,42.8536,71.303596,2184
DMD,YDMG,Doomadgee Airport,AU,,-17.9403,138.822006,153
DME,UUDD,Domodedovo International Airport,RU,Moscow,55.408798,37.9063,588
DMK,VTBD,Don Mueang International Airport,TH,Bangkok,13.9126,100.607002,9
DMM,OEDF,King Fahd International Airport,SA,Ad Dammam,26.4691,49.798209,72
DMN,KDMN,Deming Municipal Airport,US,Deming,32.262298584,-107.721000671,4314
DMU,VEMR,Dimapur Airport,IN,Dimapur,25.883899688699998,93.77110290530001,487
DNA,RODN,Kadena Air Base,JP,Okinawa,26.351667,127.769444,143
DND,EGPN,Dundee Airport,GB,Dundee,56.452499,-3.02583,17
DNH,ZLDH,Dunhuang Mogao International Airport,CN,Dunhuang,40.161953,94.812827,
DNK,UKDD,Dnipro International Airport,UA,Dnipro,48.357201,35.100601,481
DNL,KDNL,Daniel Field,US,Augusta,33.4664993286,-82.0393981934,423
DNQ,YDLQ,Deniliquin Airport,AU,Deniliquin,-35.5593986511,144.945999146,316
DNR,LFRD,Dinard Pleurtuit Saint-Malo airport,FR,Dinard,48.5877,-2.07996,219
DNZ,LTAY,Çardak Airport,TR,Denizli,37.7855987549,29.7012996674,2795
DOD,HTDO,Dodoma Airport,TZ,Dodoma,-6.170559,35.756036,3673
DOG,HSDN,Dongola Airport,SD,Dongola,19.153666,30.430069,772
DOH,OTHH,Hamad International Airport,QA,Doha,25.273056,51.608056,13
DOL,LFRG,Deauville Normandie airport,FR,Deauville,49.365237,0.154481,479
DOM,TDPD,Douglas-Charles Airport,DM,Marigot,15.546673,-61.301082,73
DOP,VNDP,Dolpa Airport,NP,Dolpa,28.985659,82.818703,8200
DOV,KDOV,Dover Civil Air Terminal/Dover Air Force Base,US,Dover,39.129501,-75.466003,24
DOY,ZSDY,Dongying Shengli Airport,CN,Dongying (Kenli),37.50137,118.789863,15
DPA,KDPA,Dupage Airport,US,Chicago/West Chicago,41.90779877,-88.24859619,759
DPL,RPMG,Dipolog Airport,PH,Dipolog,8.601983,123.341875,12
DPO,YDPO,Devonport Airport,AU,Devonport,-41.1697006226,146.429992676,33
DPS,WADD,Denpasar I Gusti Ngurah Rai International Airport,ID,"Kuta, Badung",-8.748409,115.167123,14
DPT,DPT,Deputatskiy Airport,RU,Deputatskiy,69.392503,139.890012,950
DQA,ZYDQ,Daqing Sartu Airport,CN,Daqing,46.750883,125.138642,496
DQM,OODQ,Duqm International Airport,OM,Duqm,19.501944,57.634167,364
DRA,KDRA,Desert Rock Airport,US,Mercury,36.6194,-116.032997,3314
DRB,YDBY,Derby Airport,AU,Derby,-17.37193,123.66221,24
DRG,PADE,Deering Airport,US,Deering,66.068901,-162.766914,21
DRI,KDRI,Beauregard Regional Airport,US,DeRidder,30.831699,-93.339897,202
DRJ,SMDA,Drietabbetje Airport,SR,Drietabbetje,4.111359,-54.672766,236
DRN,YDBI,Dirranbandi Airport,AU,,-28.587912,148.217161,567
DRO,KDRO,Durango La Plata County Airport,US,Durango,37.151501,-107.753998,6685
DRP,RPLK,Bicol International Airport,PH,Legazpi,13.111915,123.676829,319
DRS,EDDC,Dresden Airport,DE,Dresden,51.134123,13.767831,755
DRT,KDRT,Del Rio International Airport,US,Del Rio,29.3742008209,-100.927001953,1002
DRV,VRMD,Dharavandhoo Airport,MV,Baa Atoll,5.1561,73.1302,6
DRW,YPDN,Darwin International Airport / RAAF Darwin,AU,Darwin,-12.41497,130.88185,103
DSD,TFFA,La Désirade Airport,GP,Grande Anse,16.296902,-61.0844,10
DSE,HADC,Kombolcha Airport,ET,Dessie,11.10975,39.725911,6120
DSI,KDTS,Destin Executive Airport,US,Destin,30.400101,-86.471497,23
DSK,OPDI,Dera Ismael Khan Airport [IN-ACTIVE],PK,Dera Ismael Khan,31.909401,70.896599,594
DSM,KDSM,Des Moines International Airport,US,Des Moines,41.534027,-93.656719,958
DSN,ZBDS,Ordos Ejin Horo International Airport,CN,Ordos,39.493514,109.8599,4557
DSO,ZKSD,Sondok Airport,KP,Sŏndŏng-ni,39.745201,127.473999,12
DSS,GOBD,Blaise Diagne International Airport,SN,Dakar,14.670878,-17.072829,290
DSY,VDDS,Dara Sakor International Airport,KH,Ta Noun,10.914244,103.226652,60
DTB,WIMN,Silangit Airport,ID,Siborong-Borong,2.25973,98.991898,4700
DTD,WALJ,Datadawai Airport,ID,Datadawai-Borneo Island,0.807028,114.529052,508
DTE,RPUD,Daet Airport,PH,Daet,14.1292,122.980003,10
DTM,EDLW,Dortmund Airport,DE,Dortmund,51.518299,7.61224,425
DTR,WN07,Decatur Shores Airport,US,Decatur,48.500171,-122.813973,38
DTU,ZYDU,Wudalianchi Dedu Airport,CN,Heihe,48.441037,126.128374,984
DTW,KDTW,Detroit Metropolitan Wayne County Airport,US,Detroit,42.21377,-83.353786,645
DUA,KDUA,Durant Regional Airport - Eaker Field,US,Durant,33.939675,-96.395072,699
DUB,EIDW,Dublin Airport,IE,Dublin,53.428713,-6.262121,242
DUD,NZDN,Dunedin International Airport,NZ,Dunedin,-45.929017,170.197758,4
DUE,FNDU,Dundo Airport,AO,Chitato,-7.400889873504639,20.818500518798828,2451
DUG,KDUG,Bisbee Douglas International Airport,US,Douglas Bisbee,31.464139,-109.60456,4154
DUJ,KDUJ,DuBois Regional Airport,US,Dubois,41.17829895,-78.8986969,1817
DUM,WIBD,Pinang Kampai Airport,ID,Dumai,1.609026,101.433493,55
DUR,FALE,King Shaka International Airport,ZA,Durban,-29.6144444444,31.1197222222,295
DUS,EDDL,Düsseldorf Airport,DE,Düsseldorf,51.289501,6.76678,147
DUT,PADU,Tom Madsen (Dutch Harbor) Airport,US,Unalaska,53.89881,-166.544996,22
DVL,KDVL,Devils Lake Regional Airport,US,Devils Lake,48.115454,-98.908796,1456
DVO,RPMD,Francisco Bangoy International Airport,PH,Davao,7.12552,125.646004,96
DWA,FWDW,Dwangwa Airport,MW,Dwangwa,-12.517527,34.131877,1605
DWB,FMNO,Soalala Airport,MG,Soalala,-16.10169,45.358837,141
DWC,OMDW,Al Maktoum International Airport,AE,Dubai(Jebel Ali),24.896171,55.16235,114
DWD,OEDM,Dawadmi Domestic Airport,SA,Dawadmi,24.4499,44.121201,3026
DXB,OMDB,Dubai International Airport,AE,Dubai,25.24979,55.370992,62
DXJ,ZGXX,Xiangxi Biancheng Airport,CN,Xiangxi,28.4972,109.5218,
DXN,VIND,Noida International Airport,IN,Gautam Buddha Nagar,28.179868,77.611843,644
DXR,KDXR,Danbury Municipal Airport,US,Danbury,41.371656,-73.482227,458
DYA,YDYS,Dysart Airport,AU,,-22.6222,148.363998,670
DYG,ZGDY,Zhangjiajie Hehua International Airport,CN,Zhangjiajie (Yongding),29.104749,110.442786,8530
DYR,UHMA,Ugolny Yuri Ryktheu Airport,RU,Anadyr,64.734902,177.740997,194
DYS,KDYS,Dyess Air Force Base,US,Abilene,32.420799,-99.854599,1789
DYU,UTDD,Dushanbe International Airport,TJ,Dushanbe,38.543746,68.822977,2575
DZA,FMCZ,Dzaoudzi Pamandzi International Airport,YT,Dzaoudzi,-12.809319,45.281815,23
DZH,ZUDA,Dazhou Jinya Airport,CN,Dazhou (Dachuan),31.048815,107.435646,1342
DZN,UAKD,Zhezkazgan National Airport,KZ,Zhezkazgan,47.708953,67.738094,1250
DZO,SUDU,Santa Bernardina International Airport,UY,Durazno,-33.358898,-56.499199,305
EAA,PAEG,Eagle Airport,US,Eagle,64.778003,-141.150455,908
EAM,OENG,Najran Domestic Airport,SA,Najran,17.611401,44.419201,3982
EAR,KEAR,Kearney Regional Airport,US,Kearney,40.727001,-99.006798,2131
EAS,LESO,San Sebastián Airport,ES,Hondarribia,43.356499,-1.79061,16
EAT,KEAT,Pangborn Memorial Airport,US,Wenatchee,47.398899,-120.207001,1249
EAU,KEAU,Chippewa Valley Regional Airport,US,Eau Claire,44.86579895019531,-91.48429870605469,913
EAX,SMEG,Eduard Alexander Gummels Airport,SR,Kwatta,5.863807,-55.189504,49
EBA,LIRJ,Marina di Campo Airport,IT,Campo nell'Elba (LI),42.760871,10.239811,31
EBB,HUEN,Entebbe International Airport,UG,Entebbe,0.042386,32.443501,3782
EBD,HSOB,El-Obeid Airport,SD,El-Obeid,13.1532,30.2327,1927
EBG,SKEB,El Bagre Airport,CO,El Bagre,7.59647,-74.8089,180
EBH,DAOY,El Bayadh Airport,DZ,El Bayadh,33.721667,1.0925,4493
EBJ,EKEB,Esbjerg Airport,DK,Esbjerg,55.525902,8.5534,97
EBL,ORER,Erbil International Airport,IQ,Arbil,36.236047,43.946615,1341
EBM,DTTR,El Borma Airport,TN,El Borma,31.7043,9.25462,827
EBU,LFMH,Saint-Étienne-Bouthéon Airport,FR,"Andrézieux-Bouthéon, Loire",45.5406,4.29639,1325
ECG,KECG,Elizabeth City Regional Airport & Coast Guard Air Station,US,Elizabeth City,36.260601,-76.174599,11
ECH,YECH,Echuca Airport,AU,,-36.15719985961914,144.76199340820312,323
ECN,LCEN,Ercan International Airport,CY,Tymbou (Kirklar),35.153064,33.507352,404
ECP,KECP,Northwest Florida Beaches International Airport,US,Panama City Beach,30.357106,-85.795414,69
EDF,PAED,Elmendorf Air Force Base,US,Anchorage,61.251709,-149.807097,212
EDI,EGPH,Edinburgh Airport,GB,"Ingliston, Edinburgh",55.950145,-3.372288,135
EDL,HKEL,Eldoret International Airport,KE,Eldoret,0.404458,35.238899,6941
EDM,LFRI,La Roche-sur-Yon Les Ajoncs Airport,FR,La Roche-sur-Yon,46.7019,-1.37863,299
EDO,LTFD,Balıkesir Koca Seyit Airport,TR,Edremit,39.552533,27.010192,50
EDR,YPMP,Pormpuraaw Airport,AU,Pormpuraaw,-14.896451,141.60908,10
EDW,KEDW,Edwards Air Force Base,US,Edwards,34.910781,-117.886391,2312
EEA,SNCP,Planalto Serrano Regional Airport,BR,Correia Pinto,-27.634128,-50.358253,2887
EED,KEED,Needles Airport,US,Needles,34.7663002014,-114.623001099,983
EEK,PAEE,Eek Airport,US,Eek,60.213173,-162.044048,12
EEN,KEEN,Dillant Hopkins Airport,US,Keene,42.898399,-72.270798,488
EES,HEBR,Berenice International Airport / Banas Cape Air Base,EG,Berenice Troglodytica,23.980437,35.460277,108
EFD,KEFD,Ellington Airport,US,Houston,29.607299804700002,-95.1587982178,32
EFL,LGKF,Kefallinia Airport,GR,Kefallinia Island,38.12009811401367,20.500499725341797,59
EGC,LFBE,Bergerac Dordogne-Périgord airport,FR,Bergerac,44.825298,0.518611,171
EGE,KEGE,Eagle County Regional Airport,US,Eagle,39.64260101,-106.9179993,6548
EGH,HEGR,El Jora Airport,EG,El Jora,31.078138,34.153131,331
EGI,KEGI,Duke Field,US,Crestview,30.65040016,-86.52290344,191
EGO,UUOB,Belgorod International Airport,RU,Belgorod,50.643798828125,36.5900993347168,735
EGS,BIEG,Egilsstaðir Airport,IS,Egilsstaðir,65.2833023071289,-14.401399612426758,76
EGX,PAII,Egegik Airport,US,Egegik,58.184386,-157.374873,92
EHL,SAVB,El Bolsón Airfield,AR,El Bolsón,-41.943199,-71.532303,1141
EHM,PAEH,Cape Newenham LRRS Airport,US,Cape Newenham,58.646400451699996,-162.06300354,541
EHU,ZHEC,Ezhou Huahu International Airport,CN,Ezhou,30.341178,115.03926,86
EIB,EDGE,Eisenach-Kindel Airport,DE,Hörselberg-Hainich,50.991604,10.47973,1112
EIE,UNII,Yeniseysk Airport,RU,Yeniseysk,58.474201,92.112503,253
EIK,RU-10077,Yeysk Airport,RU,Yeysk,46.68,38.21,60
EIL,PAEI,Eielson Air Force Base,US,Fairbanks,64.66570282,-147.102005,547
EIN,EHEH,Eindhoven Airport,NL,Eindhoven,51.4500999451,5.37452983856,74
EIS,TUPJ,Terrance B. Lettsome International Airport,VG,Beef Island,18.445492,-64.541707,15
EJA,SKEJ,Yariguíes Airport,CO,Barrancabermeja,7.02433,-73.8068,412
EJH,OEWJ,Al Wajh Domestic Airport,SA,Al Wajh,26.198601,36.476398,66
EJT,EJT,Enejit Airport,MH,Enejit Island,6.0404,171.9846,30
EKA,KEKA,Murray Field,US,Eureka,40.803398,-124.112999,7
EKB,UASB,Ekibastuz Airport,KZ,Ekibastuz,51.590999603271484,75.21499633789062,621
EKN,KEKN,Elkins-Randolph County Regional Airport,US,Elkins,38.889759,-79.857651,1987
EKO,KEKO,Elko Regional Airport,US,Elko,40.82490158081055,-115.79199981689453,5140
EKS,UHSK,Shakhtyorsk Airport,RU,Shakhtyorsk,49.1903,142.082993,50
EKT,ESSU,Eskilstuna Airport,SE,Eskilstuna,59.351101,16.708401,139
ELB,SKBC,Las Flores Airport,CO,El Banco,9.04554,-73.9749,111
ELC,YELD,Elcho Island Airport,AU,Elcho Island,-12.019399642899998,135.570999146,101
ELD,KELD,South Arkansas Regional Airport at Goodwin Field,US,El Dorado,33.221001,-92.813301,277
ELF,HSFS,El Fasher Airport,SD,El Fasher,13.614899635314941,25.324600219726562,2393
ELG,DAUE,El Golea Airport,DZ,El Menia,30.580732,2.861595,1306
ELH,MYEH,North Eleuthera Airport,BS,North Eleuthera,25.475823,-76.680784,13
ELI,PFEL,Elim Airport,US,Elim,64.6147,-162.272003,162
ELM,KELM,Elmira Corning Regional Airport,US,Elmira/Corning,42.1599006652832,-76.8916015625,954
ELP,KELP,El Paso International Airport,US,El Paso,31.809908,-106.375607,3959
ELQ,OEGS,Prince Naif bin Abdulaziz International Airport,SA,Qassim,26.302799,43.774399,2126
ELS,FAEL,King Phalo Airport,ZA,East London,-33.035599,27.825899,435
ELU,DAUO,Guemar Airport - مطار قمار بالوادي,DZ,Guemar,33.511398,6.77679,203
ELY,KELY,Ely Airport Yelland Field,US,Ely,39.29970169,-114.8420029,6259
EMA,EGNX,East Midlands Airport,GB,"Nottingham, Leicestershire",52.8311,-1.32806,306
EMD,YEML,Emerald Airport,AU,Emerald,-23.5674991608,148.179000854,624
EME,EDWE,Emden Airport,DE,Emden,53.391109,7.2275,3
EMK,PAEM,Emmonak Airport,US,Emmonak,62.78609848,-164.4909973,13
EML,LSME,Emmen Air Base,CH,Emmen,47.092444,8.305184,1400
ENA,PAEN,Kenai Municipal Airport,US,Kenai,60.570946,-151.245174,99
ENC,LFSN,Nancy-Essey Airport,FR,"Tomblaine, Meurthe-et-Moselle",48.692101,6.23046,751
END,KEND,Vance Air Force Base,US,Enid,36.339199,-97.916496,1307
ENE,WATE,H. Hasan Aroeboesman (Ende) Airport,ID,Ende,-8.849114,121.66101,49
ENF,EFET,Enontekio Airport,FI,Enontekio,68.362602233887,23.424299240112,1005
ENH,ZHES,Enshi Xujiaping Airport,CN,Enshi (Enshi),30.320299,109.485001,1605
ENI,RPEN,El Nido Airport,PH,El Nido,11.202399,119.416087,
ENK,EGAB,Enniskillen/St Angelo Airport,GB,"Enniskillen, Fermanagh and Omagh",54.398274,-7.651179,155
ENN,PANN,Nenana Municipal Airport,US,Nenana,64.548772,-149.074516,362
ENO,SGEN,Teniente Ramon A. Ayub Gonzalez International Airport,PY,Encarnación,-27.227537,-55.837584,659
ENS,EHTW,Twente Airport,NL,Enschede,52.275833,6.889167,114
ENT,PKMA,Eniwetok Airport,MH,Eniwetok Atoll,11.340700149536133,162.3280029296875,13
ENU,DNEN,Akanu Ibiam International Airport,NG,Enegu,6.473718,7.560463,466
ENV,KENV,Wendover Airport,US,Wendover,40.7187004089,-114.03099823,4237
ENW,KENW,Kenosha Regional Airport,US,Kenosha,42.59569931,-87.92780304,742
ENY,ZLYA,Yan'an Nanniwan Airport,CN,Yan'an (Baota),36.479413,109.464083,
EOH,SKMD,Enrique Olaya Herrera Airport,CO,Medellín,6.219686,-75.590597,4949
EOI,EGED,Eday Airport,GB,Eday,59.19060134887695,-2.7722198963165283,10
EOR,SVED,El Dorado Airport,VE,Bolivar,6.71573,-61.638786,318
EOZ,SVEZ,Elorza Airport,VE,,7.059677,-69.4967,295
EPA,SADP,El Palomar Airport,AR,El Palomar,-34.6099,-58.6126,59
EPL,LFSG,Épinal Mirecourt Airport,FR,Épinal,48.325001,6.06998,1084
EPR,YESP,Esperance Airport,AU,Esperance,-33.684399,121.822998,470
EPU,EEPU,Pärnu Airport,EE,Pärnu,58.41899871826172,24.47279930114746,47
EQS,SAVE,Esquel Brigadier Antonio Parodi International Airport,AR,Esquel,-42.908001,-71.139503,2621
ERC,LTCD,Erzincan Airport,TR,Erzincan,39.7102012634,39.527000427199994,3783
ERD,UKDB,Berdyansk Airport,UA,Berdyansk,46.814999,36.758099,171
ERF,EDDE,Erfurt-Weimar Airport,DE,Erfurt,50.978281,10.960713,1036
ERH,GMFK,Moulay Ali Cherif Airport,MA,Errachidia,31.9475002289,-4.39833021164,3428
ERI,KERI,Erie International Tom Ridge Field,US,Erie,42.083127,-80.173867,732
ERL,ZBER,Erenhot Saiwusu International Airport,CN,Erenhot,43.424079,112.091081,3301
ERS,FYWE,Eros Airport,NA,Windhoek,-22.60492,17.079002,5575
ERZ,LTCE,Erzurum International Airport,TR,Erzurum,39.956501,41.1702,5763
ESB,LTAC,Esenboğa International Airport,TR,Ankara,40.128101,32.995098,3125
ESC,KESC,Delta County Airport,US,Escanaba,45.723199,-87.088623,609
ESD,KORS,Orcas Island Airport,US,Eastsound,48.708199,-122.910004,31
ESE,MMES,Ensenada International Airport / El Ciprés Air Base,MX,Ensenada,31.794516,-116.602384,66
ESF,KESF,Esler Army Airfield / Esler Regional Airport,US,Alexandria,31.394266,-92.294082,112
ESG,SGME,Dr. Luis María Argaña International Airport,PY,Mariscal Estigarribia,-22.046499,-60.6217,553
ESH,EGKA,Brighton City Airport,GB,"Brighton, East Sussex",50.835602,-0.297222,7
ESK,LTBI,Eskişehir Air Base,TR,Eskişehir,39.7841,30.5821,2581
ESL,URWI,Elista Airport,RU,Elista,46.373901,44.330898,501
ESM,SETN,Carlos Concha Torres International Airport,EC,Tachina,0.978519,-79.626602,32
ESR,SCES,Ricardo García Posada Airport,CL,El Salvador,-26.3111,-69.765198,5240
ESU,GMMI,Essaouira-Mogador Airport,MA,Essaouira,31.397499,-9.68167,384
ETM,LLER,Ramon International Airport,IL,Eilat,29.727009,35.014116,288
ETR,SERO,Santa Rosa - Artillery Colonel Victor Larrea International Airport,EC,Santa Rosa,-3.441986,-79.996957,20
ETZ,LFJL,Metz-Nancy-Lorraine Airport,FR,Goin,48.982101,6.25132,870
EUA,NFTE,Kaufana Airport,TO,Eua Island,-21.378299713100002,-174.957992554,325
EUG,KEUG,Eugene Airport,US,Eugene,44.124599,-123.211998,374
EUN,GMML,Laayoune Hassan I International Airport,EH,El Aaiún,27.142467,-13.224947,207
EUQ,RPVS,Evelio Javier Airport,PH,San Jose,10.766644,121.932506,23
EUX,TNCE,F. D. Roosevelt Airport,BQ,Oranjestad,17.4965,-62.979401,129
EVE,ENEV,Harstad/Narvik Airport,NO,Evenes,68.491302,16.678101,84
EVG,ESND,Sveg Airport,SE,Sveg,62.047798,14.4229,1178
EVN,UDYZ,Zvartnots International Airport,AM,Yerevan,40.148941,44.397887,2838
EVV,KEVV,Evansville Regional Airport,US,Evansville,38.0369987488,-87.5324020386,418
EVW,KEVW,Evanston-Uinta County Airport-Burns Field,US,Evanston,41.27479935,-111.0350037,7143
EVX,LFOE,Évreux-Fauville (BA 105) Air Base,FR,"Fauville, Eure",49.028702,1.21986,464
EWB,KEWB,New Bedford Regional Airport,US,New Bedford,41.67610168457031,-70.95690155029297,80
EWN,KEWN,Coastal Carolina Regional Airport,US,New Bern,35.0730018616,-77.04290008539999,18
EWR,KEWR,Newark Liberty International Airport,US,Newark,40.6894,-74.170545,18
EXT,EGTE,Exeter International Airport,GB,"Exeter, Devon",50.734261,-3.413984,102
EYK,USHQ,Beloyarskiy Airport,RU,,63.686901,66.698601,82
EYP,SKYP,El Alcaravan - Yopal Airport,CO,Yopal,5.31911,-72.384,1028
EYW,KEYW,Key West International Airport,US,Key West,24.556119,-81.759579,3
EZE,SAEZ,Ezeiza International Airport - Ministro Pistarini,AR,Buenos Aires (Ezeiza),-34.8222,-58.5358,67
EZS,LTCA,Elazığ Airport,TR,Elazığ,38.597974,39.28348,2927
EZV,USHB,Berezovo Airport,RU,,63.92100143432617,65.03050231933594,98
FAB,EGLF,Farnborough Airport,GB,"Farnborough, Hampshire",51.275799,-0.776333,238
FAE,EKVG,Vágar Airport,FO,Vágar,62.063256,-7.275782,280
FAF,KFAF,Felker Army Air Field,US,Newport News (Fort Eustis),37.1325,-76.608803,12
FAI,PAFA,Fairbanks International Airport,US,Fairbanks,64.815102,-147.856003,439
FAO,LPFR,Faro - Gago Coutinho International Airport,PT,Faro,37.015909,-7.970939,24
FAR,KFAR,Hector International Airport,US,Fargo,46.9207,-96.815804,902
FAT,KFAT,Fresno Yosemite International Airport,US,Fresno,36.775767,-119.718018,336
FAV,NTGF,Fakarava Airport,PF,,-16.054100036621094,-145.65699768066406,13
FAY,KFAY,Fayetteville Regional Airport - Grannis Field,US,Fayetteville,34.991199,-78.880302,189
FAZ,OISF,Fasa Airport,IR,Fasa,28.8918,53.723301,4261
FBD,OAFZ,Fayzabad Airport,AF,Fayzabad,37.122148,70.5201,3872
FBE,SSFB,Paulo Abdala Airport,BR,Francisco Beltrão,-26.05938,-53.063827,2113
FBG,KFBG,Simmons Army Air Field,US,Fort Bragg,35.13180161,-78.93669891,244
FBK,PAFB,Ladd Army Airfield,US,Fairbanks,64.837502,-147.613998,454
FBM,FZQA,Lubumbashi International Airport,CD,Lubumbashi,-11.591494,27.530753,4295
FCA,KGPI,Glacier Park International Airport,US,Kalispell,48.310501,-114.255997,2977
FCB,FAFB,Ficksburg Sentraoes Airport,ZA,Ficksburg,-28.82309913635254,27.908899307250977,5315
FCN,ETMN,Sea-Airport Cuxhaven/Nordholz / Nordholz Naval Airbase,DE,Wurster Nordseeküste,53.767689,8.659201,74
FCO,LIRF,Rome–Fiumicino Leonardo da Vinci International Airport,IT,Rome,41.804532,12.251998,13
FCS,KFCS,Butts AAF (Fort Carson) Air Field,US,Fort Carson,38.67839813,-104.7570038,5838
FDE,ENBL,"Førde Airport, Bringeland",NO,Førde,61.391102,5.75694,1046
FDF,TFFF,Martinique Aimé Césaire International Airport,MQ,Fort-de-France,14.591,-61.003201,16
FDH,EDNY,Bodensee Airport Friedrichshafen,DE,Friedrichshafen,47.671299,9.51149,1367
FDU,FZBO,Bandundu Airport,CD,Bandundu,-3.31132,17.381701,1063
FDY,KFDY,Findlay Airport,US,Findlay,41.013500213600004,-83.66870117190001,813
FEC,SDIY,João Durval Carneiro Airport,BR,Feira de Santana,-12.200694,-38.906164,781
FEG,UZFF,Fergana International Airport,UZ,Fergana,40.358799,71.745003,1980
FEN,SBFN,Fernando de Noronha Airport,BR,Fernando de Noronha,-3.854534,-32.423017,193
FEZ,GMFF,Fes Saïss International Airport,MA,Saïss,33.927299,-4.97796,1900
FFD,EGVA,RAF Fairford,GB,"Fairford, Gloucestershire",51.683568,-1.789172,286
FFO,KFFO,Wright-Patterson Air Force Base,US,Dayton,39.826099,-84.048302,823
FGU,NTGB,Fangatau Airport,PF,Fangatau,-15.820044,-140.888071,9
FHU,KFHU,Sierra Vista Municipal Airport / Libby Army Air Field,US,Fort Huachuca / Sierra Vista,31.587383,-110.348225,4719
FHZ,NTKH,Fakahina Airport,PF,Fakahina,-15.992259,-140.164246,3
FIE,EGEF,Fair Isle Airport,GB,Fair Isle,59.534721,-1.628509,223
FIH,FZAA,Ndjili International Airport,CD,Kinshasa,-4.38575,15.4446,1027
FIZ,YFTZ,Fitzroy Crossing Airport,AU,,-18.183596,125.559783,368
FJR,OMFJ,Fujairah International Airport,AE,Fujairah,25.108411,56.328061,152
FKB,EDSB,Karlsruhe Baden-Baden Airport,DE,Rheinmünster,48.7794,8.0805,408
FKI,FZIC,Bangoka International Airport,CD,Kisangani,0.481639,25.337999,1417
FKJ,RJNF,Fukui Airport,JP,Fukui,36.142799,136.223999,19
FKL,KFKL,Venango Regional Airport,US,Franklin,41.3778991699,-79.8603973389,1540
FKQ,WASF,Fakfak Airport,ID,Fakfak,-2.920508,132.267011,462
FKS,RJSF,Fukushima Airport,JP,Sukagawa,37.22740173339844,140.43099975585938,1221
FLA,SKFL,Gustavo Artunduaga Paredes Airport,CO,Florencia,1.58919,-75.5644,803
FLG,KFLG,Flagstaff Pulliam Airport,US,Flagstaff,35.139757,-111.669826,7014
FLL,KFLL,Fort Lauderdale Hollywood International Airport,US,Fort Lauderdale,26.072599,-80.152702,9
FLN,SBFL,Hercílio Luz International Airport,BR,Florianópolis,-27.670279,-48.552502,16
FLO,KFLO,Florence Regional Airport,US,Florence,34.18539810180664,-79.7238998413086,146
FLR,LIRQ,"Florence Airport, Peretola",IT,Firenze (FI),43.808558,11.202822,142
FLS,YFLI,Flinders Island Airport,AU,Whitemark,-40.091702,147.992996,10
FLW,LPFL,Flores Airport,PT,Santa Cruz das Flores,39.455299377441406,-31.131399154663086,112
FLZ,WIMS,Dr. Ferdinand Lumban Tobing Airport,ID,Sibolga (Pinangsori),1.557127,98.887145,33
FMA,SARF,Formosa National Airport,AR,Formosa,-26.2127,-58.2281,193
FME,KFME,Fort Meade Executive Airport,US,Fort Meade(Odenton),39.0854,-76.759399,150
FMI,FZRF,Kalemie Airport,CD,Kalemie,-5.87556,29.25,2569
FMM,EDJA,Memmingen Allgau Airport,DE,Memmingen,47.988092,10.238248,2077
FMN,KFMN,Four Corners Regional Airport,US,Farmington,36.741199,-108.230003,5506
FMO,EDDG,Münster Osnabrück Airport,DE,Greven,52.133816,7.688482,160
FMT,VRQF,Faresmaathoda Airport,MV,Faresmaathodaa,0.192647,73.196755,
FMY,KFMY,Page Field,US,Fort Myers,26.58659935,-81.86329650879999,17
FNA,GFLL,Lungi International Airport,SL,Freetown (Lungi-Town),8.61644,-13.1955,84
FNB,EDBN,Neubrandenburg Trollenhagen Airport,DE,Trollenhagen,53.6022,13.306,228
FNC,LPMA,Cristiano Ronaldo International Airport,PT,Funchal,32.697812,-16.774613,192
FND,VRCF,Funadhoo Airport,MV,Funadhoo,6.162443,73.28752,
FNI,LFTW,Nîmes-Arles-Camargue Airport,FR,Nîmes/Garons,43.757401,4.41635,309
FNJ,ZKPY,Pyongyang Sunan International Airport,KP,Pyongyang,39.224098,125.669998,117
FNL,KFNL,Northern Colorado Regional Airport,US,Loveland,40.44969,-105.011272,5016
FNT,KFNT,Bishop International Airport,US,Flint,42.969294,-83.743355,782
FOA,GB-FOA,Foula Airfield,GB,Foula,60.121916,-2.053439,150
FOC,ZSFZ,Fuzhou Changle International Airport,CN,Fuzhou (Changle),25.929254,119.672524,46
FOD,KFOD,Fort Dodge Regional Airport,US,Fort Dodge,42.552624,-94.191237,1156
FOE,KFOE,Topeka Regional Airport,US,Topeka,38.950901,-95.663597,1078
FOG,LIBF,Foggia Gino Lisa Airport,IT,Foggia (FG),41.433596,15.534566,265
FOM,FKKM,Foumban Nkounja Airport,CM,Foumban,5.63692,10.7508,3963
FON,MRAN,La Fortuna Arenal Airport,CR,La Fortuna,10.469311,-84.579073,342
FOR,SBFZ,Pinto Martins International Airport,BR,Fortaleza,-3.775833,-38.532222,83
FOS,YFRT,Forrest Airport,AU,,-30.83662,128.112811,511
FPO,MYGF,Grand Bahama International Airport,BS,Freeport,26.557996,-78.695583,7
FPR,KFPR,Treasure Coast International Airport,US,Fort Pierce,27.4951,-80.368301,24
FRA,EDDF,Frankfurt Main Airport,DE,Frankfurt am Main,50.026706,8.55835,364
FRB,YFBS,Forbes Airport,AU,Forbes,-33.363602,147.934998,760
FRD,KFHR,Friday Harbor Airport,US,Friday Harbor,48.523654,-123.024645,113
FRE,AGGF,Fera/Maringe Airport,SB,Fera Island,-8.1075,159.576996,9
FRG,KFRG,Republic Airport,US,East Farmingdale,40.728576,-73.414267,82
FRI,KFRI,Marshall Army Air Field,US,Fort Riley (Junction City),39.053021,-96.764202,1065
FRL,LIPK,Forlì-Luigi Ridolfi International Airport,IT,Forlì (FC),44.194801,12.0701,97
FRO,ENFL,Florø Airport,NO,Florø,61.583599090576,5.0247201919556,37
FRS,MGMM,Mundo Maya International Airport,GT,San Benito,16.913707,-89.866143,427
FRW,FBPM,Phillip Gaonwe Matante International Airport,BW,Francistown,-21.159183,27.468826,3283
FRZ,ETHF,Fritzlar Army Airfield,DE,Fritzlar,51.1146,9.286,565
FSC,LFKF,Figari Sud-Corse Airport,FR,Figari,41.50185,9.097092,85
FSD,KFSD,Sioux Falls Regional Airport,US,Sioux Falls,43.585463,-96.741152,1429
FSH,WIMI,Syekh Hamzah Fansyuri Airport,ID,Singkil,2.269614,97.967863,17
FSI,KFSI,Henry Post Army Air Field,US,Fort Sill,34.649799,-98.402199,1189
FSM,KFSM,Fort Smith Regional Airport,US,Fort Smith,35.336601,-94.367401,469
FSP,LFVP,Saint-Pierre Pointe-Blanche Airport,PM,Saint-Pierre,46.762651,-56.17499,27
FST,KFST,Fort Stockton Pecos County Airport,US,Fort Stockton,30.9157009125,-102.916000366,3011
FSZ,RJNS,Mount Fuji Shizuoka Airport,JP,Makinohara / Shimada,34.795022,138.190976,433
FTA,NVVF,Futuna Airport,VU,Futuna Island,-19.516399383499998,170.231994629,95
FTE,SAWC,El Calafate - Commander Armando Tola International Airport,AR,El Calafate,-50.280267,-72.053401,669
FTI,NSFQ,Fitiuta Airport,AS,Fitiuta Village,-14.216131,-169.423771,110
FTK,KFTK,Godman Army Air Field,US,Fort Knox,37.907100677500004,-85.9720993042,756
FTU,FMSD,Tôlanaro Airport,MG,Tôlanaro,-25.038099,46.9561,29
FTW,KFTW,Fort Worth Meacham International Airport,US,Fort Worth,32.819919,-97.360818,710
FTX,FCOO,Owando Airport,CG,Owando,-0.524566,15.93782,1214
FTY,KFTY,Fulton County Airport Brown Field,US,Atlanta,33.7790985107,-84.5214004517,841
FUE,GCFV,Fuerteventura Airport,ES,El Matorral,28.4527,-13.8638,85
FUG,ZSFY,Fuyang Xiguan Airport,CN,"Yingzhou, Fuyang",32.882157,115.734364,104
FUJ,RJFE,Fukue Airport,JP,Goto,32.666302,128.832993,273
FUK,RJFF,Fukuoka Airport,JP,Fukuoka,33.585899353027344,130.4510040283203,32
FUN,NGFU,Funafuti International Airport,TV,Funafuti,-8.523885,179.196976,9
FUO,ZGFS,Foshan Shadi Airport,CN,Foshan (Nanhai),23.0825,113.070833,6
FUT,NLWF,Pointe Vele Airport,WF,Futuna Island,-14.311565,-178.066492,20
FWA,KFWA,Fort Wayne International Airport,US,Fort Wayne,40.978896,-85.194465,814
FWH,KNFW,NAS Fort Worth JRB / Carswell Field,US,Fort Worth,32.769199,-97.441498,650
FXE,KFXE,Fort Lauderdale Executive Airport,US,Fort Lauderdale,26.1972999573,-80.1707000732,13
FYJ,ZYFY,Fuyuan Dongji Airport,CN,Fuyuan,48.197219,134.36298,
FYN,ZWFY,Fuyun Koktokay Airport,CN,Fuyun,46.804169,89.512006,3081
FYT,FTTY,Faya-Largeau Airport,TD,Faya-Largeau,17.917101,19.111099,771
FYU,PFYU,Fort Yukon Airport,US,Fort Yukon,66.571651,-145.249987,433
FYV,KFYV,Drake Field,US,Fayetteville,36.00510025024414,-94.17009735107422,1251
GAE,DTTG,Gabès Matmata International Airport,TN,Gabès,33.733691,9.91941,407
GAF,DTTF,Gafsa Ksar International Airport,TN,Gafsa,34.422001,8.8225,1060
GAJ,RJSC,Yamagata Airport,JP,Higashine,38.4119,140.371002,353
GAL,PAGA,Edward G. Pitka Sr Airport,US,Galena,64.736198,-156.936997,153
GAM,PAGM,Gambell Airport,US,Gambell,63.767694,-171.733303,27
GAN,VRMG,Gan International Airport,MV,Gan,-0.692975,73.152627,6
GAO,MUGT,Mariana Grajales Airport,CU,Guantánamo,20.0853,-75.158302,56
GAQ,GAGO,Gao International Airport,ML,Gao,16.248466,-0.005389,870
GAU,VEGT,Lokpriya Gopinath Bordoloi International Airport,IN,Guwahati,26.106654,91.585226,162
GAX,FOGX,Gamba Airport,GA,Gamba,-2.785278,10.047222,30
GAY,VEGY,Gaya Airport,IN,Gaya,24.744301,84.951202,380
GBB,UBBQ,Gabala International Airport,AZ,Gabala,40.808617,47.725389,935
GBE,FBSK,Sir Seretse Khama International Airport,BW,Gaborone,-24.555201,25.9182,3299
GBI,VOGB,Kalaburagi Airport,IN,Kalaburagi,17.308154,76.965246,1571
GBJ,TFFM,Marie-Galante Airport,GP,Grand-Bourg,15.868925,-61.270087,16
GBT,OING,Gorgan Airport,IR,Gorgan,36.909400939899996,54.4012985229,-24
GBZ,NZGB,Great Barrier Aerodrome,NZ,Claris,-36.241402,175.472,20
GCC,KGCC,Northeast Wyoming Regional Airport,US,Gillette,44.3489,-105.539001,4365
GCH,OIAH,Gachsaran Airport,IR,Gachsaran,30.333869,50.833796,2414
GCI,EGJB,Guernsey Airport,GG,Saint Peter Port,49.435001,-2.60197,336
GCJ,FAGC,Grand Central Airport,ZA,Midrand,-25.986299514799995,28.1401004791,5325
GCK,KGCK,Garden City Regional Airport,US,Garden City,37.9275016785,-100.723999023,2891
GCM,MWCR,Owen Roberts International Airport,KY,George Town,19.292801,-81.357697,8
GCN,KGCN,Grand Canyon National Park Airport,US,Grand Canyon - Tusayan,35.9524,-112.147003,6609
GDB,VAGD,Gondia Airport,IN,Gondia,21.526817,80.290347,987
GDE,HAGO,Gode Airport,ET,Gode,5.93513011932,43.5786018372,834
GDL,MMGL,Guadalajara International Airport,MX,Guadalajara,20.523342,-103.310108,5016
GDN,EPGD,Gdańsk Lech Wałęsa Airport,PL,Gdańsk,54.377602,18.4662,489
GDO,SVGD,Guasdualito Airport,VE,Guasdualito,7.210834,-70.756386,427
GDQ,HAGN,Gondar Airport,ET,Azezo,12.5199,37.433998,6449
GDT,MBGT,JAGS McCartney International Airport,TC,Cockburn Town,21.4445,-71.142303,13
GDV,KGDV,Dawson Community Airport,US,Glendive,47.137658,-104.80691,2458
GDX,UHMM,Sokol Airport,RU,Magadan,59.9109992980957,150.72000122070312,574
GDZ,URKG,Gelendzhik Airport,RU,Gelendzhik,44.5820926295,38.0124807358,98
GEA,NWWM,Nouméa Magenta Airport,NC,Nouméa,-22.257706,166.472822,10
GEC,LCGK,Lefkoniko Airport / Geçitkale Air Base,CY,Lefkoniko (Geçitkale),35.23591,33.720088,146
GEG,KGEG,Spokane International Airport,US,Spokane,47.6199,-117.533997,2376
GEL,SBNM,Santo Ângelo Airport,BR,Santo Ângelo,-28.282503,-54.169623,1056
GEM,FGMY,President Obiang Nguema International Airport,GQ,Mengomeyén,1.676437,11.024904,2165
GEO,SYCJ,Cheddi Jagan International Airport,GY,Georgetown,6.49855,-58.254101,95
GER,MUNG,Rafael Cabrera Airport,CU,Nueva Gerona,21.834699630737305,-82.78379821777344,79
GES,RPMR,General Santos International Airport,PH,General Santos,6.057208,125.096243,505
GET,YGEL,Geraldton Airport,AU,Moonyoonooka,-28.796101,114.707001,121
GEV,ESNG,Gällivare Airport,SE,Gällivare,67.13240051269531,20.814599990844727,1027
GFF,YGTH,Griffith Airport,AU,Griffith,-34.2508010864,146.067001343,439
GFK,KGFK,Grand Forks International Airport,US,Grand Forks,47.949299,-97.176102,845
GFL,KGFL,Floyd Bennett Memorial Airport,US,Glens Falls,43.3412017822,-73.6102981567,328
GFN,YGFN,Clarence Valley Regional Airport,AU,Grafton,-29.754795,153.031234,110
GFR,LFRF,Granville Airport,FR,"Bréville-sur-Mer, Manche",48.883099,-1.56417,45
GFY,FYGF,Grootfontein Airport,NA,Grootfontein,-19.6022,18.1227,4636
GGF,SNYA,Almeirim Airport,BR,Almeirim,-1.479524,-52.578214,584
GGG,KGGG,East Texas Regional Airport,US,Longview,32.38399887084961,-94.71150207519531,365
GGJ,SSGY,Guaíra Airport,BR,Guaíra,-24.0811,-54.1917,889
GGR,HCGR,Garowe Airport,SO,Garowe,8.458474,48.568136,1465
GGS,SAWR,Gobernador Gregores Airport,AR,Gobernador Gregores,-48.7831,-70.150002,356
GGT,MYEF,Exuma International Airport,BS,Moss Town,23.562599,-75.877998,9
GGW,KGGW,Glasgow Valley County Airport Wokal Field,US,Glasgow,48.212502,-106.614998,2296
GHA,DAUG,Noumérat - Moufdi Zakaria Airport,DZ,El Atteuf,32.384102,3.79411,1512
GHB,MYEM,Governor's Harbour Airport,BS,Governor's Harbour,25.2847,-76.331001,26
GHC,MYBG,Great Harbour Cay Airport,BS,Bullocks Harbour,25.7383,-77.840103,18
GHN,ZUGH,Guanghan Airport,CN,Deyang (Guanghan),30.9485,104.3296,1531
GHT,HLGT,Ghat Airport,LY,Ghat,25.145599,10.1426,2296
GHU,SAAG,Gualeguaychu Airport,AR,Gualeguaychu,-33.005567,-58.612833,75
GHV,LRBV,Brașov-Ghimbav International Airport,RO,Brașov (Ghimbav),45.70558,25.522871,1740
GIB,LXGB,Gibraltar Airport,GI,Gibraltar,36.151679,-5.34978,12
GIC,YBOI,Boigu Island Airport,AU,Boigu Island,-9.23278,142.218002,23
GID,HBBE,Gitega Airport,BI,Gitega,-3.417209,29.911308,5741
GIG,SBGL,Rio Galeão – Tom Jobim International Airport,BR,Rio De Janeiro,-22.809999,-43.250557,28
GIL,OPGT,Gilgit Airport,PK,Gilgit,35.918800354003906,74.33360290527344,4796
GIR,SKGI,Santiago Vila Airport,CO,Girardot,4.27624,-74.7967,900
GIS,NZGS,Gisborne Airport,NZ,Gisborne,-38.6633,177.977997,15
GIZ,OEGN,Jizan Regional Airport / King Abdullah bin Abdulaziz Airport,SA,Jizan,16.9011,42.5858,20
GJA,MHNJ,La Laguna Airport,HN,Guanaja,16.4454,-85.906601,49
GJL,DAAV,Jijel Ferhat Abbas Airport,DZ,Tahir,36.794125,5.873652,36
GJM,SBGM,Guajará-Mirim Airport,BR,Guajará-Mirim,-10.78641,-65.28486,478
GJT,KGJT,Grand Junction Regional Airport,US,Grand Junction,39.126663,-108.529387,4858
GKA,AYGA,Goroka Airport,PG,Goronka,-6.081689834590001,145.391998291,5282
GKE,ETNG,Geilenkirchen Air Base,DE,Geilenkirchen,50.9608,6.04242,296
GKK,VRMO,Kooddoo Airport,MV,Huvadhu Atoll,0.7324,73.4336,29
GKN,PAGK,Gulkana Airport,US,Gulkana,62.155859,-145.454662,1586
GLA,EGPF,Glasgow Airport,GB,Glasgow,55.871899,-4.43306,26
GLD,KGLD,Goodland Municipal Airport,US,Goodland,39.370701,-101.699753,3656
GLF,MRGF,Golfito Airport,CR,Golfito,8.65401,-83.182198,49
GLH,KGLH,Mid Delta Regional Airport,US,Greenville,33.482899,-90.985603,131
GLI,YGLI,Glen Innes Airport,AU,Glen Innes,-29.676029,151.691156,3433
GLK,HCMR,Galcaio Airport,SO,Galcaio,6.78082990646,47.45470047,975
GLO,EGBJ,Gloucestershire Airport,GB,"Staverton, Gloucestershire",51.894199,-2.16722,101
GLS,KGLS,Scholes International At Galveston Airport,US,Galveston,29.265301,-94.860397,6
GLT,YGLA,Gladstone Airport,AU,Gladstone,-23.869763,151.225439,64
GLU,VQGP,Gelephu Airport,BT,Gelephu,26.88456,90.46412,980
GLV,PAGL,Golovin Airport,US,Golovin,64.550499,-163.007004,59
GLZ,EHGR,Gilze Rijen Air Base,NL,Rijen,51.567402,4.93183,49
GMA,FZFK,Gemena Airport,CD,Gemena,3.23537,19.771299,1378
GMB,HAGM,Gambela Airport,ET,Gambela,8.12876,34.563099,1614
GME,UMGG,Gomel Airport,BY,Gomel,52.527000427246094,31.016700744628906,472
GMI,AYGT,Gasmata Island Airport,PG,Gasmata Island,-6.27111005783,150.330993652,23
GMO,DNGO,Gombe Lawanti International Airport,NG,Gombe,10.298889,10.9,1590
GMP,RKSS,Seoul Gimpo International Airport,KR,Seoul,37.5583,126.791,59
GMQ,ZLGL,Golog Maqên Airport,CN,Golog (Maqên),34.418066,100.301144,12426
GMR,NTGJ,Totegegie Airport,PF,,-23.07990074157715,-134.88999938964844,7
GMU,KGMU,Greenville Downtown Airport,US,Greenville,34.847903,-82.350217,1048
GMZ,GCGM,La Gomera Airport,ES,"Alajero, La Gomera Island",28.0296,-17.2146,716
GNA,UMMG,Hrodna Airport,BY,Hrodna,53.602001,24.053801,443
GNB,LFLS,Grenoble Alpes Isère Airport,FR,Grenoble,45.3629,5.32937,1302
GND,TGPY,Maurice Bishop International Airport,GD,Saint George's,12.003996,-61.785302,41
GNJ,UBBG,Ganja International Airport,AZ,Ganja,40.738692,46.320383,1083
GNS,WIMB,Binaka Airport,ID,Gunungsitoli,1.166275,97.705196,20
GNU,GNU,Goodnews Airport,US,Goodnews,59.117561,-161.575241,15
GNV,KGNV,Gainesville Regional Airport,US,Gainesville,29.6900997162,-82.2717971802,152
GNY,LTCS,Şanlıurfa GAP Airport,TR,Şanlıurfa,37.445663,38.895592,2708
GOA,LIMJ,Genoa Cristoforo Colombo Airport,IT,Genova (GE),44.412039,8.840732,13
GOH,BGGH,Nuuk International Airport,GL,Nuuk,64.191066,-51.67914,283
GOI,VOGO,Goa Dabolim International Airport,IN,Vasco da Gama,15.380062,73.833328,150
GOJ,UWGG,Nizhny Novgorod / Strigino International Airport,RU,Nizhny Novgorod,56.227351,43.785152,256
GOM,FZNA,Goma International Airport,CD,Goma,-1.666758,29.238037,5089
GON,KGON,Groton New London Airport,US,Groton,41.330101,-72.045097,9
GOP,VEGK,Gorakhpur Airport,IN,Gorakhpur,26.739700317399997,83.4496994019,259
GOQ,ZLGM,Golmud Airport,CN,Golmud,36.4006,94.786102,9334
GOT,ESGG,Göteborg Landvetter Airport,SE,Göteborg,57.6628,12.2798,506
GOU,FKKR,Garoua International Airport,CM,Garoua,9.334785,13.372129,794
GOV,YPGV,Gove Airport,AU,Nhulunbuy,-12.269399642899998,136.817993164,192
GOX,VOGA,Manohar International Airport,IN,Mopa,15.744257,73.860625,552
GOY,UNIT,Tura Mountain Airport,RU,Tura,64.333511,100.432892,2044
GOZ,LBGO,Gorna Oryahovitsa Airport,BG,Gorna Oryahovitsa,43.151402,25.7129,285
GPA,LGRX,Patras Araxos Agamemnon Airport,GR,Patras,38.1511,21.4256,46
GPI,SKGP,Guapi Airport,CO,Guapi,2.57013,-77.897969,164
GPL,MRGP,Guapiles Airport,CR,Pococi,10.2172002792,-83.79699707030001,883
GPN,YGPT,Garden Point Airport,AU,Pirlangimpi,-11.399686,130.425568,90
GPO,SAZG,General Pico Airport,AR,General Pico,-35.696201,-63.758301,459
GPS,SEGS,Seymour Galapagos Ecological Airport,EC,Isla Baltra,-0.453758,-90.2659,207
GPT,KGPT,Gulfport Biloxi International Airport,US,Gulfport,30.405582,-89.069836,28
GRB,KGRB,Austin Straubel International Airport,US,Green Bay,44.483459,-88.130805,695
GRF,KGRF,Gray Army Air Field,US,Fort Lewis/Tacoma,47.07920074,-122.5810013,300
GRI,KGRI,Central Nebraska Regional Airport,US,Grand Island,40.967498779296875,-98.30960083007812,1847
GRJ,FAGG,George Airport,ZA,George,-34.0056,22.378902,648
GRK,KGRK,Killeen Regional Airport / Robert Gray Army Airfield,US,Fort Cavazos,31.0672,-97.828903,1015
GRO,LEGE,Girona-Costa Brava Airport,ES,Girona,41.904639,2.761774,468
GRQ,EHGG,Groningen Airport Eelde,NL,Groningen,53.119107,6.577652,17
GRR,KGRR,Gerald R. Ford International Airport,US,Grand Rapids,42.880798,-85.522797,794
GRS,LIRS,Grosseto Corrado Baccarini Air Base / Grosseto Airport,IT,Grosseto (GR),42.759701,11.0719,17
GRU,SBGR,São Paulo/Guarulhos–Governor André Franco Montoro International Airport,BR,São Paulo,-23.431274,-46.469954,2461
GRV,URMG,Akhmat Kadyrov Grozny International Airport,RU,Grozny,43.388106,45.699772,548
GRW,LPGR,Graciosa Airport,PT,Santa Cruz da Graciosa,39.092201232910156,-28.029800415039062,86
GRX,LEGR,F.G.L. Airport Granada-Jaén Airport,ES,Granada,37.188702,-3.77736,1860
GRY,BIGR,Grímsey Airport,IS,Grímsey/Sandvík,66.5458,-18.0173,66
GRZ,LOWG,Graz Airport,AT,Feldkirchen bei Graz,46.9911,15.4396,1115
GSB,KGSB,Seymour Johnson Air Force Base,US,Goldsboro,35.339401,-77.960602,109
GSE,ESGP,Säve Airport,SE,Göteborg,57.7747,11.8704,59
GSJ,MGSJ,San José Airport,GT,Puerto San José,13.9362,-90.8358,29
GSM,OIKQ,Qeshm International Airport,IR,Qeshm(Dayrestan),26.754639,55.902353,45
GSO,KGSO,Piedmont Triad International Airport,US,Greensboro,36.09937,-79.937262,925
GSP,KGSP,Greenville-Spartanburg International Airport,US,Greenville/Greer/Spartanburg,34.895699,-82.218903,964
GST,PAGS,Gustavus Airport,US,Gustavus,58.4253006,-135.7070007,35
GSV,UWSG,Gagarin International Airport,RU,Saratov,51.712778,46.171111,103
GTA,AGOK,Gatokae Aerodrome,SB,Gatokae,-8.738358,158.202836,70
GTE,YGTE,Groote Eylandt Airport,AU,Groote Eylandt,-13.972405,136.458553,53
GTF,KGTF,Great Falls International Airport,US,Great Falls,47.481998,-111.371002,3680
GTN,NZGT,Glentanner Airport,NZ,Glentanner Station,-43.906700134277344,170.1280059814453,1824
GTO,WAMG,Jalaluddin Airport,ID,Gorontalo,0.637119,122.849998,105
GTR,KGTR,Golden Triangle Regional Airport,US,Columbus/W Point/Starkville,33.450298,-88.5914,264
GUA,MGGT,La Aurora International Airport,GT,Guatemala City,14.582896,-90.527515,4952
GUB,MMGR,Guerrero Negro Airport,MX,San Quintín,28.0261,-114.024002,59
GUC,KGUC,Gunnison Crested Butte Regional Airport,US,Gunnison,38.534672,-106.934566,7680
GUH,YGDH,Gunnedah Airport,AU,,-30.957511,150.248981,863
GUI,SVGI,Guiria Airport,VE,,10.574077606200001,-62.3126678467,42
GUJ,SBGW,Edu Chaves Field,BR,Guaratinguetá,-22.791599,-45.2048,1761
GUL,YGLB,Goulburn Airport,AU,,-34.810298919677734,149.7259979248047,2141
GUM,PGUM,Antonio B. Won Pat International Airport,GU,Hagåtña,13.485,144.797282,298
GUP,KGUP,Gallup Municipal Airport,US,Gallup,35.511653,-108.788166,6472
GUQ,SVGU,Guanare Airport,VE,Guanare,9.026944,-69.75515,606
GUR,AYGN,Gurney Airport,PG,Gurney,-10.3114995956,150.333999634,88
GUS,KGUS,Grissom Air Reserve Base,US,Peru,40.648102,-86.1521,812
GUW,UATG,Atyrau International Airport,KZ,Atyrau,47.121318,51.820343,-72
GUY,KGUY,Guymon Municipal Airport,US,Guymon,36.6851005554,-101.508003235,3123
GUZ,SNGA,Guarapari Airport,BR,Guarapari,-20.6465,-40.491901,30
GVA,LSGG,Geneva International Airport,CH,Geneva,46.238098,6.10895,1411
GVN,UHKM,Sovetskaya Gavan (Maygatka) Airport,RU,Sovetskaya Gavan,48.925067,140.035348,768
GVR,SBGV,Coronel Altino Machado Airport,BR,Governador Valadares,-18.895882,-41.982869,561
GWD,OPGW,New Gwadar International Airport,PK,Gurandani,25.296733,62.498822,61
GWE,FVTL,Josiah Tungamirai Air Force Base,ZW,Gweru,-19.436718,29.861945,4680
GWL,VIGR,Gwalior Airport,IN,Gwalior,26.29330062866211,78.22779846191406,617
GWO,KGWO,Greenwood–Leflore Airport,US,Greenwood,33.495025,-90.088204,162
GWT,EDXW,Westerland Sylt Airport,DE,Sylt,54.9132,8.34047,51
GXF,OYSY,Seiyun Hadhramaut International Airport,YE,Seiyun,15.965887,48.788146,2097
GXG,FNNG,Negage Airport,AO,Negage,-7.754509925842285,15.287699699401855,4105
GXH,ZLXH,Gannan Xiahe Airport,CN,Gannan (Xiahe),34.819014,102.622261,10510
GXQ,SCCY,Teniente Vidal Airport,CL,Coyhaique,-45.5942,-72.106102,1020
GYA,SLGM,Guayaramerín Airport,BO,Guayaramerín,-10.88856,-65.380955,456
GYD,UBBB,Heydar Aliyev International Airport,AZ,Baku,40.47278,50.050931,10
GYE,SEGU,José Joaquín de Olmedo International Airport,EC,Guayaquil,-2.15742,-79.883598,19
GYG,UEMM,Magan Airport,RU,Magan,62.103484,129.545288,577
GYI,HRYG,Gisenyi Airport,RW,Gisenyi,-1.6772,29.2589,5082
GYM,MMGM,General José María Yáñez International Airport,MX,Guaymas,27.9689998626709,-110.92500305175781,59
GYN,SBGO,Santa Genoveva International Airport,BR,Goiânia,-16.632,-49.220699,2450
GYS,ZUGU,Guangyuan Panlong Airport,CN,Guangyuan (Lizhou),32.390254,105.694571,
GYU,ZLGY,Guyuan Liupanshan Airport,CN,Guyuan (Yuanzhou),36.078889,106.216944,5727
GYY,KGYY,Gary/Chicago International Airport,US,Gary,41.617087,-87.413206,591
GYZ,YGRM,Gruyere Airport,AU,Cosmo Newbery,-28.034548,123.81506,1542
GZG,ZUGZ,Garze Gesar Airport,CN,Garzê (Garzê),31.7575,99.554167,13346
GZO,AGGN,Nusatupe Airport,SB,Gizo,-8.09778022766,156.863998413,13
GZP,LTFG,Gazipaşa-Alanya Airport,TR,Gazipaşa,36.298832,32.297017,92
GZT,LTAJ,Gaziantep Oğuzeli International Airport,TR,Gaziantep,36.947201,37.478699,2315
GZW,OIIK,Qazvin Airport,IR,Qazvin,36.240101,50.0471,4184
HAA,ENHK,Hasvik Airport,NO,Hasvik,70.486702,22.1397,21
HAC,RJTH,Hachijojima Airport,JP,Hachijojima,33.114843,139.785645,303
HAD,ESMT,Halmstad Airport,SE,Halmstad,56.69110107421875,12.820199966430664,101
HAH,FMCH,Prince Said Ibrahim International Airport,KM,Moroni,-11.5337,43.2719,93
HAJ,EDDV,Hannover Airport,DE,Hannover,52.461102,9.68508,183
HAK,ZJHK,Haikou Meilan International Airport,CN,Haikou (Meilan),19.9349,110.459,75
HAL,FYHI,Halali Airport,NA,Halali,-19.0285,16.4585,3639
HAM,EDDH,Hamburg Helmut Schmidt Airport,DE,Hamburg,53.630402,9.98823,53
HAN,VVNB,Noi Bai International Airport,VN,Hanoi (Soc Son),21.221201,105.806999,39
HAQ,VRMH,Hanimaadhoo International Airport,MV,Haa Dhaalu Atoll,6.743235,73.167072,4
HAS,OEHL,Hail International Airport,SA,Hail,27.437901,41.686298,3331
HAU,ENHD,"Haugesund Airport, Karmøy",NO,Karmøy,59.345299,5.20836,86
HAV,MUHA,José Martí International Airport,CU,Havana,22.989200592041016,-82.40910339355469,210
HAW,EGFE,Haverfordwest Airport,GB,Haverfordwest,51.833099365234375,-4.9611101150512695,159
HBA,YMHB,Hobart International Airport,AU,Hobart (Cambridge),-42.837032,147.513022,13
HBE,HEAX,Alexandria International Airport,EG,Alexandria,30.93249,29.696437,171
HBG,KHBG,Hattiesburg Bobby L Chain Municipal Airport,US,Hattiesburg,31.26479912,-89.25279999,151
HBQ,ZLHB,Haibei Qilian Airport,CN,Haibei (Qilian),38.008068,100.645065,10377
HBR,KHBR,Hobart Regional Airport,US,Hobart,34.991317,-99.051313,1563
HBX,VOHB,Hubballi Airport,IN,Hubballi,15.361084,75.082096,2171
HCJ,ZGHC,Hechi Jinchengjiang Airport,CN,Hechi (Jinchengjiang),24.804344,107.710819,2221
HCN,RCKW,Hengchun Airport,TW,Hengchun,22.0411,120.730003,46
HCQ,YHLC,Halls Creek Airport,AU,,-18.2339,127.669998,1346
HCR,PAHC,Holy Cross Airport,US,Holy Cross,62.18830108642578,-159.77499389648438,70
HCZ,ZGCZ,Chenzhou Beihu Airport,CN,Chenzhou,25.753419,112.845404,1071
HDD,OPKD,Hyderabad Airport,PK,Hyderabad,25.3181,68.366096,130
HDF,EDAH,Heringsdorf Airport,DE,Zirchow,53.8787,14.1523,94
HDG,ZBHD,Handan Airport,CN,Handan,36.524824,114.424126,229
HDK,VRBK,Kulhudhuffushi Airport,MV,Kulhudhuffushi,6.630762,73.067815,
HDM,OIHH,Hamadan Airport,IR,Hamadan,34.866416,48.56069,5755
HDN,KHDN,Yampa Valley Airport,US,Hayden,40.481201,-107.218002,6606
HDO,VIDX,Hindon Airport / Hindon Air Force Station,IN,Ghaziabad,28.707701,77.358902,700
HDS,FAHS,Eastgate Airport / Air Force Base Hoedspruit,ZA,Hoedspruit,-24.361864,31.052921,1801
HDY,VTSS,Hat Yai International Airport,TH,Hat Yai,6.93321,100.392998,90
HEA,OAHR,Herat - Khwaja Abdullah Ansari International Airport,AF,Guzara,34.209999,62.228298,3206
HEH,VYHH,Heho Airport,MM,Heho,20.74714,96.792029,3858
HEI,EDXB,Heide-Büsum Airport,DE,Oesterdeichstrich,54.153332,8.901667,7
HEK,ZYHE,Heihe Aihui Airport,CN,Heihe,50.171621,127.308884,1047
HEL,EFHK,Helsinki Vantaa Airport,FI,Helsinki (Vantaa),60.318363,24.963341,179
HER,LGIR,Heraklion International Nikos Kazantzakis Airport,GR,Heraklion,35.339699,25.1803,115
HET,ZBHH,Hohhot Baita International Airport,CN,Hohhot,40.849658,111.824598,3556
HFA,LLHA,Uri Michaeli Haifa International Airport,IL,Haifa,32.810219,35.043719,28
HFD,KHFD,Hartford Brainard Airport,US,Hartford,41.736698150635,-72.649398803711,18
HFE,ZSOF,Hefei Xinqiao International Airport,CN,Hefei,31.98779,116.9769,207
HFN,BIHN,Hornafjörður Airport,IS,Höfn,64.295601,-15.2272,24
HFS,ESOH,Hagfors Airport,SE,Råda,60.0201,13.5789,474
HFT,ENHF,Hammerfest Airport,NO,Hammerfest,70.679703,23.6686,266
HGA,HCMH,Egal International Airport,SO,Hargeisa,9.514082,44.083469,4471
HGD,YHUG,Hughenden Airport,AU,Hughenden,-20.815001,144.225006,1043
HGH,ZSHC,Hangzhou Xiaoshan International Airport,CN,Hangzhou,30.23609,120.428865,23
HGI,VEHO,Itanagar Donyi Polo Hollongi Airport,IN,Hollongi,26.96683,93.638792,328
HGL,EDXH,Helgoland-Düne Airport,DE,Helgoland,54.18528,7.915833,8
HGN,VTCH,Mae Hong Son Airport,TH,Mae Hong Son,19.3013,97.9758,929
HGO,DIKO,Korhogo Airport,CI,Korhogo,9.38718,-5.55666,1214
HGR,KHGR,Hagerstown Regional Richard A Henson Field,US,Hagerstown,39.708771,-77.728014,703
HGU,AYMH,Mount Hagen Kagamuga Airport,PG,Mount Hagen,-5.828212,144.299412,5388
HHE,RJSH,JMSDF Hachinohe Air Base / Hachinohe Airport,JP,Hachinohe,40.551181,141.465428,152
HHH,KHXD,Hilton Head Airport,US,Hilton Head Island,32.2244,-80.697502,19
HHN,EDFH,Frankfurt-Hahn Airport,DE,Frankfurt am Main (Lautzenhausen),49.946353,7.261734,1649
HHQ,VTPH,Hua Hin Airport,TH,Hua Hin,12.6361999512,99.951499939,62
HHR,KHHR,Jack Northrop Field Hawthorne Municipal Airport,US,Hawthorne,33.922798,-118.334999,66
HHZ,NTGH,Hikueru Airport,PF,Hikueru,-17.548297,-142.612037,12
HIA,ZSSH,Huai'an Lianshui Airport,CN,Huai'an,33.792712,119.126657,28
HIB,KHIB,Range Regional Airport,US,Hibbing,47.384831,-92.836905,1354
HID,YHID,Horn Island Airport,AU,Horn,-10.585636,142.29277,43
HIF,KHIF,Hill Air Force Base,US,Ogden,41.12403,-111.973086,4789
HII,KHII,Lake Havasu City Airport,US,Lake Havasu City,34.570506,-114.357745,783
HIJ,RJOA,Hiroshima Airport,JP,Hiroshima,34.4361,132.919006,1088
HIL,HASL,Shilavo Airport,ET,Shilavo,6.077545,44.763736,1296
HIM,VCCH,Hingurakgoda Air Force Base,LK,Polonnaruwa Town,8.04981,80.9814,170
HIN,RKPS,Sacheon Airport / Sacheon Air Base,KR,Sacheon,35.088591,128.071747,25
HIO,KHIO,Portland Hillsboro Airport,US,Portland,45.540401,-122.949997,208
HIR,AGGH,Honiara International Airport,SB,Honiara,-9.428,160.054993,28
HJB,ZWHJ,Hejing Bayinbuluke Airport,CN,Hejing,42.976395,83.995543,8219
HJJ,ZGCJ,Huaihua Zhijiang Airport,CN,Huaihua,27.443087,109.704666,882
HJR,VEKO,Khajuraho Airport,IN,Khajuraho,24.8172,79.918602,728
HKD,RJCH,Hakodate Airport,JP,Hakodate,41.77,140.822006,151
HKG,VHHH,Hong Kong International Airport,HK,Hong Kong,22.31184,113.914862,28
HKK,NZHK,Hokitika Airfield,NZ,,-42.713600158691406,170.98500061035156,146
HKN,AYHK,Hoskins Airport,PG,Kimbe,-5.463846,150.407327,66
HKT,VTSP,Phuket International Airport,TH,Phuket,8.113257,98.3174,82
HKY,KHKY,Hickory Regional Airport,US,Hickory,35.74110031,-81.38950348,1190
HLA,FALA,Lanseria International Airport,ZA,Johannesburg,-25.938964,27.926642,4517
HLD,ZBLA,Hulunbuir Hailar Airport,CN,Hailar,49.208616,119.822301,2169
HLE,FHSH,Saint Helena International Airport,SH,Jamestown,-15.958898,-5.646066,1017
HLG,KHLG,Wheeling Ohio County Airport,US,Wheeling,40.1749992371,-80.6463012695,1195
HLH,ZBUL,Ulanhot Yilelite Airport,CN,Ulanhot,46.195333,122.008333,
HLN,KHLN,Helena Regional Airport,US,Helena,46.6068,-111.983002,3877
HLP,WIHH,Halim Perdanakusuma International Airport,ID,Jakarta,-6.266989,106.890318,84
HLT,YHML,Hamilton Airport,AU,,-37.64889907836914,142.06500244140625,803
HLZ,NZHN,Hamilton International Airport,NZ,Hamilton,-37.866961,175.331952,172
HMA,USHH,Khanty Mansiysk Airport,RU,Khanty-Mansiysk,61.0285,69.086098,76
HMB,HESG,Suhaj International Airport,EG,Suhaj,26.342515,31.743017,322
HME,DAUH,Hassi Messaoud-Oued Irara Krim Belkacem Airport,DZ,Hassi Messaoud,31.673,6.14044,463
HMI,ZWHM,Hami Airport,CN,Hami,42.8414,93.669197,2703
HMJ,UKLH,Khmelnytskyi Airport,UA,Khmelnytskyi,49.359699,26.933399,1150
HMN,KHMN,Holloman Air Force Base,US,Alamogordo,32.852501,-106.107002,4093
HMO,MMHO,General Ignacio L. Pesqueira International Airport,MX,Hermosillo,29.092811,-111.053015,627
HMS,WAGB,Haji Muhammad Sidik Airport,ID,Muara Teweh,-1.02581,114.92881,145
HMV,ESUT,Hemavan Airport,SE,Hemavan,65.806099,15.0828,1503
HNA,RJSI,Iwate Hanamaki Airport,JP,Hanamaki,39.4286,141.134995,297
HND,RJTT,Tokyo Haneda International Airport,JP,Tokyo,35.549678,139.786958,35
HNG,ZLHN,Hainanzhou Gonghe Airport,CN,Hainan (Gonghe),36.3367,100.480003,10052
HNH,PAOH,Hoonah Airport,US,Hoonah,58.0961,-135.410111,19
HNL,PHNL,Daniel K. Inouye International Airport,US,"Honolulu, Oahu",21.318387,-157.92567,13
HNM,PHHN,Hana Airport,US,Hana,20.795601,-156.014008,78
HNS,PAHN,Haines Airport,US,Haines,59.243921,-135.523925,15
HNY,ZGHY,Hengyang Nanyue Airport,CN,Hengyang,26.72208,112.617958,
HOB,KHOB,Lea County Regional Airport,US,Hobbs,32.6875,-103.217003,3661
HOF,OEAH,Al-Ahsa International Airport,SA,Hofuf,25.285299,49.485199,588
HOG,MUHG,Frank Pais International Airport,CU,Holguin,20.785148,-76.315526,361
HOI,NTTO,Hao Airport,PF,Otepa,-18.0748,-140.945999,10
HOK,YHOO,Hooker Creek Airport,AU,Lajamanu,-18.3367004395,130.638000488,320
HOM,PAHO,Homer Airport,US,Homer,59.644456,-151.479235,84
HON,KHON,Huron Regional Airport,US,Huron,44.385201,-98.2285,1289
HOP,KHOP,Campbell Army Airfield (Fort Campbell),US,Fort Campbell,36.674154,-87.48974,573
HOQ,EDQM,Hof-Plauen Airport,DE,Hof,50.288544,11.852876,1959
HOR,LPHR,Horta Airport,PT,Horta,38.519901275634766,-28.715900421142578,118
HOT,KHOT,Memorial Field Airport,US,Hot Springs,34.4788,-93.096262,540
HOU,KHOU,William P. Hobby Airport,US,Houston,29.645336,-95.276812,46
HOV,ENOV,"Ørsta-Volda Airport, Hovden",NO,Ørsta,62.180000305176,6.0741000175476,243
HPA,NFTL,Lifuka Island Airport,TO,Lifuka,-19.777000427246094,-174.34100341796875,31
HPB,PAHP,Hooper Bay Airport,US,Hooper Bay,61.523899,-166.147003,13
HPG,ZHSN,Shennongjia Hongping Airport,CN,Shennongjia (Hongping),31.626,110.34,8365
HPH,VVCI,Cat Bi International Airport,VN,Haiphong (Hai An),20.817428,106.724315,6
HPN,KHPN,Westchester County Airport,US,White Plains,41.06700134277344,-73.70760345458984,439
HQL,ZWTK,Tashikuergan Hongqilafu Airport,CN,Tashikuergan,37.661333,75.288877,10499
HQM,KHQM,Bowerman Airport,US,Hoquiam,46.971199035599994,-123.93699646,18
HQQ,ZHQQ,Anyang Hongqiqu Airport,CN,Anyang,35.870833,114.461944,
HRB,ZYHB,Harbin Taiping International Airport,CN,Harbin,45.623402,126.25,457
HRE,FVRG,Robert Gabriel Mugabe International Airport,ZW,Harare,-17.931801,31.0928,4887
HRF,VRAH,Hoarafushi Airport,MV,,6.96967,72.896287,
HRG,HEGN,Hurghada International Airport,EG,Hurghada,27.176776,33.796692,32
HRH,VIAH,Aligarh Airport,IN,Aligarh,27.861437,78.145404,619
HRI,VCRI,Mattala Rajapaksa International Airport,LK,Mattala,6.283878,81.124163,157
HRK,UKHH,Kharkiv International Airport,UA,Kharkiv,49.926943,36.290814,508
HRL,KHRL,Valley International Airport,US,Harlingen,26.228500366210938,-97.65440368652344,36
HRM,DAFH,Hassi R'Mel Airport,DZ,Hassi R'Mel,32.930401,3.31154,2540
HRO,KHRO,Boone County Airport,US,Harrison,36.26150131225586,-93.15470123291016,1365
HRS,FAHR,Harrismith Airport,ZA,Harrismith,-28.2351,29.106199,5585
HSA,UAIT,Hazrat Sultan International Airport,KZ,Turkıstan,43.311087,68.550352,951
HSC,ZGSG,Shaoguan Danxia Airport,CN,Shaoguan,24.9786,113.420998,280
HSG,RJFS,Kyushu Saga International Airport,JP,Saga,33.1497,130.302002,6
HSL,PAHL,Huslia Airport,US,Huslia,65.697899,-156.350998,220
HSM,YHSM,Horsham Airport,AU,,-36.669700622558594,142.17300415039062,445
HSN,ZSZS,Zhoushan Putuoshan International Airport,CN,Zhoushan,29.933874,122.362307,6
HSR,VAHS,Rajkot International Airport,IN,Rajkot,22.378824,71.039391,647
HSS,VIHR,Maharaja Agrasen International Airport,IN,Hisar,29.186065,75.74142,700
HST,KHST,Homestead Air Reserve Base,US,Homestead,25.4886,-80.383598,5
HSV,KHSV,Huntsville International Airport,US,Huntsville,34.636244,-86.774378,629
HSZ,RCPO,Hsinchu Air Base,TW,Hsinchu City,24.8180007935,120.939002991,26
HTA,UIAA,Chita-Kadala International Airport,RU,Chita,52.024841,113.305839,2272
HTG,UOHH,Khatanga Airport,RU,Khatanga,71.97810363769531,102.49099731445312,95
HTI,YBHM,Hamilton Island Airport,AU,Hamilton Island,-20.3581008911,148.95199585,15
HTN,ZWTN,Hotan Airport,CN,Hotan,37.03850173950195,79.86489868164062,4672
HTS,KHTS,Tri-State Airport / Milton J. Ferguson Field,US,Huntington,38.366699,-82.557999,828
HTT,ZLHX,Huatugou Airport,CN,Mengnai,38.201645,90.837843,2945
HTU,YHPN,Hopetoun Airport,AU,,-35.715302,142.360001,256
HTV,KUTS,Huntsville Regional Airport,US,Huntsville,30.7469005585,-95.5871963501,363
HTY,LTDA,Hatay Airport,TR,Antakya,36.36079,36.285589,269
HUA,KHUA,Redstone Army Air Field,US,Redstone Arsnl Huntsville,34.67869949,-86.68479919,684
HUE,HAHU,Humera Airport,ET,Akwi,13.83012,36.88237,1930
HUF,KHUF,"Terre Haute Regional Airport, Hulman Field",US,Terre Haute,39.4515,-87.307602,589
HUG,MGHT,Huehuetenango Airport,GT,Huehuetenango,15.316667,-91.505556,6135
HUH,NTTH,Huahine-Fare Airport,PF,Fare,-16.687084,-151.021593,7
HUI,VVPB,Phu Bai International Airport,VN,Huế,16.400628,107.703094,48
HUL,KHUL,Houlton International Airport,US,Houlton,46.1231002808,-67.792098999,489
HUN,RCYU,Hualien Chiashan Airport,TW,Hualien City,24.023163,121.617991,52
HUO,ZBHZ,Holingol Huolinhe Airport,CN,Holingol,45.487222,119.407222,
HUS,PAHU,Hughes Airport,US,Hughes,66.04109955,-154.2630005,299
HUT,KHUT,Hutchinson Municipal Airport,US,Hutchinson,38.0654983521,-97.86060333250002,1543
HUU,SPNC,Alferez Fap David Figueroa Fernandini Airport,PE,Huánuco,-9.878809928894043,-76.20480346679688,6070
HUX,MMBT,Bahías de Huatulco International Airport,MX,Huatulco,15.775437,-96.260456,464
HUY,EGNJ,Humberside Airport,GB,"Grimsby, Lincolnshire",53.576152,-0.34954,121
HUZ,ZGHZ,Huizhou Pingtan Airport,CN,Huizhou (Pingtan),23.049999,114.599998,50
HVA,FMNL,Analalava Airport,MG,Analalava,-14.629514,47.763555,345
HVB,YHBA,Hervey Bay Airport,AU,Hervey Bay,-25.320127,152.880662,60
HVD,ZMKD,Khovd Airport,MN,Khovd,47.954102,91.628197,4898
HVG,ENHV,"Honningsvåg Airport, Valan",NO,Honningsvåg,71.009697,25.983601,44
HVN,KHVN,Tweed New Haven Airport,US,New Haven,41.262869,-72.887694,12
HVR,KHVR,Havre City County Airport,US,Havre,48.541387,-109.762859,2591
HWN,FVWN,Hwange National Park Airport,ZW,Gwayi River Farms,-18.6299,27.021,3543
HWO,KHWO,North Perry Airport,US,Hollywood,26.0012,-80.2407,8
HWR,VIHX,Halwara International Airport,IN,Halwara,30.748501,75.629799,790
HXD,ZLDL,Haixi Delingha Airport,CN,Delingha,37.125286,97.268658,9843
HXX,YHAY,Hay Airport,AU,,-34.531399,144.830002,305
HYA,KHYA,Cape Cod Gateway Airport,US,Hyannis,41.6693,-70.280403,54
HYD,VOHS,Rajiv Gandhi International Airport,IN,Hyderabad,17.231318,78.429855,2024
HYN,ZSLQ,Taizhou Luqiao Airport,CN,Taizhou (Luqiao),28.562201,121.429001,
HYR,KHYR,Sawyer County Airport,US,Hayward,46.025199890100005,-91.44429779050002,1216
HYS,KHYS,Hays Regional Airport,US,Hays,38.844521,-99.273148,1999
HZA,ZSHZ,Heze Mudan Airport,CN,Heze (Dingtao),35.212972,115.736748,
HZB,LFQT,Merville-Calonne Airport,FR,"Merville, Nord",50.618401,2.64224,61
HZG,ZLHZ,Hanzhong Chenggu Airport,CN,Hanzhong (Chenggu),33.133527,107.203817,
HZH,ZUNP,Liping Airport,CN,Liping,26.32217,109.1499,1620
HZK,BIHU,Húsavík Airport,IS,Húsavík,65.952301,-17.426001,48
HZU,HZU,Chengdu Huaizhou Airport,CN,Chengdu (Jintang),30.677339,104.529397,1453
IAA,UOII,Igarka Airport,RU,Igarka,67.437202,86.621902,82
IAB,KIAB,McConnell Air Force Base,US,Wichita,37.621899,-97.268204,1371
IAD,KIAD,Washington Dulles International Airport,US,Dulles,38.9445,-77.455803,312
IAG,KIAG,Niagara Falls International Airport,US,Niagara Falls,43.1073,-78.946198,589
IAH,KIAH,George Bush Intercontinental Airport,US,Houston,29.9844,-95.3414,97
IAM,DAUZ,Zarzaitine - In Aménas Airport,DZ,In Aménas,28.0515,9.64291,1847
IAN,PAIK,Bob Baker Memorial Airport,US,Kiana,66.976128,-160.439014,166
IAO,RPNS,Siargao Airport,PH,Del Carmen,9.8591,126.014,10
IAR,UUDL,Golden Ring Yaroslavl International Airport,RU,Tunoshna,57.560699,40.157398,287
IAS,LRIA,Iaşi International Airport,RO,Iaşi,47.179633,27.621431,411
IBA,DNIB,Ibadan Airport,NG,Ibadan,7.362460136413574,3.97832989692688,725
IBB,SEII,General Villamil Airport,EC,Puerto Villamil,-0.942628,-90.953003,35
IBE,SKIB,Perales Airport,CO,Ibagué,4.42161,-75.1333,2999
IBL,IBL,Indigo Bay Lodge Airport,MZ,Bazaruto Island,-21.708,35.452801,20
IBP,SPBR,Iberia Airport,PE,Iberia,-11.4116,-69.488701,750
IBR,RJAH,Ibaraki Airport,JP,Omitama,36.181456,140.414434,105
IBZ,LEIB,Ibiza Airport,ES,Ibiza (Eivissa),38.872898,1.37312,24
ICC,SVIE,Andrés Miguel Salazar Marcano Airport,VE,Isla de Coche,10.794432,-63.98159,10
ICI,NFCI,Cicia Airport,FJ,Cicia,-17.7432994843,-179.341995239,13
ICN,RKSI,Incheon International Airport,KR,Seoul,37.469101,126.450996,23
ICT,KICT,Wichita Dwight D. Eisenhower National Airport,US,Wichita,37.650314,-97.428583,1333
IDA,KIDA,Idaho Falls Regional Airport,US,Idaho Falls,43.514599,-112.070999,4744
IDR,VAID,Devi Ahilya Bai Holkar International Airport,IN,Indore,22.721404,75.80051,1850
IEG,EPZG,Zielona Góra-Babimost Airport,PL,Nowe Kramsko,52.1385,15.7986,194
IEJ,RORE,Iejima Airport,JP,Ie,26.722537,127.786801,246
IFJ,BIIS,Ísafjörður Airport,IS,Ísafjörður,66.058098,-23.1353,8
IFN,OIFM,Isfahan Shahid Beheshti International Airport,IR,Isfahan,32.755142,51.883877,5059
IFO,UKLI,Ivano-Frankivsk International Airport,UA,Ivano-Frankivsk,48.88420104980469,24.686100006103516,919
IFP,KIFP,Laughlin Bullhead International Airport,US,Bullhead City,35.154726,-114.559322,701
IGA,MYIG,Inagua Airport,BS,Matthew Town,20.975,-73.666901,8
IGD,LTCT,Iğdır Airport,TR,Iğdır,39.976627,43.876648,3101
IGG,PAIG,Igiugig Airport,US,Igiugig,59.324001,-155.901993,90
IGL,LTBL,Çiğli Airbase,TR,Çiğli,38.513,27.010099,16
IGM,KIGM,Kingman Airport,US,Kingman,35.259499,-113.938004,3449
IGR,SARI,Cataratas Del Iguazú International Airport,AR,Puerto Iguazu,-25.737301,-54.4734,916
IGS,ETSI,Ingolstadt Manching Airport,DE,Manching,48.7156982421875,11.534000396728516,1202
IGT,URMS,Magas Airport,RU,Sunzha,43.323268,45.012568,1165
IGU,SBFI,Cataratas International Airport,BR,Foz do Iguaçu,-25.594167,-54.489444,786
IHR,OIZI,Iranshahr Airport,IR,Iranshahr,27.236099,60.720001,2040
IIA,EIMN,Inishmaan Aerodrome,IE,Inis Meáin,53.092999,-9.56806,15
IIL,OICI,Ilam Airport,IR,Ilam,33.58660125732422,46.40480041503906,4404
IJK,USII,Izhevsk Airport,RU,Izhevsk,56.834524,53.462172,531
IKA,OIIE,Imam Khomeini International Airport,IR,Tehran,35.416099548339844,51.152198791503906,3305
IKG,UCFK,Karakol International Airport,KG,Karakol,42.508099,78.407799,5590
IKI,RJDB,Iki Airport,JP,Iki,33.7490005493,129.785003662,41
IKK,KIKK,Greater Kankakee Airport,US,Kankakee,41.07139968869999,-87.8462982178,630
IKO,PAKO,Nikolski Air Station,US,Nikolski,52.941552,-168.849478,77
IKS,UEST,Tiksi Airport,RU,Tiksi,71.697700500488,128.90299987793,26
IKT,UIII,Irkutsk International Airport,RU,Irkutsk,52.266707,104.395563,1675
IKU,UCFL,Issyk-Kul International Airport,KG,Tamchy,42.585584,76.701181,5425
ILD,LEDA,Lleida-Alguaire Airport,ES,Lleida,41.728185,0.535023,1152
ILF,CZBD,Ilford Airport,CA,Ilford,56.051622,-95.61882,642
ILG,KILG,Wilmington Airport,US,Wilmington,39.678699,-75.606499,80
ILI,PAIL,Iliamna Airport,US,Iliamna,59.754398,-154.910996,192
ILM,KILM,Wilmington International Airport,US,Wilmington,34.272345,-77.905117,32
ILN,KILN,Wilmington Airpark,US,Wilmington,39.427898407,-83.792098999,1077
ILO,RPVI,Iloilo International Airport,PH,Cabatuan,10.833017,122.493358,27
ILP,NWWE,Île des Pins Airport,NC,Île des Pins,-22.5889,167.455994,315
ILQ,SPLO,General Jorge Fernandez Maldon Airport,PE,Ilo,-17.695,-71.344002,72
ILR,DNIL,General Tunde Idiagbon International Airport,NG,Ilorin/Ogbomosho,8.44021,4.49392,1126
ILS,MSSS,Ilopango International Airport,SV,San Salvador,13.6995,-89.119904,2027
ILY,EGPI,Islay Airport,GB,"Isle of Islay, Argyll and Bute",55.682708,-6.257525,56
ILZ,LZZI,Žilina-Dolný Hričov Airport,SK,Dolný Hričov,49.233292,18.613386,1020
IMF,VEIM,Bir Tikendrajit International Airport,IN,Imphal,24.76,93.896698,2540
IMK,VNST,Simikot Airport,NP,Simikot,29.9711,81.818901,9246
IMP,SBIZ,Prefeito Renato Moreira Airport,BR,Imperatriz,-5.53129,-47.459999,430
IMQ,OITU,Maku National Airport,IR,Showt,39.191293,44.928505,3136
IMT,KIMT,Ford Airport,US,Kingsford,45.81911,-88.114557,1182
INA,UUYI,Inta Airport,RU,Inta,66.053372,60.105786,184
INB,MZSV,Independence Airport,BZ,Independence,16.53456,-88.441615,18
INC,ZLIC,Yinchuan Hedong International Airport,CN,Yinchuan,38.322758,106.393214,3743
IND,KIND,Indianapolis International Airport,US,Indianapolis,39.7173,-86.294403,797
INH,FQIN,Inhambane Airport,MZ,Inhambane,-23.8764,35.408501,30
INI,LYNI,Niš Constantine the Great Airport,RS,Niš,43.336538,21.856242,648
INK,KINK,Winkler County Airport,US,Wink,31.7796,-103.200996,2822
INL,KINL,Falls International Airport,US,International Falls,48.566200256347656,-93.4030990600586,1185
INN,LOWI,Innsbruck Airport,AT,Innsbruck,47.260201,11.344,1907
INO,FZBA,Inongo Airport,CD,Inongo,-1.94722,18.285801,1040
INQ,EIIR,Inisheer Aerodrome,IE,Inis Oírr,53.064701,-9.5109,40
INT,KINT,Smith Reynolds Airport,US,Winston Salem,36.13370132446289,-80.22200012207031,969
INU,ANYN,Nauru International Airport,NR,Yaren,-0.547893,166.919525,22
INV,EGPE,Inverness Airport,GB,Inverness,57.5425,-4.0475,31
INW,KINW,Winslow Lindbergh Regional Airport,US,Winslow,35.021900177,-110.722999573,4941
INZ,DAUI,In Salah Airport,DZ,In Salah,27.250999,2.51202,896
IOA,LGIO,Ioannina King Pyrrhus National Airport,GR,Ioannina,39.6964,20.8225,1558
IOM,EGNS,Isle of Man Airport,IM,Castletown,54.083081,-4.623871,52
IOR,EIIM,Inishmore Aerodrome,IE,Inis Mór,53.1067008972168,-9.653610229492188,24
IOS,SBIL,Bahia - Jorge Amado Airport,BR,Ilhéus,-14.815929,-39.033458,15
IPC,SCIP,Mataveri International Airport,CL,Isla De Pascua,-27.165411,-109.421027,227
IPH,WMKI,Sultan Azlan Shah Airport,MY,Ipoh,4.56733,101.091643,130
IPI,SKIP,San Luis Airport,CO,Ipiales,0.861946,-77.671783,9765
IPL,KIPL,Imperial County Airport,US,Imperial,32.83539,-115.574026,-54
IPN,SBIP,Usiminas Airport,BR,Ipatinga,-19.470699,-42.487598,786
IPT,KIPT,Williamsport Regional Airport,US,Williamsport,41.242126,-76.92245,529
IQA,ORAA,Al Asad Air Base,IQ,Hīt,33.7855987549,42.4412002563,618
IQM,ZWCM,Qiemo Yudu Airport,CN,Qiemo,38.234516,85.465462,
IQN,ZLQY,Qingyang Xifeng Airport,CN,Qingyang (Xifeng),35.802638,107.598896,
IQQ,SCDA,Diego Aracena International Airport,CL,Iquique,-20.536273,-70.181373,155
IQT,SPQT,Coronel FAP Francisco Secada Vignetta International Airport,PE,Iquitos,-3.78474,-73.3088,306
IRA,AGGK,Ngorangora Airport,SB,Kirakira,-10.449700355500001,161.897994995,54
IRC,PACR,Circle City (New) Airport,US,Circle,65.827673,-144.076195,613
IRD,VGIS,Ishurdi Airport,BD,Ishurdi,24.1525,89.0494,45
IRG,YLHR,Lockhart River Airport,AU,Lockhart River,-12.7869,143.304993,77
IRI,HTIR,Iringa Airport,TZ,Nduli,-7.66863,35.752102,4678
IRJ,SANL,Capitan V A Almonacid Airport,AR,La Rioja,-29.381599,-66.795799,1437
IRK,KIRK,Kirksville Regional Airport,US,Kirksville,40.09349822998047,-92.5448989868164,966
IRP,FZJH,Matari Airport,CD,Isiro,2.82761,27.588301,2438
IRZ,SWTP,Tapuruquara Airport,BR,Santa Isabel do Rio Negro,-0.378604,-64.992558,141
ISA,YBMA,Mount Isa Airport,AU,Mount Isa,-20.66638,139.488468,1121
ISB,OPIS,Islamabad International Airport,PK,Attock,33.549,72.82566,1761
ISC,EGHE,St. Mary's Airport,GB,"St. Mary's, Isles of Scilly",49.913375,-6.291894,116
ISE,LTFC,Süleyman Demirel International Airport,TR,Isparta,37.8554,30.368401,2835
ISG,ROIG,New Ishigaki Airport,JP,Ishigaki,24.396389,124.245,102
ISK,VAOZ,Nashik International Airport,IN,Nashik,20.119101,73.912903,1900
ISL,LTBA,İstanbul Atatürk Airport,TR,Istanbul(Bakırköy),40.971913,28.823714,163
ISM,KISM,Kissimmee Gateway Airport,US,Orlando,28.2898006439,-81.4371032715,82
ISO,KISO,Kinston Regional Jetport At Stallings Field,US,Kinston,35.331401825,-77.60880279540001,93
ISP,KISP,Long Island MacArthur Airport,US,Islip,40.796324,-73.101703,99
IST,LTFM,İstanbul Airport,TR,Istanbul,41.274874,28.732136,325
ISU,ORSJ,Jalal Talabani International Airport,IQ,Sulaymaniyah,35.560487,45.315137,2494
ITA,SBIC,Itacoatiara Airport,BR,Itacoatiara,-3.126539,-58.481668,142
ITB,SBIH,Itaituba Airport,BR,Itaituba,-4.242131,-56.000651,110
ITH,KITH,Ithaca Tompkins Regional Airport,US,Ithaca,42.49100112915039,-76.4583969116211,1099
ITM,RJOO,Osaka Itami International Airport,JP,Osaka,34.780853,135.440829,50
ITO,PHTO,Hilo International Airport,US,Hilo,19.72135,-155.045428,38
ITU,UHSI,Iturup Airport,RU,Kurilsk,45.256389,147.95549,387
IUE,NIUE,Niue International Airport,NU,Alofi,-19.080109,-169.923493,209
IVC,NZNV,Invercargill Airport,NZ,Invercargill,-46.41239929199219,168.31300354003906,5
IVL,EFIV,Ivalo Airport,FI,Ivalo,68.6073,27.4053,481
IVR,YIVL,Inverell Airport,AU,Inverell,-29.888299942,151.143997192,2667
IWA,UUBI,Ivanovo South Airport,RU,Ivanovo,56.93939971923828,40.940799713134766,410
IWD,KIWD,Gogebic Iron County Airport,US,Ironwood,46.525298,-90.131578,1230
IWJ,RJOW,Iwami Airport,JP,Masuda,34.676399231,131.789993286,184
IWK,RJOI,Iwakuni Kintaikyo Airport,JP,Iwakuni,34.146333,132.247238,7
IWO,RJAW,Ioto (Iwo Jima) Airbase,JP,Ogasawara,24.784153,141.32261,384
IXA,VEAT,Agartala - Maharaja Bir Bikram Airport,IN,Agartala,23.886999,91.240402,46
IXB,VEBD,Bagdogra Airport,IN,Siliguri,26.6812,88.328598,412
IXC,VICG,Shaheed Bhagat Singh International Airport,IN,Chandigarh,30.6735,76.788498,1012
IXD,VEAB,Prayagraj Airport,IN,Allahabad,25.4401,81.733902,322
IXE,VOML,Mangaluru International Airport,IN,Mangaluru,12.95471,74.886812,337
IXG,VOBM,Belagavi Airport,IN,Belgaum,15.8593,74.618301,2487
IXH,VEKR,Kailashahar Airport,IN,Kailashahar,24.308657,92.00768,79
IXI,VELR,Lilabari North Lakhimpur Airport,IN,Lilabari,27.295682,94.097266,330
IXJ,VIJU,Jammu Airport,IN,Jammu,32.688849,74.838152,996
IXK,VAKS,Keshod Airport,IN,Keshod,21.317101,70.270401,167
IXL,VILH,Leh Kushok Bakula Rimpochee Airport,IN,Leh,34.135899,77.546501,10682
IXM,VOMD,Madurai Airport,IN,Madurai,9.83450984955,78.09339904790001,459
IXP,VIPK,Pathankot Airport,IN,Pathankot,32.233611,75.634444,1017
IXR,VERC,Birsa Munda Airport,IN,Ranchi,23.314300537100003,85.3217010498,2148
IXS,VEKU,Silchar Airport,IN,Silchar,24.9129009247,92.97869873050001,352
IXU,VAAU,Aurangabad Airport,IN,Aurangabad,19.862875,75.396312,1911
IXV,VEAN,Along Airport,IN,,28.17530059814453,94.802001953125,900
IXW,VEJS,Sonari Airport,IN,Jamshedpur,22.813706,86.168981,475
IXX,VOBR,Bidar Airport / Bidar Air Force Station,IN,Bidar,17.9081,77.487099,2178
IXY,VAKE,Kandla Airport,IN,Kandla,23.1127,70.100304,96
IXZ,VOPB,Veer Savarkar International Airport / INS Utkrosh,IN,Port Blair,11.640194,92.72902,13
IZA,SBZM,Presidente Itamar Franco Airport,BR,Juiz de Fora,-21.513086,-43.173069,1348
IZO,RJOC,Izumo Enmusubi Airport,JP,Izumo,35.413601,132.889999,15
IZT,MMIT,General Antonio Cárdenas Rodríguez National Airport / Ixtepec Air Base,MX,Ixtepec,16.445961,-95.093708,164
JAA,OAJL,Jalalabad Airport,AF,Jalalabad,34.399799,70.498596,1814
JAC,KJAC,Jackson Hole Airport,US,Jackson,43.6073,-110.737999,6451
JAD,YPJT,Perth Jandakot Airport,AU,Perth,-32.09749984741211,115.88099670410156,99
JAE,SPJE,Shumba Airport,PE,Jaén,-5.59248,-78.774002,2477
JAF,VCCJ,Jaffna International Airport,LK,Jaffna,9.79233,80.070099,33
JAG,OPJA,Shahbaz Air Base,PK,Jacobabad,28.28420066833496,68.44969940185547,185
JAI,VIJP,Jaipur International Airport,IN,Jaipur,26.8242,75.812202,1263
JAK,MTJA,Jacmel Airport,HT,Jacmel,18.2411,-72.518501,167
JAL,MMJA,El Lencero Airport,MX,Emiliano Zapata,19.475107,-96.797008,3127
JAM,BG-JAM,Bezmer Air Base,BG,Bezmer,42.454899,26.3522,509
JAN,KJAN,Jackson-Medgar Wiley Evers International Airport,US,Jackson,32.311199,-90.075897,346
JAU,SPJJ,Francisco Carle Airport,PE,Jauja,-11.7831001282,-75.47339630130001,11034
JAV,BGJN,Ilulissat Airport,GL,Ilulissat,69.243202,-51.057098,95
JAX,KJAX,Jacksonville International Airport,US,Jacksonville,30.492469,-81.687813,30
JBB,WARE,Notohadinegoro Airport,ID,Jember,-8.242494,113.693476,281
JBK,ZWQT,Qitai Jiangbulake Airport,CN,Qitai,44.166086,89.55014,
JBQ,MDJB,La Isabela International Airport,DO,La Isabela,18.572500228881836,-69.98560333251953,98
JBR,KJBR,Jonesboro Municipal Airport,US,Jonesboro,35.83169937133789,-90.64640045166016,262
JCK,YJLC,Julia Creek Airport,AU,,-20.66830062866211,141.72300720214844,404
JCL,LKCS,České Budějovice South Bohemian Airport,CZ,České Budějovice,48.948171,14.42832,1417
JCR,SBEK,Jacareacanga Airport,BR,Jacareacanga,-6.23316,-57.776901,295
JCT,KJCT,Kimble County Airport,US,Junction,30.5112991333,-99.7634963989,1749
JDE,CN-0253,Jiande Qiandaohu General Airport,CN,Hangzhou,29.360905,119.180829,249
JDF,SBJF,Francisco de Assis Airport,BR,Juiz de Fora,-21.791482,-43.386072,2989
JDG,RKPD,Jeongseok Airport,KR,Jeju Island,33.3996009827,126.711997986,1171
JDH,VIJO,Jodhpur Airport,IN,Jodhpur,26.251100540161133,73.04889678955078,717
JDO,SBJU,Orlando Bezerra de Menezes Airport,BR,Juazeiro do Norte,-7.21932,-39.269096,1342
JDZ,ZSJD,Jingdezhen Luojia Airport,CN,Jingdezhen,29.3386,117.176003,112
JED,OEJN,King Abdulaziz International Airport,SA,Jeddah,21.680241,39.157436,48
JEE,MTJE,Jérémie Airport,HT,Carrefour Sanon,18.663099,-74.170303,147
JEG,BGAA,Aasiaat Airport,GL,Aasiaat,68.721802,-52.784698,74
JEJ,MH-JEJ,Jeh Airport,MH,Ailinglapalap Atoll,7.565350055690001,168.962005615,10
JER,EGJJ,Jersey Airport,JE,St. Peter,49.207901,-2.19551,277
JFK,KJFK,John F. Kennedy International Airport,US,New York,40.639447,-73.779317,13
JFN,KHZY,Northeast Ohio Regional Airport,US,Ashtabula,41.778,-80.695503,924
JFR,BGPT,Paamiut Airport,GL,Paamiut,62.014736,-49.670937,120
JGA,VAJM,Jamnagar Airport,IN,Jamnagar,22.465499877929688,70.01260375976562,69
JGB,VEJR,Jagdalpur Airport,IN,Jagdalpur,19.074301,82.036797,1822
JGD,ZYJD,Daxing'anling Elunchun Airport,CN,Jiagedaqi,50.371389,124.1175,1205
JGN,ZLJQ,Jiayuguan International Airport,CN,Jiayuguan,39.859052,98.339344,5112
JGS,ZSGS,Jinggangshan Airport,CN,Ji'an,26.856899,114.737,281
JHB,WMKJ,Senai International Airport,MY,Johor Bahru,1.64131,103.669998,135
JHF,SBJH,São Paulo Catarina Executive Airport,BR,São Roque,-23.426886,-47.165658,2547
JHG,ZPJH,Xishuangbanna Gasa International Airport,CN,Jinghong (Gasa),21.974648,100.762224,1815
JHM,PHJH,Kapalua Airport,US,Lahaina,20.9629,-156.673004,256
JHS,BGSS,Sisimiut Airport,GL,Sisimiut,66.951302,-53.729301,33
JHW,KJHW,Chautauqua County-Jamestown Airport,US,Jamestown,42.15425,-79.254008,1723
JIB,HDAM,Djibouti-Ambouli Airport,DJ,Djibouti City,11.5473,43.1595,49
JIC,ZLJC,Jinchang Jinchuan Airport,CN,Jinchang,38.542222,102.348333,4740
JIJ,HAJJ,Gerad Wilwal International Airport,ET,Jijiga,9.331907,42.911811,5954
JIK,LGIK,Ikaria Airport,GR,Ikaria Island,37.6827011108,26.3470993042,79
JIM,HAJM,Jimma Airport,ET,Jimma,7.66609001159668,36.81660079956055,5500
JIO,WAPM,Jos Orno Imsula Airport,ID,Tiakur,-8.140683,127.909669,43
JIQ,ZUQJ,Qianjiang Wulingshan Airport,CN,Qianjiang,29.5133333333,108.831111111,2075
JIU,ZSJJ,Jiujiang Lushan Airport,CN,Jiujiang,29.476944,115.801111,
JJD,SBJE,Comandante Ariston Pessoa Airport,BR,Cruz,-2.906425,-40.357338,89
JJG,SBJA,Humberto Ghizzo Bortoluzzi Regional Airport,BR,Jaguaruna,-28.6753,-49.0596,120
JJI,SPJI,Juanjui Airport,PE,Juanjuí,-7.1691,-76.7286,1148
JJM,HKMK,Mulika Lodge Airport,KE,Meru-Kinna,0.165083,38.195141,2230
JJN,ZSQZ,Quanzhou Jinjiang International Airport,CN,Quanzhou,24.795855,118.588599,39
JJU,BGQO,Qaqortoq Airport,GL,Qaqortoq,60.76383,-46.065001,505
JKG,ESGJ,Jönköping Airport,SE,Jönköping,57.757598876953125,14.068699836730957,741
JKH,LGHI,Chios Island National Airport,GR,Chios Island,38.34320068359375,26.140600204467773,15
JKL,LGKY,Kalymnos Airport,GR,Kalymnos Island,36.9632987976,26.9405994415,771
JKR,VNJP,Janakpur Airport,NP,Janakpur,26.708799,85.922401,256
JLG,VAJL,Jalgaon Airport,IN,Jalgaon,20.962678,75.627492,818
JLN,KJLN,Joplin Regional Airport,US,Joplin,37.151798,-94.498299,981
JLR,VAJB,Jabalpur Airport,IN,Jabalpur,23.177799,80.052002,1624
JMJ,ZPJM,Lancang Jingmai Airport,CN,Pu'er (Lancang),22.417733,99.784012,
JMK,LGMK,Mykonos Island National Airport,GR,Mykonos,37.435101,25.348101,405
JMO,VNJS,Jomsom Airport,NP,Jomsom,28.780426,83.723,8976
JMS,KJMS,Jamestown Regional Airport,US,Jamestown,46.92969894,-98.67819977,1500
JMU,ZYJM,Jiamusi Songjiang International Airport,CN,Jiamusi,46.842793,130.46426,262
JNB,FAOR,O.R. Tambo International Airport,ZA,Johannesburg,-26.140081,28.246801,5558
JNG,ZSJG,Jining Da'an Airport,CN,Jining,35.647358,116.743269,171
JNH,ZSJX,Jiaxing Nanhu Airport,CN,"Xiuzhou, Hangzhou",30.698056,120.663056,15
JNU,PAJN,Juneau International Airport,US,Juneau,58.354935,-134.574416,21
JNX,LGNX,Naxos Island National Airport,GR,Naxos,37.0811,25.368099,10
JNZ,ZYJZ,Jinzhou Bay Airport,CN,Jinzhou (Linghai),40.936032,121.277114,
JOE,EFJO,Joensuu Airport,FI,Joensuu,62.658815,29.619398,398
JOG,WAHH,Adisutjipto International Airport,ID,Yogyakarta,-7.78818,110.431999,379
JOH,FAPJ,Port St Johns Airport,ZA,Port St Johns,-31.60612,29.52175,1227
JOI,SBJV,Lauro Carneiro de Loyola Airport,BR,Joinville,-26.224501,-48.797401,15
JOK,UWKJ,Yoshkar-Ola Airport,RU,Yoshkar-Ola,56.7006,47.904701,348
JOL,RPMJ,Jolo Airport,PH,Jolo,6.05367,121.011002,118
JOS,DNJO,Yakubu Gowon Airport,NG,Jos,9.639829635620117,8.869050025939941,4232
JPA,SBJP,Presidente Castro Pinto International Airport,BR,João Pessoa,-7.148691,-34.950554,217
JPE,SNEB,Nagib Demachki Airport,BR,Paragominas,-3.019798,-47.316474,443
JPR,SBJI,Ji-Paraná Airport,BR,Ji-Paraná,-10.870743,-61.846675,598
JQA,BGUQ,Qaarsut Airport,GL,Uummannaq,70.7342,-52.696201,289
JRF,PHJR,Kalaeloa Airport,US,Kapolei,21.3074,-158.070009,30
JRG,VEJH,Jharsuguda Airport,IN,,21.9135,84.0504,751
JRH,VEJT,Jorhat Airport,IN,Jorhat,26.730456,94.175416,311
JRO,HTKJ,Kilimanjaro International Airport,TZ,Arusha,-3.427049,37.07353,2932
JSA,VIJR,Jaisalmer Airport,IN,,26.8887,70.864998,751
JSH,LGST,Sitia Airport,GR,Crete Island,35.21609878540039,26.101299285888672,376
JSI,LGSK,Skiathos Island National Airport,GR,Skiathos,39.177101,23.5037,54
JSJ,ZYJS,Jiansanjiang Shidi Airport,CN,Jiansanjiang,47.108248,132.65792,
JSK,OIZJ,Jask Airport,IR,Bandar-e-Jask,25.654757,57.801718,19
JSO,SN6L,Dr. Luciano de Arruda Coelho Regional Airport,BR,Sobral,-3.614769,-40.232208,299
JSR,VGJR,Jessore Airport,BD,Jashore (Jessore),23.1838,89.160797,20
JST,KJST,John Murtha Johnstown Cambria County Airport,US,Johnstown,40.31610107421875,-78.83390045166016,2284
JSU,BGMQ,Maniitsoq Airport,GL,Maniitsoq,65.412498,-52.9394,91
JSY,LGSO,Syros Airport,GR,Syros Island,37.4227981567,24.950899124099998,236
JTC,SBAE,Bauru/Arealva–Moussa Nakhal Tobias State Airport,BR,Bauru,-22.160755,-49.070325,1962
JTR,LGSR,Santorini International Airport,GR,Santorini Island,36.400045,25.478638,127
JTY,LGPL,Astypalaia Airport,GR,Astypalaia Island,36.5798988342,26.3757991791,165
JUB,HJJJ,Juba International Airport,SS,Juba,4.87201,31.601101,1513
JUH,ZSJH,Chizhou Jiuhuashan Airport,CN,Chizhou,30.7403,117.6856,60
JUI,EDWJ,Juist Airport,DE,Juist,53.681421,7.056398,7
JUJ,SASJ,Gobernador Horacio Guzman International Airport,AR,San Salvador de Jujuy,-24.392799,-65.097801,3019
JUL,SPJL,Inca Manco Capac International Airport,PE,Juliaca,-15.467689,-70.15653,12552
JUM,VNJL,Jumla Airport,NP,Jumla,29.2742,82.193298,7700
JUV,BGUK,Upernavik Airport,GL,Upernavik,72.790199,-56.1306,414
JUZ,ZSJU,Quzhou Airport,CN,Quzhou (Kezheng),28.96613,118.898793,213
JWA,FBJW,Jwaneng Airport,BW,Jwaneng,-24.602301,24.691,3900
JWN,OITZ,Zanjan Airport,IR,Zanjan,36.7737007141,48.3594017029,5382
JWO,RKTI,Jungwon Air Base/Chungju Airport,KR,Gimseang-ro,37.03024,127.886353,281
JXA,ZYJX,Jixi Xingkaihu Airport,CN,Jixi,45.293,131.193,760
JXN,KJXN,Jackson County Airport/Reynolds Field,US,Jackson,42.260509,-84.463019,1001
JYR,OIKJ,Jiroft Airport,IR,Jiroft,28.723519,57.675037,2663
JYV,EFJY,Jyväskylä Airport,FI,Jyväskylän Maalaiskunta,62.399502,25.678301,459
JZH,ZUJZ,Jiuzhai Huanglong Airport,CN,Ngawa (Songpan),32.853333,103.682222,11327
KAA,FLKS,Kasama Airport,ZM,Kasama,-10.210169,31.123045,4541
KAB,FVKB,Kariba Airport,ZW,Kariba,-16.5198,28.885,1706
KAC,OSKL,Qamishli International Airport,SY,Qamishli,37.020599,41.191399,1480
KAD,DNKA,Kaduna International Airport,NG,Kaduna,10.696,7.32011,2073
KAG,RKNN,Gangneung Airport (K-18),KR,Gangneung,37.753601,128.943915,35
KAI,SYKA,Kaieteur Airport,GY,Kaieteur Falls,5.177349,-59.48898,1520
KAJ,EFKI,Kajaani Airport,FI,Kajaani,64.2855,27.6924,483
KAL,PAKV,Kaltag Airport,US,Kaltag,64.31864,-158.74197,181
KAN,DNKN,Mallam Aminu Kano International Airport,NG,Kano,12.045613,8.523566,1562
KAO,EFKS,Kuusamo Airport,FI,Kuusamo,65.987602,29.239401,866
KAT,NZKT,Kaitaia Airport,NZ,Awanui,-35.069837,173.287053,270
KAU,EFKA,Kauhava Airfield,FI,Kauhava,63.127102,23.051399,151
KAW,VYKT,Kawthoung Airport,MM,Kawthoung,10.049300193786621,98.53800201416016,180
KAX,YKBR,Kalbarri Airport,AU,Kalbarri,-27.692813,114.259169,157
KBC,Z91,Birch Creek Airport,US,Birch Creek,66.2740020752,-145.824005127,450
KBK,VEKI,Kushinagar International Airport,IN,Kushinagar,26.776534,83.889214,266
KBL,OAKB,Kabul International Airport,AF,Kabul,34.565899,69.212303,5877
KBP,UKBB,Boryspil International Airport,UA,Boryspil,50.345001,30.894699,427
KBR,WMKC,Sultan Ismail Petra Airport,MY,Kota Baharu,6.1668500900268555,102.29299926757812,16
KBS,GFBO,Bo Airport,SL,Bo,7.9444,-11.761,328
KBU,WAOK,Gusti Syamsir Alam Airport,ID,Stagen,-3.294796,116.163815,4
KBV,VTSG,Krabi International Airport,TH,Krabi,8.095591,98.988955,82
KCA,ZWKC,Kuqa Qiuci Airport,CN,Kuqa,41.677856,82.872917,3524
KCG,PAJC,Chignik Airport,US,Chignik,56.311501,-158.373001,18
KCH,WBGG,Kuching International Airport,MY,Kuching,1.487364,110.352859,89
KCM,LTCN,Kahramanmaraş Airport,TR,Kahramanmaraş,37.5388259888,36.9535217285,1723
KCO,LTBQ,Cengiz Topel Airport,TR,Kartepe,40.735001,30.0833,182
KCQ,A79,Chignik Lake Airport,US,Chignik Lake,56.255001,-158.774994,50
KCT,VCCK,Koggala Airport,LK,Galle,5.993680000305176,80.32029724121094,10
KCY,UNKM,Krasnoyarsk Cheremshanka Airport,RU,Krasnoyarsk,56.177584,92.545881,833
KCZ,RJOK,Kochi Ryoma Airport,JP,Nankoku,33.545217,133.670166,42
KDD,OPKH,Khuzdar Airport,PK,Khuzdar,27.790599823,66.6473007202,4012
KDH,OAKN,Ahmad Shah Baba International Airport,AF,Kandahar,31.505769,65.847963,3337
KDI,WAWW,Haluoleo Airport,ID,Kendari,-4.08161,122.417999,538
KDL,EEKA,Kärdla Airport,EE,Kärdla,58.99079895019531,22.830699920654297,18
KDM,VRMT,Kaadedhdhoo Airport,MV,Huvadhu Atoll,0.488131,72.996902,2
KDO,VRMK,Kadhdhoo Airport,MV,Kadhdhoo,1.8591699600219727,73.52189636230469,4
KDT,VTBK,Kamphaeng Saen Airport,TH,Nakhon Pathom,14.1020002365,99.9171981812,30
KDU,OPSD,Skardu International Airport,PK,Skardu,35.33866,75.538648,7316
KDV,NFKD,Vunisea Airport,FJ,Vunisea,-19.058099746699998,178.156997681,6
KEB,KEB,Nanwalek Airport,US,Nanwalek,59.3521,-151.925003,27
KEF,BIKF,Keflavik International Airport,IS,Reykjavík,63.985001,-22.6056,171
KEJ,UNEE,Alexei Leonov Kemerovo International Airport,RU,Kemerovo,55.2701,86.107201,863
KEL,EDHK,Kiel-Holtenau Airport,DE,Kiel,54.37957,10.145266,102
KEM,EFKE,Kemi-Tornio Airport,FI,Kemi / Tornio,65.778701782227,24.582099914551,61
KEN,GFKE,Kenema Airport,SL,Kenema,7.896364,-11.174126,485
KEP,VNNG,Nepalgunj Airport,NP,Nepalgunj,28.1036,81.667,540
KER,OIKK,Ayatollah Hashemi Rafsanjani International Airport,IR,Kerman,30.271276,56.949692,5741
KES,CZEE,Kelsey Airport,CA,Kelsey,56.0374984741,-96.50969696039999,600
KET,VYKG,Kengtung Airport,MM,Kengtung,21.301599502563477,99.63600158691406,2798
KEV,EFHA,Halli Airport,FI,Jämsä,61.856039,24.786686,479
KEW,CPV8,Keewaywin Airport,CA,Keewaywin,52.9911,-92.836403,988
KFG,YKKG,Kalkgurung Airport,AU,,-17.431900024414062,130.80799865722656,646
KFP,PAKF,False Pass Airport,US,False Pass,54.84751,-163.407168,20
KFS,LTAL,Kastamonu Airport,TR,Kastamonu,41.314201,33.795799,3520
KFZ,LAKU,Kukës International Airport,AL,Kukës,42.035802,20.415955,1120
KGA,FZUA,Kananga Airport,CD,Kananga,-5.90005,22.4692,2139
KGC,YKSC,Kingscote Airport,AU,,-35.71390151977539,137.52099609375,24
KGD,UMKK,Khrabrovo Airport,RU,Kaliningrad,54.89161,20.598559,42
KGE,AGKG,Kaghau Airport,SB,Kagau Island,-7.3305,157.585,30
KGF,UAKK,Sary-Arka Airport,KZ,Karaganda,49.670799,73.334396,1765
KGG,GOTK,Kédougou Airport,SN,Kédougou,12.57229995727539,-12.22029972076416,584
KGI,YPKG,Kalgoorlie Boulder Airport,AU,Broadwood,-30.791543,121.464586,1203
KGJ,FWKA,Karonga Airport,MW,Karonga,-9.953571,33.893264,1765
KGK,PAJZ,Koliganek Airport,US,Koliganek,59.726600647,-157.259002686,269
KGL,HRYR,Kigali International Airport,RW,Kigali,-1.96863,30.1395,4859
KGP,USRK,Kogalym International Airport,RU,Kogalym,62.190399169921875,74.53379821777344,220
KGS,LGKO,"Kos International Airport ""Ippokratis""",GR,Kos Island,36.794523,27.09115,412
KGT,ZUKD,Kangding Airport,CN,Garzê (Kangding),30.142464,101.73872,14042
KGX,PAGX,Grayling Airport,US,Grayling,62.895187,-160.066289,99
KGY,YKRY,Kingaroy Airport,AU,,-26.581077,151.839927,1492
KHD,OICK,Khoram Abad Airport,IR,,33.43539810180664,48.282901763916016,3782
KHE,UKOH,Kherson International Airport,UA,Kherson,46.6758,32.506401,148
KHG,ZWSH,Kashgar Laining International Airport,CN,Kashgar,39.542273,76.02023,4529
KHH,RCKH,Kaohsiung International Airport,TW,Kaohsiung (Xiaogang),22.577101,120.349998,31
KHI,OPKC,Jinnah International Airport,PK,Karachi,24.9065,67.160797,100
KHJ,EFKJ,Kauhajoki Airfield,FI,Kauhajoki,62.463212,22.390817,407
KHK,OIBQ,Khark Airport,IR,Khark,29.260503,50.322193,17
KHM,VYKI,Kanti Airport,MM,Kanti,25.9883,95.6744,6000
KHN,ZSCN,Nanchang Changbei International Airport,CN,Nanchang,28.864815,115.90271,143
KHS,OOKB,Khasab Airport,OM,Khasab,26.171,56.240601,100
KHT,OAKS,Khost International Airport,AF,Khost,33.284605,69.80734,4204
KHV,UHHH,Khabarovsk Novy Airport,RU,Khabarovsk,48.528338,135.188588,244
KHX,UG-0002,Savannah Airstrip,UG,Kihihi,-0.7165,29.6997,3600
KHZ,NTKA,Kauehi Airport,PF,Kauehi,-15.780622,-145.128443,13
KID,ESMK,Kristianstad Airport,SE,Kristianstad,55.9217,14.0855,76
KIE,AYIQ,Aropa Airport,PG,Kieta,-6.305727,155.728249,20
KIF,CNM5,Kingfisher Lake Airport,CA,Kingfisher Lake,53.01250076293945,-89.85530090332031,866
KIH,OIBK,Kish International Airport,IR,Kish Island,26.525427,53.980462,101
KIJ,RJSN,Niigata Airport,JP,Niigata,37.954166,139.112189,29
KIK,ORKK,Kirkuk International Airport,IQ,Kirkuk,35.469501,44.3489,1061
KIM,FAKM,Kimberley Airport,ZA,Kimberley,-28.805401,24.764872,3950
KIN,MKJP,Norman Manley International Airport,JM,Kingston,17.935699462890625,-76.7874984741211,10
KIO,Q51,Kili Airport,MH,Kili Island,5.64386,169.124586,5
KIR,EIKY,Kerry Airport,IE,Farranfore,52.180901,-9.52378,112
KIS,HKKI,Kisumu International Airport,KE,Kisumu,-0.086139,34.728901,3734
KIT,LGKC,Kithira Airport,GR,Kithira Island,36.273978,23.016719,1045
KIW,FLSO,Southdowns Airport,ZM,Kitwe,-12.9005,28.1499,4145
KIX,RJBB,Kansai International Airport,JP,Osaka,34.427299,135.244003,26
KJA,UNKL,Krasnoyarsk International Airport,RU,Krasnoyarsk,56.175743,92.485788,942
KJB,VOKU,Kurnool Airport,IN,Orvakal,15.716288,78.16923,920
KJH,ZUKJ,Kaili Huangping Airport,CN,Kaili  (Huangping),26.972,107.988,3115
KJI,ZWKN,Burqin Kanas Airport,CN,Burqin,48.2223,86.9959,3921
KJK,EBKT,Kortrijk-Wevelgem International Airport,BE,Wevelgem,50.818878,3.209551,55
KJT,WICA,Kertajati International Airport,ID,Kertajati,-6.647384,108.165561,134
KKA,PAKK,Koyuk Alfred Adams Airport,US,Koyuk,64.939499,-161.154007,154
KKC,VTUK,Khon Kaen Airport,TH,Khon Kaen,16.466600418099997,102.783996582,670
KKE,NZKK,Kerikeri Airport,NZ,Kerikeri,-35.259148,173.913317,492
KKH,PADY,Kongiganak Airport,US,Kongiganak,59.9608,-162.880997,30
KKI,PFZK,Akiachak Airport,US,Akiachak,60.913809,-161.493329,23
KKJ,RJFR,Kitakyushu Airport,JP,Kitakyushu,33.845901,131.035004,21
KKM,VTBL,Khok Kathiam Airport,TH,Lop Buri,14.87462,100.663397,123
KKN,ENKR,"Kirkenes Airport, Høybuktmoen",NO,Kirkenes,69.7258,29.8913,283
KKR,NTGK,Kaukura Airport,PF,Raitahiti,-15.6633,-146.884995,11
KKS,OIFK,Kashan Airport,IR,Kashan,33.895302,51.577,3465
KKW,FZCA,Kikwit Airport,CD,Kikwit,-5.03577,18.785601,1572
KKX,RJKI,Kikai Airport,JP,Kikai,28.321300506599997,129.927993774,21
KLC,GOOK,Kaolack Airport,SN,Kaolack,14.146900177001953,-16.051300048828125,26
KLD,UUEM,Migalovo Air Base,RU,Tver,56.82469940185547,35.7577018737793,469
KLF,UUBC,Grabtsevo Airport,RU,Kaluga,54.5499992371,36.3666687012,656
KLG,PALG,Kalskag Airport,US,Kalskag,61.53630065917969,-160.34100341796875,55
KLH,VAKP,Kolhapur Airport,IN,Kolhapur,16.6647,74.289398,1996
KLN,PALB,Larsen Bay Airport,US,Larsen Bay,57.53516,-153.976455,87
KLO,RPVK,Kalibo International Airport,PH,Kalibo,11.6794,122.375999,14
KLP,WAGF,Seruyan Kuala Pembuang Airport,ID,Seruyan,-3.376062,112.536521,13
KLR,ESMQ,Kalmar Airport,SE,Kalmar,56.685501,16.2876,17
KLS,KKLS,Southwest Washington Regional Airport,US,Kelso,46.11800003049999,-122.898002625,20
KLU,LOWK,Klagenfurt Airport,AT,Klagenfurt am Wörthersee,46.642502,14.3377,1472
KLV,LKKV,Karlovy Vary Airport,CZ,Karlovy Vary,50.202999,12.915,1989
KLW,PAKW,Klawock Airport,US,Klawock,55.579201,-133.076004,80
KLX,LGKL,Kalamata Airport,GR,Kalamata,37.06829833984375,22.02549934387207,26
KLZ,FAKZ,Kleinsee Airport,ZA,Kleinsee,-29.6884002686,17.093999862700002,270
KMA,AYKM,Kerema Airport,PG,Kerema,-7.96361017227,145.770996094,10
KMC,OEKK,King Khaled Military City Airport,SA,King Khaled Military City,27.9009,45.528198,1352
KME,HRZA,Kamembe Airport,RW,Kamembe,-2.462239980697632,28.907899856567383,5192
KMG,ZPPP,Kunming Changshui International Airport,CN,Kunming,25.110313,102.936743,6903
KMH,FAKU,Johan Pienaar Airport,ZA,Kuruman,-27.456596,23.411946,4382
KMI,RJFM,Miyazaki Airport,JP,Miyazaki,31.877199,131.449005,20
KMJ,RJFT,Kumamoto Airport,JP,Kumamoto,32.837299,130.854996,642
KMN,FZSB,Kamina City Airport,CD,Kamina,-8.728878,24.991407,3475
KMO,PAMB,Manokotak Airport,US,Manokotak,58.932056,-158.901886,107
KMP,FYKT,Keetmanshoop Airport,NA,Keetmanshoop,-26.539801,18.111401,3506
KMQ,RJNK,Komatsu Airport / JASDF Komatsu Air Base,JP,Kanazawa,36.393407,136.406895,36
KMS,DGSI,Prempeh I International Airport,GH,Kumasi,6.71456,-1.59082,942
KMU,HCMK,Kismayo Airport,SO,Kismayo,-0.377353,42.459202,49
KMW,UUBA,Kostroma Sokerkino Airport,RU,Kostroma,57.796902,41.019402,446
KMX,OEKM,King Khalid Air Base,SA,Khamis Mushait,18.2973,42.803501,6778
KNA,SCVM,Viña del Mar Airport,CL,Viña del Mar,-32.9496,-71.4786,461
KND,FZOA,Kindu Airport,CD,Kindu,-2.91917991638,25.915399551399997,1630
KNF,EGYM,RAF Marham,GB,"King's Lynn, Norfolk",52.648395,0.550692,75
KNG,WASK,Utarom Airport,ID,Kaimana,-3.6446,133.695116,19
KNH,RCBS,Kinmen Airport,TW,Shang-I,24.4279,118.359001,93
KNK,PFKK,Kokhanok Airport,US,Kokhanok,59.433248,-154.80217,115
KNO,WIMM,Kualanamu International Airport,ID,Beringin,3.637847,98.870566,23
KNQ,NWWD,Koné Airport,NC,Koné,-21.053551,164.838768,23
KNR,OIBJ,Jam Airport,IR,Jam,27.820499,52.3522,2173
KNS,YKII,King Island Airport,AU,,-39.877498626708984,143.8780059814453,132
KNU,VECX,Kanpur Airport,IN,Kanpur,26.404301,80.410103,410
KNW,PANW,New Stuyahok Airport,US,New Stuyahok,59.451838,-157.373829,364
KNX,YPKU,East Kimberley Regional (Kununurra) Airport,AU,Kununurra,-15.7781,128.707993,145
KOA,PHKO,Ellison Onizuka Kona International Airport at Keāhole,US,Kailua-Kona,19.738783,-156.045603,47
KOC,NWWK,Koumac Airport,NC,Koumac,-20.546323,164.255648,42
KOE,WATT,El Tari Airport,ID,Kupang,-10.1716,123.670998,335
KOI,EGPA,Kirkwall Airport,GB,"Kirkwall, Orkney Islands",58.957903,-2.905077,50
KOJ,RJFK,Kagoshima Airport,JP,Kagoshima,31.8034,130.718994,906
KOK,EFKK,Kokkola-Pietarsaari Airport,FI,Kokkola / Kruunupyy,63.721199,23.143101,84
KOP,VTUW,Nakhon Phanom Airport,TH,Nakhon Phanom,17.383801,104.642998,587
KOS,VDSV,Sihanouk International Airport,KH,Preah Sihanouk,10.570557,103.632067,33
KOT,PFKO,Kotlik Airport,US,Kotlik,63.030602,-163.533005,15
KOU,FOGK,Koulamoutou Mabimbi Airport,GA,Koulamoutou,-1.18461,12.4413,1070
KOV,UACK,Kokshetau International Airport,KZ,Kokshetau,53.329102,69.594597,900
KOW,ZSGZ,Ganzhou Huangjin Airport,CN,Ganzhou,25.853333,114.778889,387
KOZ,4K5,Ouzinkie Airport,US,Ouzinkie,57.942094,-152.464314,55
KPC,PAPC,Port Clarence Coast Guard Station,US,Port Clarence,65.2537002563,-166.85899353,10
KPN,PAKI,Kipnuk Airport,US,Kipnuk,59.931796,-164.028196,11
KPO,RKTH,Pohang Airport (G-815/K-3),KR,Pohang,35.987955,129.420383,70
KPS,YKMP,Kempsey Airport,AU,,-31.07232,152.765313,54
KPV,PAPE,Perryville Airport,US,Perryville,55.9065,-159.16091,29
KPW,UHMK,Keperveem Airport,RU,Keperveem,67.845001,166.139999,623
KQA,PAUT,Akutan Airport,US,Akutan,54.14459,-165.604332,133
KQH,VIKG,Kishangarh Airport Ajmer,IN,Ajmer (Kishangarh),26.591007,74.812956,
KQR,YKAR,Karara Airport,AU,Karara,-29.217223,116.687154,1011
KQT,UTDT,Bokhtar International Airport,TJ,Bokhtar,37.866315,68.864475,1473
KRA,YKER,Kerang Airport,AU,,-35.751399993896484,143.93899536132812,254
KRB,YKMB,Karumba Airport,AU,,-17.45669937133789,140.8300018310547,5
KRC,WIJI,Departi Parbo Airport,ID,Sungai Penuh,-2.094042,101.47025,2600
KRE,HBBO,Kirundo Airport,BI,Kirundo,-2.544772,30.094575,4511
KRF,ESNK,Kramfors-Sollefteå Höga Kusten Airport,SE,Nyland,63.048599,17.7689,34
KRI,AYKK,Kikori Airport,PG,Kikori,-7.42438,144.250076,50
KRK,EPKK,Kraków John Paul II International Airport,PL,Balice,50.077702,19.7848,791
KRL,ZWKL,Korla Licheng Airport,CN,Korla,41.614979,86.140817,3041
KRN,ESNQ,Kiruna Airport,SE,Kiruna,67.821999,20.3368,1508
KRO,USUU,Kurgan Airport,RU,Kurgan,55.4753,65.415604,240
KRP,EKKA,Midtjyllands Airport / Air Base Karup,DK,Karup,56.297139,9.104311,170
KRR,URKK,Krasnodar Pashkovsky International Airport,RU,Krasnodar,45.034465,39.174215,118
KRS,ENCN,Kristiansand Airport,NO,Kristiansand(Kjevik),58.204201,8.08537,57
KRT,HSSK,Khartoum International Airport,SD,Khartoum,15.5895,32.5532,1265
KRW,UTAK,Turkmenbaşy International Airport,TM,Turkmenbaşy,40.062833,53.005085,279
KRY,ZWKM,Karamay Airport,CN,Karamay,45.46655,84.9527,
KSA,PTSA,Kosrae International Airport,FM,Okat,5.35698,162.957993,11
KSC,LZKZ,Košice International Airport,SK,Košice,48.663101,21.2411,755
KSD,ESOK,Karlstad Airport,SE,Karlstad,59.444698,13.3374,352
KSF,EDVK,Kassel Airport,DE,Calden,51.418395,9.391638,820
KSH,OICC,Shahid Ashrafi Esfahani Airport,IR,Kermanshah,34.3459014893,47.1581001282,4307
KSJ,LGKS,Kasos Airport,GR,Kasos Island,35.4213981628,26.909999847399998,35
KSK,ESKK,Karlskoga Airport,SE,Karlskoga,59.345901,14.4959,407
KSL,HSKA,Kassala Airport,SD,Kassala,15.387499809265137,36.328800201416016,1671
KSM,PASM,St Mary's Airport,US,St Mary's,62.060501,-163.302002,312
KSN,UAUU,Kostanay International Airport,KZ,Kostanay,53.206902,63.550301,595
KSO,LGKA,Kastoria National Airport Aristotle,GR,Argos Orestiko,40.446301,21.2822,2167
KSQ,UZSK,Karshi Airport,UZ,Karshi,38.802246,65.773068,1230
KSR,WAWH,Selayar - Haji Aroeppala Airport,ID,Benteng,-6.17921,120.437479,13
KSU,ENKB,"Kristiansund Airport, Kvernberget",NO,Kvernberget,63.111801,7.82452,204
KSY,LTCF,Kars Airport,TR,Kars,40.562198638916016,43.1150016784668,5889
KSZ,ULKK,Kotlas Airport,RU,Kotlas,61.235801696777344,46.6974983215332,184
KTA,YPKA,Karratha Airport,AU,Karratha,-20.712200164799995,116.773002625,29
KTD,RORK,Kitadaito Airport,JP,Kitadaitōjima,25.9447002411,131.32699585,80
KTE,WMKE,Kerteh Airport,MY,Kerteh,4.53722,103.427002,18
KTG,WIOK,Rahadi Osman Airport,ID,Ketapang,-1.817165,109.963469,46
KTI,VDTI,Techo International Airport,KH,Phnom Penh (Boeng Khyang),11.359987,104.921272,20
KTL,HKKT,Kitale Airport,KE,Kitale,0.971989,34.958599,6070
KTM,VNKT,Tribhuvan International Airport,NP,Kathmandu,27.6966,85.3591,4390
KTN,PAKT,Ketchikan International Airport,US,Ketchikan,55.35559845,-131.7140045,89
KTP,MKTP,Tinson Pen Airport,JM,Tinson Pen,17.98859977722168,-76.82379913330078,16
KTQ,EFIT,Kitee Airport,FI,Kitee,62.1661,30.073601,364
KTR,YPTN,Tindal Airport,AU,,-14.521100044250488,132.3780059814453,443
KTS,PFKT,Brevig Mission Airport,US,Brevig Mission,65.331826,-166.467848,38
KTT,EFKT,Kittilä International Airport,FI,Kittilä,67.700996,24.8468,644
KTU,VIKO,Kota Airport,IN,Kota,25.160200119,75.84559631350001,896
KTW,EPKT,Katowice Wojciech Korfanty International Airport,PL,Katowice,50.476015,19.080705,995
KUA,WMKD,Kuantan Airport,MY,Kuantan,3.7753899097442627,103.20899963378906,58
KUD,WBKT,Kudat Airport,MY,Kudat,6.924111,116.837068,10
KUF,UWWW,Kurumoch International Airport,RU,Samara,53.504902,50.164299,477
KUG,YKUB,Kubin Island Airport,AU,Kubin Island,-10.22648,142.219619,15
KUH,RJCK,Kushiro Airport,JP,Kushiro,43.041,144.192993,327
KUK,PFKA,Kasigluk Airport,US,Kasigluk,60.872747,-162.5247,48
KUL,WMKK,Kuala Lumpur International Airport,MY,Sepang,2.74558,101.709999,69
KUM,RJFC,Yakushima Airport,JP,Yakushima,30.385599,130.658997,124
KUN,EYKA,Kaunas International Airport,LT,Kaunas,54.963965,24.08582,256
KUO,EFKU,Kuopio Airport,FI,Kuopio / Siilinjärvi,63.007099,27.7978,323
KUS,BGKK,Kulusuk Airport,GL,Kulusuk,65.573601,-37.1236,117
KUT,UGKO,David the Builder Kutaisi International Airport,GE,Kopitnari,42.177448,42.485353,223
KUU,VIBR,Kullu Manali Airport,IN,Bhuntar,31.876699,77.154404,3573
KUV,RKJK,Gunsan Airport / Gunsan Air Base,KR,Gunsan,35.903801,126.615997,29
KVA,LGKV,Kavala Alexander the Great International Airport,GR,Kavala,40.9133,24.6192,18
KVB,ESGR,Skövde Airport,SE,Skövde,58.456402,13.9727,324
KVC,PAVC,King Cove Airport,US,King Cove,55.116299,-162.266006,155
KVG,AYKV,Kavieng Airport,PG,Kavieng,-2.57940006256,150.807998657,7
KVK,RU-10046,Kirovsk-Apatity Airport,RU,Apatity,67.462851,33.585294,515
KVL,PAVL,Kivalina Airport,US,Kivalina,67.734565,-164.559917,13
KVM,UHMO,Markovo Airport,RU,Markovo,64.665446,170.417626,75
KVO,LYKV,Morava Airport,RS,Kraljevo,43.817519,20.586662,686
KVX,USKK,Pobedilovo Airport,RU,Kirov,58.503883,49.347831,479
KWA,PKWA,Bucholz Army Air Field,MH,Kwajalein,8.720120429992676,167.73199462890625,9
KWB,WAHU,Dewadaru Airport,ID,Karimunjawa,-5.80091,110.47838,35
KWE,ZUGY,Guiyang Longdongbao International Airport,CN,Guiyang (Nanming),26.541805,106.80402,3736
KWG,UKDR,Kryvyi Rih International Airport,UA,Kryvyi Rih,48.04330062866211,33.209999084472656,408
KWI,OKKK,Kuwait International Airport,KW,Kuwait City,29.224487,47.969813,206
KWJ,RKJJ,Gwangju Airport,KR,Gwangju,35.123173,126.805444,39
KWK,PAGG,Kwigillingok Airport,US,Kwigillingok,59.876499,-163.169005,18
KWL,ZGKL,Guilin Liangjiang International Airport,CN,Guilin (Lingui),25.219828,110.039553,570
KWM,YKOW,Kowanyama Airport,AU,Kowanyama,-15.485369,141.752572,35
KWN,PAQH,Quinhagak Airport,US,Quinhagak,59.7551,-161.845,42
KWT,PFKW,Kwethluk Airport,US,Kwethluk,60.790298,-161.444,25
KWY,HKWY,Kiwayu Airport,KE,Kiwayu,-1.960644,41.297156,21
KWZ,FZQM,Kolwezi Airport,CD,Kolwezi,-10.7659,25.505699,5007
KXB,WAWP,Sangia Nibandera Airport,ID,Kolaka,-4.338158,121.524047,40
KXE,FAKD,P C Pelser Airport,ZA,Klerksdorp,-26.871099,26.718,4444
KXF,NFNO,Koro Island Airport,FJ,Koro Island,-17.3458003998,179.42199707,358
KXK,UHKK,Komsomolsk-on-Amur Airport,RU,Komsomolsk-on-Amur,50.409,136.934006,92
KXO,HUKI,Kisoro Airport,UG,Kisoro,-1.2837,29.7197,6200
KYA,LTAN,Konya Airport,TR,Konya,37.979,32.561901,3392
KYD,RCLY,Lanyu Airport,TW,Orchid Island,22.027000427246094,121.53500366210938,44
KYE,OLKA,Rene Mouawad Air Base,LB,Tripoli,34.589298,36.011299,75
KYK,PAKY,Karluk Airport,US,Karluk,57.565919,-154.453762,137
KYP,VYKP,Kyaukpyu Airport,MM,Kyaukpyu,19.42639923095703,93.53479766845703,20
KYS,GAKD,Kayes Dag Dag Airport,ML,Kayes,14.482521,-11.399335,164
KYU,PFKU,Koyukuk Airport,US,Koyukuk,64.876099,-157.727005,149
KYZ,UNKY,Kyzyl Airport,RU,Kyzyl,51.669399,94.400597,2123
KZI,LGKZ,Kozani National Airport Filippos,GR,Kozani,40.286098,21.840799,2059
KZN,UWKD,Kazan International Airport,RU,Kazan,55.606201,49.278702,411
KZO,UAOO,Korkyt Ata International Airport,KZ,Kyzylorda,44.706902,65.592499,433
KZR,LTBZ,Zafer Airport,TR,Altıntaş,39.111107,30.130405,3327
KZS,LGKJ,Kastelorizo Airport,GR,Kastelorizo Island,36.141701,29.576401,489
LAA,KLAA,Southeast Colorado Regional Airport,US,Lamar,38.066407,-102.691373,3706
LAD,FNLU,Quatro de Fevereiro International Airport,AO,Luanda,-8.85837,13.2312,243
LAE,AYNZ,Nadzab Tomodachi International Airport,PG,Lae,-6.567995,146.726544,239
LAF,KLAF,Purdue University Airport,US,West Lafayette,40.412875,-86.939363,606
LAI,LFRO,Lannion Airport,FR,Lannion,48.754398,-3.47166,290
LAJ,SBLJ,Lages Airport,BR,Lages,-27.782101,-50.281502,3065
LAK,CYKD,Aklavik/Freddie Carmichael Airport,CA,Aklavik,68.223297,-135.00599,23
LAL,KLAL,Lakeland Linder International Airport,US,Lakeland,27.989267,-82.020715,142
LAN,KLAN,Capital Region International Airport,US,Lansing,42.777582,-84.585721,861
LAO,RPLI,Laoag International Airport,PH,Laoag City,18.175089,120.531006,25
LAP,MMLP,Manuel Márquez de León International Airport,MX,La Paz,24.072331,-110.362662,69
LAQ,HLLQ,Al Abraq International Airport,LY,Al Albraq,32.789036,21.954864,2157
LAR,KLAR,Laramie Regional Airport,US,Laramie,41.31209945678711,-105.67500305175781,7284
LAS,KLAS,Harry Reid International Airport,US,Las Vegas,36.083361,-115.151817,2181
LAU,HKLU,Manda Airport,KE,Lamu,-2.252431,40.912892,20
LAW,KLAW,Lawton Fort Sill Regional Airport,US,Lawton,34.567699,-98.416603,1110
LAX,KLAX,Los Angeles International Airport,US,Los Angeles,33.942501,-118.407997,125
LAY,FALY,Ladysmith Airport,ZA,Ladysmith,-28.5816993713,29.749700546299998,3548
LAZ,SBLP,Bom Jesus da Lapa Airport,BR,Bom Jesus da Lapa,-13.2621,-43.4081,1454
LBA,EGNM,Leeds Bradford Airport,GB,"Leeds, West Yorkshire",53.865898,-1.66057,681
LBB,KLBB,Lubbock Preston Smith International Airport,US,Lubbock,33.663601,-101.822998,3282
LBC,EDHL,Lübeck Blankensee Airport,DE,Lübeck,53.805401,10.7192,53
LBD,UTDL,Khujand International Airport,TJ,Khujand,40.215401,69.694702,1450
LBE,KLBE,Arnold Palmer Regional Airport,US,Latrobe,40.275902,-79.4048,1199
LBF,KLBF,North Platte Regional Airport Lee Bird Field,US,North Platte,41.12620163,-100.6839981,2777
LBG,LFPB,Paris-Le Bourget International Airport,FR,Paris,48.962276,2.436539,218
LBI,LFCI,Albi Le Sequestre airport,FR,Albi,43.913898,2.11306,564
LBJ,WATO,Komodo Airport,ID,"Labuan Bajo, Manggarai Barat",-8.480694,119.888306,66
LBL,KLBL,Liberal Mid-America Regional Airport,US,Liberal,37.0442009,-100.9599991,2885
LBP,MY-LBP,Long Banga Airport,MY,Long Banga,3.202138,115.401811,750
LBQ,FOGR,Lambarene Airport,GA,Lambarene,-0.704389,10.2457,82
LBR,SWLB,Lábrea Airport,BR,Lábrea,-7.27897,-64.769501,243
LBS,NFNL,Labasa Airport,FJ,Labasa,-16.4667,179.339996,44
LBT,KLBT,Lumberton Regional Airport,US,Lumberton,34.610773,-79.05943,126
LBU,WBKL,Labuan Airport,MY,Labuan,5.301667,115.248333,101
LBV,FOOL,Libreville Leon M'ba International Airport,GA,Libreville,0.458951,9.41214,39
LBW,WAQJ,Yuvai Semaring Airport,ID,Long Bawan,3.900495,115.690089,2540
LBX,RPLU,Lubang Airport,PH,Lubang,13.8554,120.105003,43
LBY,LFRE,La Baule-Escoublac Airport,FR,La Baule-Escoublac,47.289398,-2.34639,105
LCA,LCLK,Larnaca International Airport,CY,Larnaca,34.875099,33.624901,8
LCC,LIBN,Lecce Galatina Air Base / Galatina Fortunato Cesari Airport,IT,Galatina (LE),40.239201,18.133301,156
LCE,MHLC,Golosón International Airport,HN,La Ceiba,15.7425,-86.852997,39
LCG,LECO,A Coruña Airport,ES,Culleredo,43.302101,-8.37726,326
LCH,KLCH,Lake Charles Regional Airport,US,Lake Charles,30.126100540161133,-93.22329711914062,15
LCJ,EPLL,Łódź Władysław Reymont Airport,PL,Łódź,51.721901,19.3981,604
LCK,KLCK,Rickenbacker International Airport,US,Columbus,39.813801,-82.927803,744
LCR,CO-LCR,Virgilio Barco Vargas (La Chorrera) Airport,CO,La Chorrera,-1.456361,-72.801086,564
LCX,ZSLO,Liancheng Guanzhishan Airport,CN,Longyan (Liancheng),25.67592,116.745907,1225
LCY,EGLC,London City Airport,GB,London,51.505299,0.055278,19
LDB,SBLO,Governor José Richa Airport,BR,Londrina,-23.334375,-51.128365,1867
LDE,LFBT,Tarbes-Lourdes-Pyrénées Airport,FR,Tarbes/Lourdes/Pyrénées,43.178699,-0.006439,1260
LDG,ULAL,Leshukonskoye Airport,RU,Leshukonskoye,64.896004,45.723,220
LDH,YLHI,Lord Howe Island Airport,AU,Lord Howe Island,-31.538204,159.07546,5
LDS,ZYLD,Yichun Lindu Airport,CN,Yichun,47.752056,129.019125,791
LDU,WBKD,Lahad Datu Airport,MY,Lahad Datu,5.03241,118.32376,45
LDV,LFRJ,Landivisiau Air Base,FR,Landivisiau,48.5303,-4.15164,348
LDX,SOOM,Saint-Laurent-du-Maroni Airport,GF,Saint-Laurent-du-Maroni,5.481891,-54.034964,16
LDY,EGAE,City of Derry Airport,GB,"Derry, Derry and Strabane",55.042801,-7.16111,22
LEA,YPLM,Learmonth Airport,AU,Exmouth,-22.235201,114.090024,19
LEB,KLEB,Lebanon Municipal Airport,US,Lebanon,43.626098632799994,-72.30419921880001,603
LEC,SBLE,Coronel Horácio de Mattos Airport,BR,Lençóis,-12.4823,-41.277,1676
LED,ULLI,Pulkovo Airport,RU,St. Petersburg,59.800301,30.262501,78
LEE,KLEE,Leesburg International Airport,US,Leesburg,28.82309914,-81.80870056,76
LEH,LFOH,Le Havre-Octeville Airport,FR,Le Havre,49.534038,0.088406,313
LEI,LEAM,Almería Airport,ES,Almería,36.843899,-2.3701,70
LEJ,EDDP,Leipzig/Halle Airport,DE,Schkeuditz,51.420657,12.232705,465
LEL,YLEV,Lake Evella Airport,AU,,-12.498900413513184,135.80599975585938,256
LEN,LELN,León Airport,ES,La Virgen del Camino,42.590709,-5.653406,3006
LEQ,EGHC,Land's End Airport,GB,"Land's End, Cornwall",50.102798,-5.67056,398
LER,YLST,Leinster Airport,AU,,-27.843299865722656,120.7030029296875,1631
LET,SKLT,Alfredo Vásquez Cobo International Airport,CO,Leticia,-4.191147,-69.942003,277
LEU,LESU,Pirineus - la Seu d'Urgel Airport,ES,La Seu d'Urgell Pyrenees and Andorra,42.3386,1.40917,2625
LEV,NFNB,Levuka Airfield,FJ,Bureta,-17.7110996246,178.759002686,11
LEX,KLEX,Blue Grass Airport,US,Lexington,38.035066,-84.606738,979
LEY,EHLE,Lelystad Airport,NL,Lelystad,52.453188,5.514622,-13
LFI,KLFI,Langley Air Force Base,US,Hampton,37.082901,-76.360497,11
LFK,KLFK,Angelina County Airport,US,Lufkin,31.2339992523,-94.75,296
LFM,OISR,Lamerd Airport,IR,Lamerd,27.3727,53.188801,1337
LFQ,ZBLF,Linfen Yaodu Airport,CN,Linfen (Yaodu),36.132629,111.641236,1483
LFR,SVLF,La Fria Airport,VE,,8.239167,-72.271027,305
LFT,KLFT,Lafayette Regional Airport,US,Lafayette,30.205299,-91.987602,42
LFW,DXXX,Lomé–Tokoin International Airport,TG,Lomé,6.16561,1.25451,72
LGA,KLGA,LaGuardia Airport,US,New York,40.777199,-73.872597,21
LGB,KLGB,Long Beach International Airport,US,Long Beach,33.816523,-118.149891,60
LGG,EBLG,Liège Airport,BE,Grâce-Hollogne,50.638574,5.443897,659
LGH,YLEC,Leigh Creek Airport,AU,,-30.598301,138.425995,856
LGI,MYLD,Deadman's Cay Airport,BS,Deadman's Cay,23.1790008545,-75.09359741210001,9
LGK,WMKL,Langkawi International Airport,MY,Langkawi,6.32973,99.728699,29
LGL,WBGF,Long Lellang Airport,MY,Long Datih,3.4210000038099997,115.153999329,1400
LGR,SCHR,Cochrane Airport,CL,Cochrane,-47.243591,-72.58815,643
LGS,SAMM,Comodoro D.R. Salomón Airport,AR,Malargue,-35.493599,-69.574303,4685
LGU,KLGU,Logan-Cache Airport,US,Logan,41.7911987305,-111.851997375,4457
LGW,EGKK,London Gatwick Airport,GB,London,51.148744,-0.185739,202
LGZ,ZUSH,Shannan Longzi Airport,CN,Shannan,28.422422,92.348082,12959
LHA,EDTL,Lahr Airport,DE,Lahr/Schwarzwald,48.369301,7.82772,511
LHE,OPLA,Allama Iqbal International Airport,PK,Lahore,31.521601,74.403603,712
LHG,YLRD,Lightning Ridge Airport,AU,,-29.452857,147.977146,540
LHK,ZHGH,Guangzhou MR Air Base / Guanghua Airport,CN,Xiangyang (Laohekou),32.38866,111.69425,
LHL,UBLC,Lachin International Airport,AZ,Lachin,39.883787,46.363137,5577
LHN,SNLN,Linhares Municipal Airport,BR,Linhares,-19.355202,-40.07128,138
LHR,EGLL,London Heathrow Airport,GB,London,51.470748,-0.459909,83
LHS,SAVH,Las Heras Airport,AR,Las Heras,-46.538517,-68.965323,1082
LHW,ZLLL,Lanzhou Zhongchuan International Airport,CN,Lanzhou (Yongdeng),36.515202,103.620003,6388
LIF,NWWL,Lifou Airport,NC,Lifou,-20.774563,167.239328,92
LIG,LFBL,Limoges Airport,FR,Limoges/Bellegarde,45.862801,1.17944,1300
LIH,PHLI,Lihue Airport,US,"Lihue, Kauai",21.974393,-159.337146,153
LIK,MH-LIK,Likiep Airport,MH,Likiep Island,9.82316,169.307999,
LIL,LFQQ,Lille Airport,FR,Lesquin,50.566564,3.102429,157
LIM,SPJC,Jorge Chávez International Airport,PE,Lima,-12.0219,-77.114305,113
LIN,LIML,Milano Linate Airport,IT,Segrate (MI),45.445099,9.27674,353
LIO,MRLM,Limón International Airport,CR,Limón,9.95796,-83.022003,7
LIP,SBLN,Lins Airport,BR,Lins,-21.663491,-49.729954,1575
LIQ,FZGA,Lisala Airport,CD,Lisala,2.17066,21.496901,1509
LIR,MRLB,Daniel Oduber Quirós International Airport,CR,Liberia,10.5933,-85.544403,270
LIS,LPPT,Lisbon Humberto Delgado Airport,PT,Lisbon,38.7813,-9.13592,374
LIT,KLIT,Bill & Hillary Clinton National Airport/Adams Field,US,Little Rock,34.729222,-92.223591,262
LIW,VYLK,Loikaw Airport,MM,Loikaw,19.691499710083008,97.21479797363281,2940
LJG,ZPLJ,Lijiang Sanyi International Airport,CN,Lijiang,26.677483,100.244944,7359
LJN,KLBX,Texas Gulf Coast Regional Airport,US,Angleton,29.108601,-95.462097,25
LJU,LJLJ,Ljubljana Jože Pučnik Airport,SI,Zgornji Brnik,46.223701,14.4576,1273
LKA,WATL,Larantuka Gewayentana Airport,ID,Tiwatobi,-8.274424,123.002,63
LKB,NFNK,Lakeba Island Airport,FJ,Lakeba Island,-18.1991996765,-178.817001343,280
LKG,HKLK,Lokichogio Airport,KE,Lokichogio,4.20412,34.348202,2074
LKI,WIML,Lasikin Airport,ID,Lubang,2.411328,96.327722,19
LKL,ENNA,"Lakselv Airport, Banak",NO,Lakselv,70.068802,24.973499,25
LKM,WAMI,Bolaang Mongondow Airport,ID,Lolak,0.88855,124.033634,28
LKN,ENLK,Leknes Airport,NO,Leknes,68.152496337891,13.609399795532,78
LKO,VILK,Chaudhary Charan Singh International Airport,IN,Lucknow,26.760599,80.889297,410
LKY,HTLM,Lake Manyara Airport,TZ,Lake Manyara National Park,-3.37631,35.818298,4150
LKZ,EGUL,RAF Lakenheath,GB,"Brandon, Suffolk",52.40954,0.561161,32
LLA,ESPA,Luleå Airport,SE,Luleå,65.5438,22.122,65
LLB,ZULB,Libo Airport,CN,Qiannan (Libo),25.4525,107.961667,
LLC,RPLH,Cagayan North International Airport,PH,Lal-lo,18.182388,121.746223,148
LLF,ZGLG,Yongzhou Lingling Airport,CN,Yongzhou,26.338661,111.610043,340
LLK,UBBL,Lankaran International Airport,AZ,Lankaran,38.757919,48.807042,30
LLO,WAFD,Bua - Palopo Lagaligo Airport,ID,Palopo,-3.08227,120.244823,14
LLV,ZBLL,Lüliang Dawu Airport,CN,Lüliang,37.683333,111.142778,
LLW,FWKI,Kamuzu International Airport,MW,Lumbadzi,-13.7894,33.780998,4035
LMA,PAMH,Minchumina Airport,US,Minchumina,63.886002,-152.302002,678
LMC,SKNA,La Macarena Airport,CO,La Macarena,2.17565,-73.78674,790
LME,LFRM,Le Mans-Arnage Airport,FR,"Le Mans, Sarthe",47.948604,0.201702,194
LMM,MMLM,Valle del Fuerte International Airport,MX,Los Mochis,25.685503,-109.081159,16
LMN,WBGJ,Limbang Airport,MY,Limbang,4.808300018310547,115.01000213623047,14
LMO,EGQS,RAF Lossiemouth,GB,"Lossiemouth, Moray",57.7052,-3.33917,42
LMP,LICD,Lampedusa Airport,IT,Lampedusa,35.497898,12.6181,70
LMQ,HLMB,Marsa al Brega Airport,LY,Marsa al Brega,30.378099,19.576401,50
LMR,FALC,Lime Acres Finsch Mine Airport,ZA,Lime Acres,-28.36009979248047,23.43910026550293,4900
LMT,KLMT,Crater Lake-Klamath Regional Airport,US,Klamath Falls,42.156101,-121.733002,4095
LMY,AYLM,Lake Murray Airport,PG,Lake Murray,-7.00992,141.494003,52
LNB,NVSM,Lamen Bay Airport,VU,Lamen Bay,-16.584199905400002,168.158996582,7
LND,KLND,Hunt Field,US,Lander,42.815201,-108.730003,5586
LNE,NVSO,Lonorore Airport,VU,Lonorore,-15.865599632299999,168.17199707,43
LNJ,ZPLC,Lincang Boshang Airport,CN,Lincang,23.7381,100.025002,6230
LNK,KLNK,Lincoln Airport,US,Lincoln,40.844882,-96.76178,1219
LNL,ZLLN,Longnan Chengzhou Airport,CN,Longnan (Cheng),33.789918,105.790014,3707
LNO,YLEO,Leonora Airport,AU,Leonora,-28.87809944152832,121.31500244140625,1217
LNS,KLNS,Lancaster Airport,US,Lancaster,40.121700286865234,-76.29609680175781,403
LNU,WAQM,Robert Atty Bessing,ID,Malinau,3.575256,116.619769,26
LNV,AYKY,Londolovit Airport,PG,Londolovit,-3.04361009598,152.628997803,167
LNX,RU-10076,Smolensk North Airport,RU,Smolensk,54.824,32.025,820
LNY,PHNY,Lanai Airport,US,Lanai City,20.785675,-156.951324,1308
LNZ,LOWL,Linz-Hörsching Airport,AT,Linz,48.235362,14.188128,980
LOD,NVSG,Longana Airport,VU,Longana,-15.3066997528,167.966995239,167
LOE,VTUL,Loei Airport,TH,,17.43910026550293,101.72200012207031,860
LOH,SECA,Ciudad de Catamayo Airport,EC,La Toma (Catamayo),-3.995606,-79.371902,4056
LOK,HKLO,Lodwar Airport,KE,Lodwar,3.12197,35.6087,1715
LOL,KLOL,Derby Field,US,Lovelock,40.0663986206,-118.565002441,3904
LOO,DAUL,Laghouat - Molay Ahmed Medeghri Airport,DZ,Laghouat,33.7644,2.92834,2510
LOP,WADL,Lombok International Airport,ID,"Mataram (Pujut, Lombok Tengah)",-8.759962,116.278169,319
LOS,DNMM,Murtala Muhammed International Airport,NG,Lagos,6.57737,3.32116,135
LOU,KLOU,Bowman Field,US,Louisville,38.2280006409,-85.6636962891,546
LOV,MMMV,Monclova International Airport,MX,Monclova,26.9557,-101.470001,1864
LOZ,KLOZ,London-Corbin Airport/Magee Field,US,London,37.0821990967,-84.08489990230001,1212
LPA,GCLP,Gran Canaria Airport,ES,Gran Canaria Island,27.9319,-15.3866,78
LPB,SLLP,El Alto International Airport,BO,La Paz / El Alto,-16.510272,-68.189416,13355
LPD,SKLP,La Pedrera Airport,CO,La Pedrera,-1.324882,-69.581294,590
LPF,ZUPS,Liupanshui Yuezhao Airport,CN,Liupanshui (Zhongshan),26.609417,104.979,
LPG,SADL,La Plata Airport,AR,La Plata,-34.9722,-57.8947,72
LPI,ESSL,Linköping City Airport,SE,Linköping,58.404909,15.684499,172
LPK,UUOL,Lipetsk Airport,RU,Lipetsk,52.70280075073242,39.53779983520508,584
LPL,EGGP,Liverpool John Lennon Airport,GB,Liverpool,53.334863,-2.849637,80
LPM,NVSL,Lamap Airport,VU,Lamap,-16.4611228,167.829253,7
LPP,EFLP,Lappeenranta Airport,FI,Lappeenranta,61.044601,28.144743,349
LPQ,VLLB,Luang Phabang International Airport,LA,Luang Phabang,19.904273,102.167191,955
LPS,S31,Lopez Island Airport,US,Lopez,48.4838981628418,-122.93800354003906,209
LPT,VTCL,Lampang Airport,TH,,18.27090072631836,99.50420379638672,811
LPU,WAQL,Long Apung Airport,ID,Long Apung-Borneo Island,1.706932,114.969934,2437
LPX,EVLA,Liepāja International Airport,LV,Liepāja,56.517502,21.096901,16
LPY,LFHP,Le Puy-Loudes Airfield,FR,"Chaspuzac, Haute-Loire",45.0807,3.76289,2731
LQM,SKLG,Caucaya Airport,CO,Puerto Leguízamo,-0.182278,-74.7708,573
LRD,KLRD,Laredo International Airport,US,Laredo,27.5438,-99.461601,508
LRE,YLRE,Longreach Airport,AU,Longreach,-23.43202,144.277492,627
LRF,KLRF,Little Rock Air Force Base,US,Jacksonville,34.916900634799994,-92.14969635010002,311
LRH,LFBH,La Rochelle Île de Ré Airport,FR,La Rochelle,46.179199,-1.19528,74
LRL,DXNG,Niamtougou International Airport,TG,Niamtougou,9.766675,1.090944,1515
LRM,MDLR,Casa De Campo International Airport,DO,La Romana,18.452222,-68.911111,213
LRR,OISL,Lar Airport,IR,Lar,27.6747,54.383301,2641
LRS,LGLE,Leros Airport,GR,Leros Island,37.184898,26.800301,39
LRT,LFRH,Lorient South Brittany (Bretagne Sud) Airport,FR,Lorient/Lann/Bihoué,47.760601,-3.44,160
LRU,KLRU,Las Cruces International Airport,US,Las Cruces,32.289398,-106.921997,4456
LRV,SVRS,Los Roques Airport,VE,Gran Roque Island,11.946935,-66.668333,17
LSA,AYKA,Losuia Airport,PG,Losuia,-8.505820274353027,151.08099365234375,27
LSC,SCSE,La Florida Airport,CL,La Serena-Coquimbo,-29.916201,-71.199501,481
LSE,KLSE,La Crosse Regional Airport,US,La Crosse,43.879002,-91.256699,655
LSF,KLSF,Lawson Army Air Field,US,Fort Benning,32.332546,-84.988003,232
LSG,CN-0249,Leshan Airport,CN,Leshan (Wutongqiao),29.438627,103.749218,1189
LSH,VYLS,Lashio Airport,MM,Lashio,22.9778995513916,97.752197265625,2450
LSI,EGPB,Sumburgh Airport,GB,"Lerwick, Shetland",59.878899,-1.29556,20
LSL,MRLC,Los Chiles Airport,CR,Los Chiles,11.0353,-84.7061,131
LSP,SVJC,Josefa Camejo International Airport,VE,Paraguaná,11.780775,-70.151497,75
LSR,WIMU,Alas Leuser Airport,ID,Kutacane,3.391456,97.863726,419
LST,YMLT,Launceston Airport,AU,Launceston (Western Junction),-41.544935,147.210785,562
LSV,KLSV,Nellis Air Force Base,US,Las Vegas,36.2361984253,-115.033996582,1870
LSW,WIMA,Malikus Saleh Airport,ID,Lhok Seumawe-Sumatra Island,5.22668,96.950302,90
LSX,WITL,Lhok Sukon Airport,ID,Lhok Sukon-Sumatra Island,5.06951,97.259201,28
LSY,YLIS,Lismore Airport,AU,Lismore,-28.830689,153.258419,35
LTA,FATZ,Tzaneen Airport,ZA,Tzaneen,-23.8244,30.3293,1914
LTD,HLTD,Ghadames Airport,LY,Ghadames,30.145484,9.702095,1122
LTH,VVLT,Long Thanh International Airport (Under Construction),VN,Ho Chi Minh City (Long Thanh),10.772842,107.040596,249
LTI,ZMAT,Altai Airport,MN,Altai,46.376399993896484,96.22109985351562,7260
LTK,OSLK,Latakia International Airport,SY,Latakia,35.4011,35.9487,157
LTM,SYLT,Lethem Airport,GY,Lethem,3.37276,-59.789398,351
LTN,EGGW,London Luton Airport,GB,"Luton, Luton",51.874699,-0.368333,526
LTO,MMLT,Loreto International Airport,MX,Loreto,25.989549,-111.348408,34
LTQ,LFAT,Le Touquet-Côte d'Opale Airport,FR,Le Touquet-Paris-Plage,50.518284,1.621656,36
LTS,KLTS,Altus Air Force Base,US,Altus,34.667099,-99.266701,1382
LTT,LFTZ,La Môle Airport,FR,Saint-Tropez,43.205399,6.482,59
LTU,VALT,Murod Kond Airport,IN,Latur,18.411501,76.464699,2136
LTX,SELT,Cotopaxi International Airport,EC,Latacunga,-0.906833,-78.615799,9205
LUA,VNLK,Tenzing-Hillary Airport,NP,Lukla,27.686768,86.729479,9380
LUD,FYLZ,Luderitz Airport,NA,Luderitz,-26.687400817871094,15.242899894714355,457
LUF,KLUF,Luke Air Force Base,US,Glendale,33.535,-112.383003,1085
LUG,LSZA,Lugano Airport,CH,Agno,46.004299,8.91058,915
LUH,VILD,Ludhiana Airport,IN,,30.854700088500977,75.95259857177734,834
LUK,KLUK,Cincinnati Municipal Airport Lunken Field,US,Cincinnati,39.102357,-84.418945,483
LUM,ZPMS,Dehong Mangshi International Airport,CN,Dehong (Mangshi),24.4011,98.5317,2890
LUN,FLKK,Kenneth Kaunda International Airport,ZM,Lusaka,-15.330833,28.452722,3779
LUO,FNUE,Luena Airport,AO,Luena,-11.7681,19.897699,4360
LUP,PHLU,Kalaupapa Airport,US,Kalaupapa,21.211,-156.973999,24
LUQ,SAOU,Brigadier Mayor D Cesar Raul Ojeda Airport,AR,San Luis,-33.273201,-66.3564,2328
LUR,PALU,Cape Lisburne LRRS Airport,US,Cape Lisburne,68.875099,-166.110001,16
LUV,WAPF,Karel Sadsuitubun Airport,ID,Langgur,-5.760278,132.759444,78
LUW,WAFW,Syukuran Aminuddin Amir Airport,ID,Luwok,-1.035893,122.773934,56
LUX,ELLX,Luxembourg-Findel International Airport,LU,Luxembourg,49.626845,6.212134,1234
LUZ,EPLB,Lublin Airport,PL,Lublin,51.240157,22.713461,633
LVA,LFOV,Laval-Entrammes Airport,FR,"Laval, Mayenne",48.032208,-0.743999,330
LVI,FLHN,Harry Mwanga Nkumbula International Airport,ZM,Livingstone,-17.821524,25.819642,3302
LVM,KLVM,Mission Field,US,Livingston,45.6994018555,-110.447998047,4660
LVO,YLTN,Laverton Airport,AU,Laverton,-28.614267,122.428673,1530
LVP,OIBV,Lavan Airport,IR,Lavan Airport,26.810742,53.354302,76
LVS,KLVS,Las Vegas Municipal Airport,US,Las Vegas,35.654202,-105.141998,6877
LWB,KLWB,Greenbrier Valley Airport,US,Lewisburg,37.857914,-80.400438,2302
LWK,EGET,Lerwick / Tingwall Airport,GB,"Lerwick, Shetland Islands",60.1922,-1.24361,43
LWM,KLWM,Lawrence Municipal Airport,US,Lawrence,42.717201232899995,-71.1233978271,148
LWN,UDSG,Shirak International Airport,AM,Gyumri,40.750401,43.859299,5000
LWO,UKLL,Lviv International Airport,UA,Lviv,49.8125,23.9561,1071
LWR,EHLW,Leeuwarden Air Base,NL,Leeuwarden,53.228599548339844,5.760560035705566,3
LWS,KLWS,Lewiston Nez Perce County Airport,US,Lewiston,46.3745002746582,-117.01499938964844,1442
LWT,KLWT,Lewistown Municipal Airport,US,Lewistown,47.048429,-109.466143,4170
LWY,WBGW,Lawas Airport,MY,Lawas,4.84917,115.407997,5
LXA,ZULS,Lhasa Gonggar International Airport,CN,Shannan (Gonggar),29.298001,90.911951,11713
LXG,VLLN,Luang Namtha Airport,LA,Luang Namtha,20.966999,101.400002,1968
LXR,HELX,Luxor International Airport,EG,Luxor,25.671018,32.706446,276
LXS,LGLM,Limnos Airport,GR,Limnos Island,39.917098999,25.236299514799995,14
LYA,ZHLY,Luoyang Beijiao Airport,CN,Luoyang (Laocheng),34.7411,112.388,840
LYB,MWCL,Edward Bodden Little Cayman Airfield,KY,Blossom Village,19.660161,-80.088826,3
LYC,ESNL,Lycksele Airport,SE,Lycksele,64.548302,18.7162,705
LYG,ZSLG,Lianyungang Huaguoshan International Airport,CN,Lianyungang,34.41406,119.17899,
LYH,KLYH,Lynchburg Regional Airport - Preston Glenn Field,US,Lynchburg,37.326698,-79.200401,938
LYI,ZSLY,Linyi Qiyang Airport,CN,Linyi (Hedong),35.052918,118.411828,177
LYN,LFLY,Lyon Bron Airport,FR,"Chassieu, Lyon",45.727947,4.943991,659
LYP,OPFA,Faisalabad International Airport,PK,Faisalabad,31.364923,72.995319,591
LYR,ENSB,"Svalbard Airport, Longyear",NO,Longyearbyen,78.246101,15.4656,88
LYS,LFLL,Lyon Saint-Exupéry Airport,FR,"Colombier-Saugnieu, Rhône",45.725996,5.090139,821
LYU,KELO,Ely Municipal Airport,US,Ely,47.82450104,-91.83070374,1456
LYX,EGMD,Lydd London Ashford Airport,GB,"Romney Marsh, Kent",50.956246,0.939074,13
LZC,MMLC,Lázaro Cárdenas Airport,MX,Lázaro Cárdenas,18.001672,-102.220316,39
LZG,ZULA,Langzhong Gucheng Airport,CN,Nanchong (Langzhong),31.50191,106.034417,1444
LZH,ZGZH,Liuzhou Bailian Airport / Bailian Air Base,CN,Liuzhou (Liujiang),24.2075,109.390999,295
LZN,RCFG,Matsu Nangan Airport,TW,Matsu (Nangan),26.159656,119.958376,232
LZO,ZULZ,Luzhou Yunlong Airport,CN,Luzhou (Yunlong),29.030357,105.468407,
LZY,ZUNZ,Nyingchi Mainling Airport,CN,Nyingchi (Mainling),29.303301,94.335297,9675
MAA,VOMM,Chennai International Airport,IN,Chennai,12.990005,80.169296,52
MAB,SBMA,João Correa da Rocha Airport,BR,Marabá,-5.36859,-49.138,357
MAD,LEMD,Adolfo Suárez Madrid–Barajas Airport,ES,Madrid,40.493407,-3.572249,1998
MAF,KMAF,Midland International Air and Space Port,US,Midland,31.942499,-102.202003,2871
MAG,AYMD,Madang Airport,PG,Madang,-5.20707988739,145.789001465,20
MAH,LEMH,Menorca Airport,ES,Mahón (Maó),39.862598,4.21865,302
MAJ,PKMJ,Marshall Islands International Airport,MH,Majuro Atoll,7.06511,171.271656,6
MAK,HSSM,Malakal International Airport,SS,Malakal,9.558739,31.651937,1291
MAM,MMMA,General Servando Canales International Airport,MX,Matamoros,25.7698993683,-97.5252990723,25
MAN,EGCC,Manchester Airport,GB,"Manchester, Greater Manchester",53.349375,-2.279521,257
MAO,SBEG,Eduardo Gomes International Airport,BR,Manaus,-3.03861,-60.049702,264
MAQ,VTPM,Mae Sot Airport,TH,,16.699899673461914,98.54509735107422,690
MAR,SVMC,La Chinita International Airport,VE,Maracaibo,10.557542,-71.729307,239
MAS,AYMO,Momote Airport,PG,Manus Island,-2.06189,147.423996,12
MAU,NTTP,Maupiti Airport,PF,,-16.42650032043457,-152.24400329589844,15
MAX,GOSM,Ouro Sogui Airport,SN,Ouro Sogui,15.5936,-13.3228,85
MAY,MYAB,Clarence A. Bain Airport,BS,Mangrove Cay,24.287701,-77.684601,19
MAZ,TJMZ,Eugenio Maria De Hostos Airport,PR,Mayaguez,18.255699157714844,-67.14849853515625,28
MBA,HKMO,Moi International Airport,KE,Mombasa,-4.03483,39.5942,200
MBD,FAMM,Mmabatho International Airport,ZA,Mafeking,-25.798400878900004,25.548000335699996,4181
MBE,RJEB,Monbetsu Airport,JP,Monbetsu,44.303901672399995,143.404006958,80
MBG,KMBG,Mobridge Municipal Airport,US,Mobridge,45.54650116,-100.4079971,1716
MBI,HTGW,Songwe Airport,TZ,Mbeya,-8.919942,33.273981,4412
MBJ,MKJS,Sangster International Airport,JM,Montego Bay,18.50342,-77.91323,4
MBL,KMBL,Manistee County Blacker Airport,US,Manistee,44.272707,-86.246495,621
MBO,RPUM,Mamburao Airport,PH,Mamburao,13.208048,120.605457,13
MBS,KMBS,MBS International Airport,US,Freeland,43.533181,-84.083104,668
MBT,RPVJ,Moises R. Espinosa Airport,PH,Masbate,12.369682,123.630095,49
MBW,YMMB,Melbourne Moorabbin Airport,AU,Melbourne,-37.977765,145.099799,50
MBX,LJMB,Maribor Edvard Rusjan Airport,SI,Maribor,46.4799,15.6861,876
MCB,KMCB,McComb-Pike County Airport / John E Lewis Field,US,McComb,31.178499,-90.471901,413
MCC,KMCC,McClellan Airfield,US,Sacramento,38.667599,-121.401001,77
MCE,KMCE,Merced Regional Macready Field,US,Merced,37.284698,-120.514,155
MCF,KMCF,MacDill Air Force Base,US,Tampa,27.8493,-82.521202,14
MCG,PAMC,McGrath Airport,US,McGrath,62.95289993,-155.6060028,341
MCI,KMCI,Kansas City International Airport,US,Kansas City,39.301699,-94.713893,1026
MCJ,SKLM,Jorge Isaac Airport,CO,La Mina-Maicao,11.2325,-72.4901,281
MCK,KMCK,McCook Ben Nelson Regional Airport,US,McCook,40.207787,-100.592794,2583
MCN,KMCN,Middle Georgia Regional Airport,US,Macon,32.69279861450195,-83.64920043945312,354
MCO,KMCO,Orlando International Airport,US,Orlando,28.429399490356445,-81.30899810791016,96
MCP,SBMQ,Macapá - Alberto Alcolumbre International Airport,BR,Macapá,0.050664,-51.072201,56
MCS,SARM,Monte Caseros Airport,AR,Monte Caseros,-30.2719,-57.6402,170
MCT,OOMS,Muscat International Airport,OM,Muscat/Seeb,23.600218,58.285268,48
MCU,LFBK,Montluçon-Guéret Airport,FR,"Lépaud, Creuse",46.222599,2.36396,1497
MCV,YMHU,McArthur River Mine Airport,AU,McArthur River Mine,-16.4424991608,136.083999634,131
MCW,KMCW,Mason City Municipal Airport,US,Mason City,43.159801,-93.329716,1213
MCX,URML,Makhachkala Uytash International Airport,RU,Makhachkala,42.816799,47.652302,12
MCY,YBSU,Sunshine Coast Airport,AU,Maroochydore,-26.593324,153.08319,15
MCZ,SBMO,Zumbi dos Palmares International Airport,BR,Maceió,-9.512559,-35.791839,387
MDC,WAMM,Sam Ratulangi International Airport,ID,Manado,1.548591,124.92625,264
MDE,SKRG,Jose Maria Córdova International Airport,CO,Medellín,6.16454,-75.4231,6955
MDG,ZYMD,Mudanjiang Hailang International Airport,CN,Mudanjiang,44.525172,129.568634,883
MDH,KMDH,Southern Illinois Airport,US,Murphysboro,37.778099,-89.251999,411
MDI,DNMK,Makurdi Airport,NG,Makurdi,7.70388,8.61394,371
MDK,FZEA,Mbandaka Airport,CD,Mbandaka,0.0226000007242,18.2887001038,1040
MDL,VYMD,Mandalay International Airport,MM,Mandalay,21.702199935913086,95.97789764404297,300
MDQ,SAZM,Ástor Piazzola International Airport,AR,Mar del Plata,-37.9342,-57.5733,72
MDT,KMDT,Harrisburg International Airport,US,Harrisburg,40.192838,-76.762333,310
MDU,AYMN,Mendi Airport,PG,Mendi,-6.14774,143.656998,5680
MDW,KMDW,Chicago Midway International Airport,US,Chicago,41.785999,-87.752403,620
MDY,PMDY,Henderson Field,UM,Sand Island,28.2017,-177.380997,13
MDZ,SAME,Governor Francisco Gabrielli International Airport,AR,Mendoza,-32.831699,-68.7929,2310
MEA,SBME,Macaé Benedito Lacerda Airport,BR,Macaé,-22.343,-41.765999,8
MEB,YMEN,Melbourne Essendon Airport,AU,Essendon Fields,-37.7281,144.901993,282
MEC,SEMT,Eloy Alfaro International Airport,EC,Manta,-0.9460780024528503,-80.67880249023438,48
MED,OEMA,Prince Mohammad Bin Abdulaziz Airport,SA,Medina,24.5534,39.705101,2151
MEE,NWWR,Maré Airport,NC,Maré,-21.482438,168.038465,141
MEG,FNMA,Malanje Airport,AO,Malanje,-9.525090217590332,16.312400817871094,3868
MEH,ENMH,Mehamn Airport,NO,Mehamn,71.029701,27.8267,39
MEI,KMEI,Key Field / Meridian Regional Airport,US,Meridian,32.3326,-88.7519,297
MEK,GMFM,Bassatine Airport,MA,Meknes,33.879101,-5.51512,1890
MEL,YMML,Melbourne Airport,AU,Melbourne,-37.670732,144.837898,434
MEM,KMEM,Memphis International Airport,US,Memphis,35.043845,-89.97634,341
MEN,LFNB,Mende-Brenoux Airfield,FR,Mende/Brénoux,44.502102,3.53282,3362
MEQ,WITC,Cut Nyak Dhien Airport,ID,Kuala Pesisir,4.040998,96.253312,10
MER,KMER,Castle Airport,US,Merced,37.38050079,-120.5680008,191
MES,WIMK,Soewondo Air Force Base,ID,Medan,3.558425,98.672275,114
MEU,SBMD,Monte Dourado - Serra do Areão Airport,BR,Almeirim,-0.889839,-52.6022,677
MEX,MMMX,Mexico City Benito Juárez International Airport,MX,Mexico City,19.435822,-99.07033,7316
MFA,HTMA,Mafia Airport,TZ,Kilindoni,-7.917478,39.668502,60
MFD,KMFD,Mansfield Lahm Regional Airport,US,Mansfield,40.82139968869999,-82.5166015625,1297
MFE,KMFE,McAllen Miller International Airport,US,McAllen,26.176141,-98.237965,107
MFG,OPMF,Muzaffarabad Airport,PK,Muzaffarabad,34.338835,73.508886,2691
MFH,K67L,Mesquite Airport,US,Mesquite,36.833105,-114.055928,1978
MFJ,NFMO,Moala Airport,FJ,Moala,-18.566699981699998,179.951004028,13
MFK,RCMT,Matsu Beigan Airport,TW,Matsu (Beigan),26.22414,120.002679,41
MFM,VMMC,Macau International Airport,MO,Nossa Senhora do Carmo,22.149599,113.592003,20
MFQ,DRRM,Maradi Airport,NE,Maradi,13.5025,7.12675,1240
MFR,KMFR,Rogue Valley International-Medford Airport,US,Medford,42.374199,-122.873001,1335
MFU,FLMF,Mfuwe International Airport,ZM,Mfuwe,-13.2589,31.9366,1853
MGA,MNMG,Augusto C. Sandino (Managua) International Airport,NI,Managua,12.1415,-86.168198,194
MGB,YMTG,Mount Gambier Airport,AU,Mount Gambier,-37.744382,140.780561,
MGC,KMGC,Michigan City Municipal Airport,US,Michigan City,41.7033,-86.821198,655
MGE,KMGE,Dobbins Air Reserve Base,US,Marietta,33.915401,-84.516296,1068
MGF,SBMG,Regional de Maringá - Sílvio Name Júnior Airport,BR,Maringá,-23.47606,-52.016187,1801
MGH,FAMG,Margate Airport,ZA,Margate,-30.8574008942,30.343000412,495
MGL,EDLN,Mönchengladbach Airport,DE,Mönchengladbach,51.230278,6.504444,125
MGM,KMGM,Montgomery Regional (Dannelly Field) Airport,US,Montgomery,32.300598,-86.393997,221
MGN,SKMG,Baracoa Airport,CO,Magangué,9.28474,-74.8461,178
MGQ,HCMM,Aden Adde International Airport,SO,Mogadishu,2.01444,45.304699,29
MGT,YMGB,Milingimbi Airport,AU,Milingimbi Island,-12.0944004059,134.893997192,53
MGW,KMGW,Morgantown Municipal Airport Walter L. (Bill) Hart Field,US,Morgantown,39.643305,-79.917598,1248
MGZ,VYME,Myeik Airport,MM,Mkeik,12.439800262451172,98.62149810791016,75
MHC,SCPQ,Mocopulli Airport,CL,Dalcahue,-42.340388,-73.715693,528
MHD,OIMM,Mashhad International Airport,IR,Mashhad,36.234821,59.642949,3263
MHG,EDFM,Mannheim-City Airport,DE,Mannheim,49.473057,8.514167,308
MHH,MYAM,Leonard M. Thompson International Airport,BS,Marsh Harbour,26.510711,-77.084262,6
MHK,KMHK,Manhattan Regional Airport,US,Manhattan,39.14099884033203,-96.6707992553711,1057
MHM,AGOB,Manaoba Airport,SB,Manaoba,-8.325008,160.80051,14
MHQ,EFMA,Mariehamn Airport,FI,Mariehamn,60.1222,19.898199,17
MHR,KMHR,Sacramento Mather Airport,US,Sacramento,38.554744,-121.297989,98
MHT,KMHT,Manchester-Boston Regional Airport,US,Manchester,42.932598,-71.435699,266
MHU,YHOT,Mount Hotham Airport,AU,Mount Hotham,-37.0475006104,147.333999634,4260
MHV,KMHV,Mojave Air &  Space Port,US,Mojave,35.056391,-118.145342,2801
MHX,NCMH,Manihiki Island Airport,CK,Manihiki Island,-10.38091,-160.999424,11
MHZ,EGUN,RAF Mildenhall,GB,"Bury Saint Edmunds, Suffolk",52.3619,0.486406,33
MIA,KMIA,Miami International Airport,US,Miami,25.796011,-80.289751,8
MIB,KMIB,Minot Air Force Base,US,Minot,48.4156,-101.358002,1667
MID,MMMD,Manuel Crescencio Rejón International Airport,MX,Mérida,20.930485,-89.645462,38
MIE,KMIE,Delaware County Johnson Field,US,Muncie,40.242298,-85.395897,937
MIG,ZUMY,Mianyang Nanjiao Airport,CN,Mianyang (Fucheng),31.428101,104.740997,7874
MII,SBML,Frank Miloye Milenkowichi–Marília State Airport,BR,Marília,-22.196899,-49.926485,2134
MIJ,MLIP,Mili Island Airport,MH,Mili Island,6.084754,171.731419,4
MIK,EFMI,Mikkeli Airport,FI,Mikkeli,61.6866,27.201799,329
MIM,YMER,Merimbula Airport,AU,Merimbula,-36.9085998535,149.901000977,7
MIR,DTMB,Monastir Habib Bourguiba International Airport,TN,Monastir,35.75809860229492,10.75469970703125,9
MIS,AYMS,Misima Island Airport,PG,Misima Island,-10.689200401299999,152.837997437,26
MIU,DNMA,Maiduguri International Airport,NG,Maiduguri,11.854163,13.080702,1099
MIV,KMIV,Millville Municipal Airport,US,Millville,39.367802,-75.072197,85
MJC,DIMN,Man Airport,CI,,7.27207,-7.58736,1089
MJD,OPMJ,Moenjodaro Airport,PK,Moenjodaro,27.335199,68.143097,154
MJE,MH-MJE,Majkin Airport,MH,Majkin,8.163362,168.173862,24
MJF,ENMS,"Mosjøen Airport, Kjærstad",NO,Mosjøen,65.783997,13.2149,237
MJI,HLLM,Mitiga International Airport,LY,Tripoli,32.89177,13.287878,36
MJK,YSHK,Shark Bay Airport,AU,Denham,-25.897294,113.575802,111
MJL,FOGM,Mouilla Ville Airport,GA,Mouila,-1.84514,11.0567,295
MJM,FZWA,Mbuji Mayi Airport,CD,Mbuji Mayi,-6.121240139010001,23.569000244099996,2221
MJN,FMNM,Amborovy Airport,MG,Mahajanga,-15.666842,46.351233,87
MJT,LGMT,Mytilene International Airport,GR,Mytilene,39.057406,26.598629,60
MJY,RU-0470,Motygino Airport,RU,Motygino,58.180921,94.745272,538
MJZ,UERR,Mirny Airport,RU,Mirny,62.534698486328125,114.03900146484375,1156
MKC,KMKC,Charles B. Wheeler Downtown Airport,US,Kansas City,39.123199,-94.592796,759
MKE,KMKE,General Mitchell International Airport,US,Milwaukee,42.947201,-87.896599,723
MKG,KMKG,Muskegon County Airport,US,Muskegon,43.169498,-86.238197,629
MKK,PHMK,Molokai Airport,US,Kaunakakai,21.152901,-157.095993,454
MKL,KMKL,McKellar-Sipes Regional Airport,US,Jackson,35.599899,-88.915604,434
MKM,WBGK,Mukah Airport,MY,Mukah,2.881944,112.043333,20
MKP,NTGM,Makemo Airport,PF,Makemo,-16.5839,-143.658005,3
MKQ,WAKK,Mopah International Airport,ID,Merauke,-8.523898,140.419693,10
MKR,YMEK,Meekatharra Airport,AU,,-26.6117000579834,118.5479965209961,1713
MKU,FOOK,Makokou Airport,GA,Makokou,0.5792109966278076,12.890899658203125,1726
MKW,WAUU,Rendani Airport,ID,Manokwari,-0.891833,134.048996,23
MKY,YBMK,Mackay Airport,AU,Mackay,-21.170816,149.182588,19
MKZ,WMKM,Malacca International Airport,MY,Malacca,2.265613,102.252778,35
MLA,LMML,Malta International Airport,MT,Valletta,35.845932,14.491546,300
MLB,KMLB,Melbourne Orlando International Airport,US,Melbourne,28.102009,-80.641088,33
MLC,KMLC,Mc Alester Regional Airport,US,Mc Alester,34.882401,-95.783501,770
MLE,VRMM,Velana International Airport,MV,Malé,4.19183,73.529099,6
MLG,WARA,Abdul Rachman Saleh Airport,ID,Malang,-7.929099,112.714233,1726
MLI,KMLI,Quad City International Airport,US,Moline,41.448502,-90.5075,590
MLL,PADM,Marshall Don Hunter Sr Airport,US,Marshall,61.8643,-162.026001,103
MLM,MMMM,General Francisco J. Mujica International Airport,MX,Morelia,19.849899,-101.025002,6033
MLN,GEML,Melilla Airport,ES,Melilla,35.2798,-2.95626,156
MLO,LGML,Milos Airport,GR,Milos Island,36.696899,24.4769,10
MLS,KMLS,Miles City Airport - Frank Wiley Field,US,Miles City,46.427268,-105.885372,2630
MLU,KMLU,Monroe Regional Airport,US,Monroe,32.510899,-92.037697,79
MLW,GLMR,Spriggs Payne Airport,LR,Monrovia,6.28906,-10.7587,25
MLX,LTAT,Malatya Erhaç Airport,TR,Malatya,38.435298919699996,38.0909996033,2828
MLY,PAML,Manley Hot Springs Airport,US,Manley Hot Springs,64.99188,-150.644102,270
MMB,RJCM,Memanbetsu Airport,JP,Ōzora,43.8805999756,144.164001465,135
MMD,ROMD,Minamidaito Airport,JP,Minamidaito,25.8465,131.263,167
MME,EGNV,Teesside International Airport,GB,"Darlington, Durham",54.509201,-1.42941,120
MMG,YMOG,Mount Magnet Airport,AU,,-28.116100311279297,117.84200286865234,1354
MMH,KMMH,Mammoth Yosemite Airport,US,Mammoth Lakes,37.625381,-118.84306,7135
MMJ,RJAF,Shinshu-Matsumoto Airport,JP,Matsumoto,36.166801,137.923004,2182
MMK,ULMM,Emperor Nicholas II Murmansk Airport,RU,Murmansk,68.7817,32.750801,266
MMO,GVMA,Maio Airport,CV,Vila do Maio,15.155900001525879,-23.213699340820312,36
MMT,KMMT,Mc Entire Joint National Guard Base,US,Eastover,33.92079926,-80.80130005,254
MMU,KMMU,Morristown Municipal Airport,US,Morristown,40.799062,-74.414949,187
MMX,ESMS,Malmö Sturup Airport,SE,Malmö,55.535564,13.376327,236
MMY,ROMY,Miyako Airport,JP,Miyakojima,24.782801,125.294998,150
MMZ,OAMN,Maymana Zahiraddin Faryabi Airport,AF,Maymana,35.930801,64.760902,2743
MNC,FQNC,Nacala International Airport,MZ,Nacala,-14.4882,40.7122,410
MNF,NFMA,Mana Island Airport,FJ,Mana Island,-17.672844,177.0985,
MNG,YMGD,Maningrida Airport,AU,Maningrida,-12.0560998917,134.23399353,123
MNH,OM-0004,Mussanah Airport,OM,Al Masna'ah,23.640556,57.4875,372
MNI,TRPG,John A. Osborne Airport,MS,Gerald's Park,16.791835,-62.193204,550
MNJ,FMSM,Mananjary Airport,MG,Mananjary,-21.201799,48.358299,20
MNL,RPLL,Ninoy Aquino International Airport,PH,Manila (Pasay),14.5086,121.019997,75
MNR,FLMG,Mongu Airport,ZM,Mongu,-15.2545,23.1623,3488
MNT,51Z,Minto Al Wright Airport,US,Minto,65.147991,-149.368658,460
MNU,VYMM,Mawlamyine Airport,MM,Mawlamyine,16.444700241088867,97.66069793701172,52
MNX,SBMY,Manicoré Airport,BR,Manicoré,-5.81138,-61.278301,174
MNY,AGGO,Mono Airport,SB,Stirling Island,-7.41694,155.565002,35
MNZ,KHEF,Washington Manassas Harry P. Davis Field,US,Manassas,38.723021,-77.515422,192
MOA,MUMO,Orestes Acosta Airport,CU,Moa,20.653900146484375,-74.92220306396484,16
MOB,KMOB,Mobile Regional Airport,US,Mobile,30.6912,-88.242798,219
MOC,SBMK,Mário Ribeiro Airport,BR,Montes Claros,-16.706919,-43.818901,2191
MOD,KMOD,Modesto City Co-Harry Sham Field,US,Modesto,37.625801,-120.954002,97
MOE,VYMO,Momeik Airport,MM,,23.092500686645508,96.64530181884766,600
MOF,WATC,Frans Xavier Seda Airport,ID,Waioti,-8.639514,122.238135,115
MOG,VYMS,Mong Hsat Airport,MM,Mong Hsat,20.516799926757812,99.25679779052734,1875
MOH,WAFO,Maleo Airport,ID,Morowali,-2.201143,121.662884,12
MOI,NCMR,Mitiaro Island Airport,CK,Mitiaro Island,-19.842501,-157.703003,25
MOJ,SMMO,Moengo Airstrip,SR,Moengo,5.6076,-54.4003,49
MOL,ENML,"Molde Airport, Årø",NO,Årø,62.744701,7.2625,10
MON,NZMC,Mount Cook Airport,NZ,,-43.764999,170.132996,2153
MOQ,FMMV,Morondava Airport,MG,Morondava,-20.2847,44.3176,30
MOT,KMOT,Minot International Airport,US,Minot,48.25801,-101.279123,1716
MOU,PAMO,Mountain Village Airport,US,Mountain Village,62.095401763916016,-163.6820068359375,337
MOV,YMRB,Moranbah Airport,AU,Moranbah,-22.057800293,148.07699585,770
MOZ,NTTM,Moorea Temae Airport,PF,Moorea-Maiao,-17.48979,-149.761777,9
MPA,FYKM,Katima Mulilo Airport,NA,Mpacha,-17.634258,24.176688,3144
MPC,WIPU,Muko Muko Airport,ID,Muko Muko,-2.541058,101.087651,24
MPH,RPVE,Godofredo P. Ramos Airport,PH,Caticlan,11.9245,121.954002,7
MPL,LFMT,Montpellier-Méditerranée Airport,FR,Montpellier/Méditerranée,43.576199,3.96301,17
MPM,FQMA,Maputo Airport,MZ,Maputo,-25.920799,32.572601,145
MPN,EGYP,Mount Pleasant Airport / RAF Mount Pleasant,FK,Mount Pleasant,-51.822642,-58.445777,244
MPV,KMPV,Edward F Knapp State Airport,US,Barre/Montpelier,44.20349884,-72.56230164,1166
MPW,UKCM,Mariupol International Airport,UA,Mariupol,47.07609939575195,37.44960021972656,251
MPY,SOOA,Maripasoula Airport,GF,Maripasoula,3.655907,-54.039431,406
MQC,LFVM,Miquelon Airport,PM,Miquelon,47.095501,-56.380299,10
MQF,USCM,Magnitogorsk International Airport,RU,Magnitogorsk,53.391991,58.755235,1430
MQH,SBMC,Minaçu Airport,BR,Minaçu,-13.5491,-48.195301,1401
MQJ,UEMA,Moma Airport,RU,Khonuu,66.450861,143.261551,656
MQL,YMIA,Mildura Airport,AU,Mildura,-34.229198455799995,142.085998535,167
MQM,LTCR,Mardin Airport,TR,Mardin,37.223300933800004,40.6316986084,1729
MQN,ENRA,"Mo i Rana Airport, Røssvoll",NO,Mo i Rana,66.363899230957,14.301400184631,229
MQP,FAKN,Kruger Mpumalanga International Airport,ZA,Mbombela,-25.383327,31.105325,2829
MQQ,FTTD,Moundou Airport,TD,Moundou,8.628503,16.074241,1407
MQS,TVSM,Mustique Airport,VC,Lovell,12.8879,-61.180199,8
MQT,KSAW,Marquette/Sawyer International Airport,US,Gwinn,46.351498,-87.395884,1221
MQU,SKQU,Mariquita Airport,CO,Mariquita,5.21256,-74.8836,1531
MQX,HAMK,Mekele Alula Aba Nega Airport,ET,Mekele,13.4674,39.533501,7396
MQY,KMQY,Smyrna Airport,US,Smyrna,36.0089988708,-86.5201034546,543
MRA,HLMS,Misrata International Airport,LY,Misrata,32.325001,15.061,60
MRB,KMRB,Eastern WV Regional Airport/Shepherd Field,US,Martinsburg,39.40190125,-77.98459625,565
MRD,SVMD,Alberto Carnevalli Airport,VE,Mérida,8.582078,-71.161041,5007
MRE,HKMS,Mara Serena Lodge Airstrip,KE,Serena,-1.404588,35.008349,5200
MRG,YMBA,Mareeba Airport,AU,Mareeba,-17.070277,145.424228,1560
MRI,PAMR,Merrill Field,US,Anchorage,61.212792,-149.843988,137
MRO,NZMS,Hood Airport,NZ,Masterton,-40.974634,175.63454,364
MRQ,RPUW,Marinduque Airport,PH,Gasan,13.361000061035156,121.82599639892578,32
MRR,SEMA,Jose Maria Velasco Ibarra Airport,EC,Macará,-4.37823009491,-79.94100189210002,1508
MRS,LFML,Marseille Provence Airport,FR,"Marignane, Bouches-du-Rhône",43.438088,5.2125,74
MRU,FIMP,Sir Seewoosagur Ramgoolam International Airport,MU,Plaine Magnien,-20.430201,57.683601,186
MRV,URMM,Mineralnye Vody Airport,RU,Mineralnyye Vody,44.225101,43.081902,1054
MRW,EKMB,Lolland Falster Maribo Airport,DK,Rødby,54.699447,11.438163,16
MRX,OIAM,Mahshahr Airport,IR,Mahshahr,30.5562,49.151901,8
MRY,KMRY,Monterey Regional Airport,US,Monterey,36.586777,-121.844183,257
MRZ,YMOR,Moree Airport,AU,Moree,-29.498899459799997,149.845001221,701
MSA,CZMD,Muskrat Dam Airport,CA,Muskrat Dam,53.441399,-91.762802,911
MSH,OOMA,RAFO Masirah,OM,Masirah,20.6754,58.890499,64
MSJ,RJSM,Misawa Airport / Misawa Air Base,JP,Misawa,40.703201,141.367996,119
MSL,KMSL,Northwest Alabama Regional Airport,US,Muscle Shoals,34.745123,-87.612981,551
MSN,KMSN,Dane County Regional Truax Field,US,Madison,43.1399,-89.337502,887
MSO,KMSO,Missoula Montana Airport,US,Missoula,46.915816,-114.091107,3206
MSP,KMSP,Minneapolis–Saint Paul International Airport / Wold–Chamberlain Field,US,Minneapolis,44.880081,-93.221741,841
MSQ,UMMS,Minsk National Airport,BY,Minsk,53.888071,28.039964,670
MSR,LTCK,Muş Airport,TR,Muş,38.747798919677734,41.66120147705078,4157
MSS,KMSS,Massena International Airport Richards Field,US,Massena,44.936157,-74.844304,215
MST,EHBK,Maastricht Aachen Airport,NL,Maastricht,50.911087,5.769401,375
MSU,FXMM,Moshoeshoe I International Airport,LS,Maseru(Mazenod),-29.456277,27.554456,5348
MSW,HHMS,Massawa International Airport,ER,Massawa,15.67,39.370098,194
MSY,KMSY,Louis Armstrong New Orleans International Airport,US,New Orleans,29.993401,-90.264673,4
MSZ,FNMO,Welwitschia Mirabilis International Airport,AO,Moçâmedes,-15.2612,12.1468,210
MTC,KMTC,Selfridge Air National Guard Base Airport,US,Mount Clemens,42.613463,-82.836919,580
MTF,HAMT,Mizan Teferi Airport,ET,Mizan Teferi,6.9571,35.5547,4396
MTH,KMTH,Florida Keys Marathon International Airport,US,Marathon,24.726006,-81.05138,5
MTJ,KMTJ,Montrose Regional Airport,US,Montrose,38.5098,-107.893997,5759
MTN,KMTN,Martin State Airport,US,Baltimore,39.325699,-76.413803,21
MTP,KMTP,Montauk Airport,US,Montauk,41.0765,-71.920797,6
MTR,SKMR,Los Garzones Airport,CO,Montería,8.82374,-75.8258,41
MTS,FDMS,Matsapha International Airport,SZ,Manzini,-26.528919,31.307577,2075
MTT,MMMT,Minatitlán/Coatzacoalcos International Airport,MX,Cosoleacaque,18.103399,-94.580704,36
MTY,MMMY,Monterrey International Airport,MX,Monterrey,25.778521,-100.106989,1278
MTZ,LLMZ,Bar Yehuda Airfield,IL,Masada,31.328199,35.388599,-1266
MUA,AGGM,Munda Airport,SB,Munda,-8.32797,157.263,10
MUB,FBMN,Maun International Airport,BW,Maun,-19.970491,23.431409,3093
MUC,EDDM,Munich Airport,DE,Munich,48.353802,11.7861,1487
MUD,FQMD,Mueda Airport,MZ,Mueda,-11.6729,39.563099,2789
MUE,PHMU,Waimea Kohala Airport,US,Waimea (Kamuela),20.001301,-155.667999,2671
MUH,HEMM,Mersa Matruh International Airport,EG,Marsa Matruh,31.324313,27.22227,75
MUI,KMUI,Muir Army Air Field (Fort Indiantown Gap) Airport,US,Fort Indiantown Gap(Annville),40.435214,-76.568661,488
MUK,NCMK,Mauke Airport,CK,Mauke Island,-20.13610076904297,-157.34500122070312,26
MUN,SVMT,José Tadeo Monagas International Airport,VE,Maturín,9.749023,-63.153348,224
MUO,KMUO,Mountain Home Air Force Base,US,Mountain Home,43.043598,-115.872002,2996
MUR,WBGM,Marudi Airport,MY,Marudi,4.178734,114.330318,103
MUW,DAOV,Ghriss Airport,DZ,Ghriss,35.207699,0.147142,1686
MUX,OPMT,Multan International Airport,PK,Multan,30.203199,71.419098,403
MUZ,HTMU,Musoma Airport,TZ,Musoma,-1.503,33.8021,3806
MVA,BIRL,Mývatn Airport,IS,Myvatn,65.6558,-16.9181,1030
MVB,FOON,M'Vengue El Hadj Omar Bongo Ondimba International Airport,GA,Franceville,-1.65616,13.438,1450
MVD,SUMU,Carrasco General Cesáreo L. Berisso International Airport,UY,Ciudad de la Costa,-34.835647,-56.026497,105
MVF,SBMS,Dix-Sept Rosado Airport,BR,Mossoró,-5.20192,-37.3643,76
MVP,SKMU,Fabio Alberto Leon Bentley Airport,CO,Mitú,1.25366,-70.2339,680
MVQ,UMOO,Mogilev Airport,BY,Mogilev,53.954898834228516,30.09510040283203,637
MVR,FKKL,Salak Airport,CM,Maroua,10.451399803161621,14.257399559020996,1390
MVT,NTGV,Mataiva Airport,PF,,-14.8681001663208,-148.7169952392578,11
MVY,KMVY,Martha's Vineyard Airport,US,Martha's Vineyard,41.3931007385,-70.6143035889,67
MVZ,FVMV,Masvingo International Airport,ZW,Masvingo,-20.0553,30.8591,3595
MWA,KMWA,Veterans Airport of Southern Illinois,US,Marion,37.751208,-89.016568,472
MWD,OPMI,Mianwali Air Base,PK,Mianwali,32.5630989074707,71.5707015991211,690
MWE,HSMN,Merowe Airport,SD,Merowe,18.443333,31.843333,897
MWH,KMWH,Grant County International Airport,US,Moses Lake,47.20769882,-119.3199997,1189
MWL,KMWL,Mineral Wells Regional Airport,US,Mineral Wells,32.781601,-98.060204,974
MWQ,VYMW,Magway Airport,MM,Magway,20.1656,94.941399,279
MWX,RKJB,Muan International Airport,KR,Muan (Piseo-ri),34.991406,126.382814,35
MWZ,HTMW,Mwanza International Airport,TZ,Mwanza,-2.446563,32.936049,3763
MXF,KMXF,Maxwell Air Force Base,US,Montgomery,32.3829,-86.365799,171
MXH,AYMR,Moro Airport,PG,Moro,-6.36332988739,143.238006592,2740
MXI,RPMQ,Mati National Airport,PH,Mati,6.949091,126.27368,156
MXJ,DNMN,Minna Airport,NG,Minna,9.652170181274414,6.462259769439697,834
MXL,MMML,General Rodolfo Sánchez Taboada International Airport,MX,Mexicali,32.630629,-115.242805,74
MXM,FMSR,Morombe Airport,MG,Morombe,-21.753837,43.374753,16
MXN,LFRU,Morlaix-Ploujean Airport,FR,Morlaix/Ploujean,48.6031990051,-3.81577992439,272
MXP,LIMC,Milan Malpensa International Airport,IT,Ferno (VA),45.6306,8.72811,768
MXV,ZMMN,Mörön Airport,MN,Mörön,49.663677,100.100028,4272
MXW,ZMMG,Mandalgobi Airport,MN,Mandalgobi,45.7380981445,106.268997192,4550
MXX,ESKM,Mora Airport,SE,Mora,60.957901,14.5114,634
MXZ,ZGMX,Meizhou Meixian Changgangji International Airport,CN,Meizhou (Meixian),24.263425,116.097857,312
MYA,YMRY,Moruya Airport,AU,Moruya,-35.8978004456,150.143997192,14
MYC,SVBS,Escuela Mariscal Sucre Airport,VE,Maracay,10.249978,-67.649422,1338
MYD,HKML,Malindi International Airport,KE,Malindi,-3.22931,40.1017,80
MYE,RJTQ,Miyakejima Airport,JP,Miyakejima,34.073600769,139.559997559,67
MYG,MYMM,Mayaguana Airport,BS,Abraham Bay Settlement,22.379499,-73.013494,11
MYI,YMAE,Murray Island Airport,AU,Murray Island,-9.915105,144.054644,300
MYJ,RJOM,Matsuyama Airport,JP,Matsuyama,33.826893,132.700114,25
MYK,MYK,May Creek Airport,US,May Creek,61.335701,-142.686996,1650
MYL,KMYL,McCall Municipal Airport,US,McCall,44.888837,-116.101112,5024
MYP,UTAM,Mary International Airport,TM,Mary,37.62353,61.895668,728
MYQ,VOMY,Mysore Airport,IN,Mysore,12.229751,76.653683,2349
MYR,KMYR,Myrtle Beach International Airport,US,Myrtle Beach,33.679699,-78.928299,25
MYT,VYMK,Myitkyina Airport,MM,Myitkyina,25.3836,97.351898,475
MYU,PAMY,Mekoryuk Airport,US,Mekoryuk,60.372338,-166.269751,48
MYV,KMYV,Yuba County Airport,US,Marysville,39.09780121,-121.5699997,64
MYW,HTMT,Mtwara Airport,TZ,Mtwara,-10.336204,40.181997,371
MYY,WBGR,Miri Airport,MY,Miri,4.32201,113.987,59
MZB,FQMP,Mocímboa da Praia Airport,MZ,Mocímboa da Praia,-11.3618,40.3549,89
MZG,RCQC,Penghu Magong Airport,TW,Huxi,23.568701,119.627998,103
MZH,LTAP,Amasya Merzifon Airport,TR,Amasya,40.829399,35.521999,1758
MZI,GAMB,Mopti Airport,ML,Sévaré,14.5128,-4.07956,906
MZL,SKMZ,La Nubia Airport,CO,Manizales,5.0296,-75.4647,6871
MZO,MUMZ,Sierra Maestra International Airport,CU,Manzanillo,20.288605,-77.087545,112
MZQ,FAMU,Mkuze Airport,ZA,Mkuze,-27.626101,32.0443,400
MZR,OAMS,Mazar-i-Sharif International Airport,AF,Mazar-i-Sharif,36.70412,67.210459,1284
MZS,VIMB,Moradabad Airport,IN,Moradabad,28.81746,78.92187,637
MZT,MMMZ,General Rafael Buelna International Airport,MX,Mazatlàn,23.162823,-106.264517,38
MZU,VEMZ,Muzaffarpur Airport,IN,Muzaffarpur,26.119101,85.313698,174
MZV,WBMU,Mulu Airport,MY,Mulu,4.048329830169678,114.80500030517578,80
MZW,DAAY,Mecheria Airport,DZ,Mecheria,33.5359,-0.242353,3855
NAA,YNBR,Narrabri Airport,AU,Narrabri,-30.3192005157,149.82699585,788
NAG,VANP,Dr. Babasaheb Ambedkar International Airport,IN,Nagpur,21.092199,79.047203,1033
NAH,WAMH,Naha Airport,ID,"Tabukan Utara, Sangihe Islands",3.68478,125.527162,16
NAJ,UBBN,Nakhchivan International Airport,AZ,Nakhchivan,39.188801,45.458401,2863
NAK,VTUQ,Nakhon Ratchasima Airport,TH,Chaloem Phra Kiat,14.9495,102.313004,765
NAL,URMN,Nalchik Airport,RU,Nalchik,43.512901,43.6366,1461
NAM,WAPN,Namniwel Airport,ID,Namniwel,-3.143159,126.976469,7
NAN,NFFN,Nadi International Airport,FJ,Nadi,-17.761822,177.437843,59
NAO,ZUNC,Nanchong Gaoping Airport,CN,Nanchong (Gaoping),30.798104,106.16415,1145
NAP,LIRN,Naples International Airport,IT,Napoli,40.886002,14.2908,294
NAQ,BGQQ,Qaanaaq Airport,GL,Qaanaaq,77.488602,-69.388702,51
NAS,MYNN,Lynden Pindling International Airport,BS,Nassau,25.039,-77.466202,16
NAT,SBSG,Rio Grande do Norte/São Gonçalo do Amarante–Governador Aluízio Alves International Airport,BR,Natal,-5.769822,-35.36661,273
NAU,NTGN,Napuka Island Airport,PF,Napuka Island,-14.177397,-141.266112,7
NAV,LTAZ,Nevşehir Kapadokya Airport,TR,Nevşehir,38.7719,34.5345,3100
NAW,VTSC,Narathiwat Airport,TH,,6.5199198722839355,101.74299621582031,16
NBC,UWKE,Begishevo Airport,RU,Nizhnekamsk,55.564701,52.092499,643
NBE,DTNH,Enfidha - Hammamet International Airport,TN,Enfidha,36.075833,10.438611,21
NBG,KNBG,New Orleans NAS JRB/Alvin Callender Field,US,New Orleans,29.82530022,-90.03500366,2
NBJ,FNBJ,Dr. Antonio Agostinho Neto International Airport,AO,Luanda (Ícolo e Bengo),-9.050734,13.499078,550
NBN,FGAN,Annobón Airport,GQ,San Antonio de Palé,-1.408615,5.624163,82
NBO,HKJK,Jomo Kenyatta International Airport,KE,Nairobi,-1.318886,36.928233,5330
NBS,ZYBS,Changbaishan Airport,CN,Baishan,42.066944,127.602222,2874
NBW,MUGM,Leeward Point Field,CU,Guantanamo Bay Naval Station,19.9065,-75.2071,56
NBX,WABI,Douw Aturure Airport,ID,Nabire,-3.397973,135.393071,22
NCA,MBNC,North Caicos Airport,TC,North Caicos,21.916094,-71.942954,10
NCE,LFMN,Nice-Côte d'Azur Airport,FR,"Nice, Alpes-Maritimes",43.658401,7.21587,12
NCL,EGNT,Newcastle International Airport,GB,"Newcastle upon Tyne, Tyne and Wear",55.037958,-1.689577,266
NCN,PFCB,Chenega Bay Airport,US,Chenega,60.077602,-147.99468,72
NCO,KOQU,Quonset State Airport,US,North Kingstown,41.597099304199,-71.412101745605,18
NCS,FANC,Newcastle Airport,ZA,Newcastle,-27.7705993652,29.976900100699996,4074
NCU,UZNN,Nukus International Airport,UZ,Nukus,42.4884,59.623299,246
NCY,LFLP,Annecy Meythet airport,FR,Annecy,45.928947,6.0987,1521
NDB,GQPP,Nouadhibou International Airport,MR,Nouadhibou,20.932404,-17.030199,24
NDC,VAND,Nanded Airport,IN,Nanded,19.1833,77.316704,1250
NDD,FNSU,Sumbe Airport,AO,Sumbe,-11.1679,13.8475,36
NDG,ZYQQ,Qiqihar Sanjiazi Airport,CN,Qiqihar,47.229969,123.914179,477
NDJ,FTTJ,N'Djamena International Airport,TD,N'Djamena,12.1337,15.034,968
NDR,GMMW,Nador Al Aaroui International Airport,MA,Al Aaroui,34.9888,-3.02821,574
NDU,FYRU,Rundu Airport,NA,Rundu,-17.956499,19.7194,3627
NDY,EGES,Sanday Airport,GB,Sanday,59.250301,-2.57667,68
NEC,SAZO,Necochea Airport,AR,Necochea,-38.490746,-58.816337,72
NEL,KNEL,Lakehurst Maxfield Field Airport,US,Lakehurst,40.03329849,-74.353302,101
NER,UELL,Chulman Airport,RU,Neryungri,56.913898468018,124.91400146484,2812
NEU,VLSN,Sam Neua Airport,LA,,20.4184,104.067001,3281
NEV,TKPN,Vance W. Amory International Airport,KN,Charlestown,17.2057,-62.589901,14
NEW,KNEW,Lakefront Airport,US,New Orleans,30.042400360107,-90.028297424316,8
NFG,USRN,Nefteyugansk Airport,RU,Nefteyugansk,61.108299,72.650002,115
NFL,KNFL,Fallon Naval Air Station,US,Fallon,39.41659927,-118.7009964,3934
NGA,YYNG,Young Airport,AU,,-34.255576,148.247118,1267
NGB,ZSNB,Ningbo Lishe International Airport,CN,Ningbo,29.82670021057129,121.46199798583984,13
NGE,FKKN,N'Gaoundéré Airport,CM,N'Gaoundéré,7.3570098876953125,13.559200286865234,3655
NGF,PHNG,Kaneohe Bay MCAS (Marion E. Carl Field) Airport,US,Kaneohe,21.4505,-157.768005,24
NGI,NFNG,Ngau Airport,FJ,Ngau,-18.115600585899998,179.339996338,50
NGK,UHSN,Nogliki Airport,RU,Nogliki,51.783955,143.141785,109
NGO,RJGG,Chubu Centrair International Airport,JP,Tokoname,34.858398,136.804993,15
NGP,KNGP,Naval Air Station Corpus Christi Truax Field,US,Corpus Christi,27.6926,-97.2911,18
NGQ,ZUAL,Ngari Gunsa Airport,CN,Shiquanhe,32.09794,80.053971,14022
NGS,RJFU,Nagasaki Airport,JP,Nagasaki,32.916901,129.914001,15
NGU,KNGU,Norfolk Naval Station (Chambers Field),US,Norfolk,36.937599,-76.289299,17
NHD,OMDM,Al Minhad Air Base,AE,Dubai,25.0268001556,55.3661994934,165
NHK,KNHK,Patuxent River Naval Air Station (Trapnell Field),US,Patuxent River,38.285999,-76.411797,39
NHT,EGWU,RAF Northolt,GB,"Northolt, Greater London",51.553001,-0.418167,124
NHV,NTMD,Nuku Hiva Airport,PF,Nuku Hiva,-8.7956,-140.229004,220
NHZ,KBXM,Brunswick Executive Airport,US,Brunswick,43.89220047,-69.93859863,72
NIB,PAFS,Nikolai Airport,US,Nikolai,63.017949,-154.360399,441
NIM,DRRN,Diori Hamani International Airport,NE,Niamey,13.4815,2.18361,732
NIP,KNIP,Jacksonville Naval Air Station (Towers Field),US,Jacksonville,30.2358,-81.680603,21
NIT,LFBN,Niort - Marais Poitevin Airport,FR,Niort/Souché,46.313477,-0.394529,203
NIU,NTKN,Naiu Airport,PF,Naiu Atoll,-16.119296,-146.368768,50
NJA,RJTA,JMSDF Atsugi Air Base / Naval Air Facility Atsugi,JP,Ayase / Yamato,35.454601,139.449997,205
NJC,USNN,Nizhnevartovsk Airport,RU,Nizhnevartovsk,60.949299,76.483597,177
NJF,ORNI,Al Najaf International Airport,IQ,Najaf,31.991116,44.405019,103
NJK,KNJK,El Centro NAF Airport (Vraciu Field),US,El Centro,32.829201,-115.671996,-42
NKC,GQNO,Nouakchott–Oumtounsy International Airport,MR,Nouakchott,18.31,-15.969722,9
NKG,ZSNJ,Nanjing Lukou International Airport,CN,Nanjing,31.735032,118.865949,49
NKM,RJNA,Nagoya Airport / JASDF Komaki Air Base,JP,Nagoya,35.255759,136.924095,52
NKT,LTCV,Şırnak Şerafettin Elçi Airport,TR,Şırnak,37.3647,42.0582,2038
NKW,FJDG,Naval Support Facility Diego Garcia,IO,Diego Garcia,-7.31327,72.411102,9
NKX,KNKX,Miramar Marine Corps Air Station - Mitscher Field,US,San Diego,32.86840057,-117.1429977,477
NLA,FLSK,Simon Mwansa Kapwepwe International Airport,ZM,Ndola,-12.96513,28.515624,4308
NLC,KNLC,Lemoore Naval Air Station (Reeves Field) Airport,US,Lemoore,36.33300018,-119.9520035,232
NLD,MMNL,Quetzalcóatl International Airport,MX,Nuevo Laredo,27.443899,-99.570503,484
NLF,YDNI,Darnley Island Airport,AU,Darnley Island,-9.579176,143.780276,
NLG,PAOU,Nelson Lagoon Airport,US,Nelson Lagoon,56.0075,-161.160004,14
NLH,ZPNL,Ninglang Luguhu Airport,CN,Ninglang,27.5403,100.7593,10804
NLI,UHNN,Nikolayevsk-na-Amure Airport,RU,Nikolayevsk-na-Amure Airport,53.154999,140.649994,170
NLK,YSNF,Norfolk Island International Airport,NF,Burnt Pine,-29.041759,167.939474,371
NLO,FZAB,Ndolo Airport,CD,N'dolo,-4.32666015625,15.327500343323,915
NLT,ZWNL,Xinyuan Nalati Airport,CN,Xinyuan,43.4318,83.3786,3050
NLU,MMSM,Felipe Ángeles International Airport,MX,Mexico City,19.743824,-99.01507,7369
NMA,UZFN,Namangan International Airport,UZ,Namangan,40.984622,71.5578,1555
NMB,VADN,Daman Airport,IN,Daman,20.434401,72.843201,33
NMC,MYEN,Normans Cay Airport,BS,Normans Cay,24.594299,-76.820198,8
NME,PAGT,Nightmute Airport,US,Nightmute,60.469129,-164.70407,4
NMF,VRDA,Maafaru International Airport,MV,Noonu Atoll,5.817407,73.468404,6
NMI,VANM,Navi Mumbai International Airport,IN,Navi Mumbai,18.984597,73.065253,184
NMS,VYNS,Namsang Airport,MM,Namsang,20.890499114990234,97.73590087890625,3100
NNA,GMMP,Kenitra Air Base,MA,Kenitra,34.298901,-6.59588,16
NNB,AGGT,Santa Ana Airport,SB,Santa Ana Island,-10.847994,162.454108,3
NNG,ZGNN,Nanning Wuxu International Airport,CN,Nanning (Jiangnan),22.598071,108.181922,421
NNM,ULAM,Naryan Mar Airport,RU,Naryan Mar,67.639999,53.121899,36
NNR,EICA,Connemara Regional Airport,IE,Inverin,53.23030090332031,-9.467780113220215,70
NNT,VTCN,Nan Airport,TH,,18.807899475097656,100.78299713134766,685
NNY,ZHNY,Nanyang Jiangying Airport,CN,Nanyang (Wancheng),32.982696,112.617467,840
NOA,YSNW,Naval Air Station Nowra - HMAS Albatross,AU,Nowra Hill,-34.9466,150.542451,400
NOB,MRNS,Nosara Airport,CR,Nicoya,9.976490020750001,-85.65299987790002,33
NOC,EIKN,Ireland West Airport Knock,IE,Charlestown,53.910439,-8.817002,665
NOD,EDWS,Norden-Norddeich Airport,DE,Norddeich,53.633057,7.190278,3
NOG,MMNG,Nogales International Airport,MX,Nogales,31.225756,-110.976934,3990
NOI,RU-0089,Krymsk Air Base,RU,Krymsk,44.962905,37.999071,66
NOJ,USRO,Noyabrsk Airport,RU,Noyabrsk,63.18330001831055,75.2699966430664,446
NOP,LTCM,Sinop Airport,TR,Sinop,42.018313,35.071774,20
NOS,FMNN,Nosy Be International Airport,MG,Nosy Be,-13.3121,48.3148,36
NOU,NWWW,La Tontouta International Airport,NC,Nouméa (La Tontouta),-22.014601,166.212997,52
NOV,FNHU,Albano Machado Airport,AO,Huambo,-12.8089,15.7605,5587
NOZ,UNWW,Spichenkovo Airport,RU,Novokuznetsk,53.811401,86.877197,1024
NPA,KNPA,Naval Air Station Pensacola Forrest Sherman Field,US,Pensacola,30.352699,-87.318604,28
NPE,NZNR,Hawke's Bay Airport,NZ,Napier,-39.465801,176.869995,6
NPL,NZNP,New Plymouth Airport,NZ,New Plymouth,-39.00859832763672,174.1790008544922,97
NPO,WIOG,Nanga Pinoh Airport,ID,Nanga Pinoh-Borneo Island,-0.34864,111.746155,123
NPT,KUUU,Newport State Airport,US,Newport,41.532207,-71.281039,172
NQA,KNQA,Millington-Memphis Airport,US,Millington,35.356701,-89.8703,320
NQI,KNQI,Kingsville Naval Air Station,US,Kingsville,27.5072002411,-97.8097000122,50
NQN,SAZN,Presidente Perón International Airport,AR,Neuquén,-38.949001,-68.155701,895
NQT,EGBN,Nottingham City Airport,GB,"Nottingham, Nottinghamshire",52.919998,-1.07917,138
NQU,SKNQ,Reyes Murillo Airport,CO,Nuquí,5.710348,-77.261868,12
NQX,KNQX,Naval Air Station Key West/Boca Chica Field,US,Key West,24.57579994,-81.68890381,6
NQY,EGHQ,Cornwall Airport Newquay,GB,Newquay,50.440601,-4.99541,390
NQZ,UACC,Nursultan Nazarbayev International Airport,KZ,Astana,51.027035,71.467094,1165
NRA,YNAR,Narrandera Airport,AU,Narrandera,-34.7022018433,146.511993408,474
NRB,KNRB,Naval Station Mayport / Admiral David L McDonald Field,US,Jacksonville,30.3911,-81.424698,15
NRD,EDWY,Norderney Airport,DE,Norderney,53.706944,7.23,7
NRK,ESSP,Norrköping Airport,SE,Norrköping,58.586299896240234,16.250600814819336,32
NRL,EGEN,North Ronaldsay Airport,GB,North Ronaldsay,59.3675003052,-2.43443989754,40
NRN,EDLV,Weeze (Niederrhein) Airport,DE,Weeze,51.601362,6.141228,106
NRR,TJRV,José Aponte de la Torre Airport,PR,Ceiba,18.247262,-65.63979,38
NRT,RJAA,Narita International Airport,JP,Narita,35.76858,140.388714,141
NSE,KNSE,Whiting Field Naval Air Station - North,US,Milton,30.7241993,-87.02189636,199
NSH,OINN,Nowshahr Airport,IR,Nowshahr,36.664286,51.46273,-61
NSI,FKYS,Yaoundé Nsimalen International Airport,CM,Yaoundé,3.72256,11.5533,2278
NSK,UOOO,Alykel International Airport,RU,Norilsk,69.307951,87.325906,574
NSN,NZNS,Nelson Airport,NZ,Nelson,-41.296709,173.224323,17
NST,VTSF,Nakhon Si Thammarat Airport,TH,Nakhon Si Thammarat,8.539620399475098,99.9447021484375,13
NTB,ENNO,Notodden Airport,NO,Notodden,59.565071,9.213152,63
NTD,KNTD,Point Mugu Naval Air Station (Naval Base Ventura Co),US,Point Mugu,34.120300293,-119.121002197,13
NTE,LFRS,Nantes Atlantique Airport,FR,Nantes,47.153198,-1.61073,90
NTG,ZSNT,Nantong Xingdong International Airport,CN,Nantong (Tongzhou),32.073566,120.980076,16
NTL,YWLM,Newcastle Airport,AU,Williamtown,-32.796114,151.835025,31
NTN,YNTN,Normanton Airport,AU,Normanton,-17.68409,141.069664,73
NTQ,RJNW,Noto Satoyama Airport,JP,Wajima,37.293098,136.962006,718
NTR,MMAN,Del Norte International Airport,MX,Monterrey,25.865601,-100.237,1476
NTT,NFTP,Kuini Lavenia Airport,TO,Niuatoputapu,-15.977297,-173.791089,30
NTU,KNTU,Oceana Naval Air Station,US,Virginia Beach,36.820702,-76.033501,23
NTX,WIDO,Ranai Airport,ID,Ranai-Natuna Besar Island,3.90871,108.388,7
NTY,FAPN,Pilanesberg International Airport,ZA,Pilanesberg,-25.333799,27.173401,3412
NUE,EDDN,Nuremberg Airport,DE,Nuremberg,49.498699,11.078056,1046
NUI,PAQT,Nuiqsut Airport,US,Nuiqsut,70.209999,-151.005998,38
NUJ,OIHS,Nojeh Air Base,IR,Amirabad,35.211601,48.6534,5609
NUL,PANU,Nulato Airport,US,Nulato,64.729301,-158.074005,399
NUM,OENN,Neom Bay Airport,SA,Sharma,27.924261,35.29358,29
NUP,PPIT,Nunapitchuk Airport,US,Nunapitchuk,60.905591,-162.440454,12
NUQ,KNUQ,Moffett Federal Airfield,US,Mountain View,37.4161,-122.049004,32
NUS,NVSP,Norsup Airport,VU,Norsup,-16.0797,167.401001,23
NUU,HKNK,Nakuru Lanet Airport,KE,Nakuru,-0.298419,36.159193,6234
NUW,KNUW,Whidbey Island Naval Air Station (Ault Field),US,Oak Harbor,48.351799,-122.655998,47
NUX,USMU,Novy Urengoy Airport,RU,Novy Urengoy,66.06939697265625,76.52030181884766,210
NVA,SKNV,Benito Salas Airport,CO,Neiva,2.95015,-75.294,1464
NVI,UZSA,Navoi International Airport,UZ,Navoi,40.117599,65.172658,1140
NVS,LFQG,Nevers-Fourchambault Airport,FR,"Marzy, Nièvre",47.002913,3.113114,602
NVT,SBNF,Ministro Victor Konder International Airport,BR,Navegantes,-26.879431,-48.650979,18
NWA,FMCI,Mohéli Bandar Es Eslam Airport,KM,Fomboni,-12.298096,43.766496,46
NWI,EGSH,Norwich Airport,GB,"Norwich, Norfolk",52.6758,1.28278,118
NYA,USHN,Nyagan Airport,RU,Nyagan,62.110001,65.614998,361
NYG,KNYG,Quantico Marine Corps Airfield / Turner Field,US,Quantico,38.501701,-77.305298,10
NYI,DGSN,Sunyani Airport,GH,Sunyani,7.36183,-2.32876,1014
NYK,HKNL,Nanyuki Civil Airport,KE,Gathiuru,-0.062352,37.041296,6250
NYM,USMM,Nadym Airport,RU,Nadym,65.48090362548828,72.69889831542969,49
NYO,ESKN,Stockholm Skavsta Airport,SE,Nyköping,58.789656,16.911479,140
NYT,VYNT,Nay Pyi Taw International Airport,MM,Naypyitaw,19.623501,96.200996,302
NYU,VYBG,Bagan Airport,MM,Nyaung U,21.178800582885742,94.9301986694336,312
NZC,SPZA,Maria Reiche Neuman Airport,PE,Nazca,-14.854,-74.961502,1860
NZG,UIUN,Nizhneangarsk International Airport,RU,Nizhneangarsk,55.8008,109.595001,1545
NZH,ZBMZ,Manzhouli Xijiao Airport,CN,Manzhouli,49.566667,117.33,2231
NZL,ZBZL,Zhalantun Genghis Khan Airport,CN,Zhalantun,47.865942,122.768662,928
NZY,KNZY,North Island Naval Air Station-Halsey Field,US,San Diego,32.69919968,-117.2149963,26
OAG,YORG,Orange Airport,AU,Orange,-33.382014,149.131262,3115
OAI,OAIX,Bagram Airfield,AF,Bagram,34.946098,69.264999,4895
OAJ,KOAJ,Albert J Ellis Airport,US,Richlands,34.829201,-77.612099,94
OAK,KOAK,Oakland San Francisco Bay Airport,US,Oakland,37.720085,-122.221184,9
OAL,SSKW,Cacoal Airport,BR,Cacoal,-11.496,-61.4508,778
OAM,NZOU,Oamaru Airport,NZ,,-44.970001,171.082001,99
OAX,MMOX,Xoxocotlán International Airport,MX,Oaxaca,16.998773,-96.726092,4989
OBF,EDMO,Oberpfaffenhofen Airport,DE,Weßling,48.081402,11.2831,1947
OBN,EGEO,Oban Airport,GB,North Connel,56.463501,-5.39967,20
OBO,RJCB,Tokachi-Obihiro Airport,JP,Obihiro,42.7332992554,143.216995239,505
OBS,LFHO,Aubenas-South Ardèche Airport,FR,"Lanas, Ardèche",44.544367,4.372194,923
OBU,PAOB,Kobuk Airport,US,Kobuk,66.9123,-156.897003,137
OBX,AYOB,Obo Airport,PG,Obo,-7.590622421369999,141.324262619,29
OCA,07FA,Ocean Reef Club Airport,US,Key Largo,25.325399,-80.274803,8
OCC,SECO,Francisco De Orellana Airport,EC,Coca,-0.462886,-76.986801,834
OCE,KOXB,Ocean City Municipal Airport,US,Ocean City,38.310398,-75.124001,11
OCJ,MKBS,Ian Fleming International Airport,JM,Boscobel,18.404079,-76.969754,90
OCN,KOKB,Oceanside Municipal Airport,US,Oceanside,33.217947,-117.351683,28
OCS,FGCO,Corisco International Airport,GQ,Corisco Island,0.910937,9.33027,55
OCV,SKOC,Aguas Claras Airport,CO,Ocaña,8.31506,-73.3583,3850
ODB,LEBA,Córdoba Airport,ES,Córdoba,37.841999,-4.84888,297
ODE,EKOD,Odense Hans Christian Andersen Airport,DK,Odense,55.475307,10.327206,56
ODH,EGVO,RAF Odiham,GB,"Hook, Hampshire",51.2341,-0.942825,405
ODN,WBGI,Long Seridan Airport,MY,Long Seridan,3.976087,115.067303,607
ODO,UIKB,Bodaybo Airport,RU,Bodaybo,57.866100311299995,114.242996216,919
ODS,UKOO,Odesa International Airport,UA,Odesa,46.427196,30.672649,172
ODY,VLOS,Oudomsay Airport,LA,Oudomsay,20.68269920349121,101.99400329589844,1804
OEC,WPOC,Oecusse Route of the Sandalwood International Airport,TL,Oecussi-Ambeno,-9.198419,124.337873,
OER,ESNO,Örnsköldsvik Airport,SE,Örnsköldsvik,63.40829849243164,18.989999771118164,354
OES,SAVN,Antoine de Saint Exupéry Airport,AR,San Antonio Oeste,-40.7512,-65.0343,85
OFF,KOFF,Offutt Air Force Base,US,Omaha,41.119307,-95.90851,1052
OFK,KOFK,Karl Stefan Memorial Airport,US,Norfolk,41.985500335693,-97.435096740723,1573
OFU,NSAS,Ofu Airport,AS,Ofu,-14.1844,-169.669998,9
OGB,KOGB,Orangeburg Municipal Airport,US,Orangeburg,33.456798553467,-80.859497070312,195
OGD,KOGD,Ogden Hinckley Airport,US,Ogden,41.195899963379,-112.0120010376,4473
OGG,PHOG,Kahului International Airport,US,Kahului,20.896263,-156.431837,54
OGL,SYEC,Eugene F. Correia International Airport,GY,Ogle,6.805881,-58.107657,10
OGN,ROYN,Yonaguni Airport,JP,Yonaguni,24.467298,122.979827,70
OGS,KOGS,Ogdensburg International Airport,US,Ogdensburg,44.6819,-75.4655,297
OGU,LTCB,Ordu–Giresun Airport,TR,Ordu,40.966872,38.085995,11
OGX,DAUU,Ain Beida Airport,DZ,Ouargla,31.9172,5.41278,492
OGZ,URMO,Vladikavkaz Beslan International Airport,RU,Beslan,43.205101,44.606602,1673
OHA,NZOH,RNZAF Base Ohakea,NZ,,-40.20600128173828,175.38800048828125,164
OHD,LWOH,Ohrid St. Paul the Apostle Airport,MK,Ohrid,41.18,20.7423,2313
OHE,ZYMH,Mohe Gulian Airport,CN,Mohe,52.916871,122.422759,1836
OHO,UHOO,Okhotsk Airport,RU,Okhotsk,59.410065,143.056503,45
OHS,OOSH,Suhar International Airport,OM,Suhar,24.38604,56.62541,20
OIM,RJTO,Oshima Airport,JP,Izu Oshima,34.782001495399996,139.36000061,130
OIR,RJEO,Okushiri Airport,JP,Okushiri Island,42.0717010498,139.432998657,161
OIT,RJFO,Oita Airport,JP,Oita,33.479400634799994,131.736999512,19
OJU,WAFU,Tanjung Api Airport,ID,Tojo Una-Una,-0.865437,121.628625,49
OKA,ROAH,Naha International Airport,JP,Naha,26.192437,127.639804,12
OKC,KOKC,OKC Will Rogers World Airport,US,Oklahoma City,35.393388,-97.598248,1295
OKD,RJCO,Sapporo Okadama Airport,JP,Sapporo,43.117447,141.38134,25
OKE,RJKB,Okinoerabu Airport,JP,Wadomari,27.431604,128.705564,101
OKI,RJNO,Oki Global Geopark Airport,JP,Okinoshima,36.178388,133.323566,311
OKJ,RJOB,Okayama Momotaro Airport,JP,Okayama,34.756901,133.854996,806
OKL,WAJO,Oksibil Airport,ID,Oksibil,-4.9071,140.6277,4315
OKN,FOGQ,Okondja Airport,GA,Okondja,-0.665214,13.6731,1325
OKO,RJTY,Yokota Air Base,JP,Fussa,35.748501,139.348007,463
OKR,YYKI,Yorke Island Airport,AU,Yorke Island,-9.752801,143.405673,10
OKY,YBOK,Oakey Army Aviation Centre,AU,,-27.409262,151.736727,1335
OLA,ENOL,Ørland Airport,NO,Ørland,63.69889831542969,9.604000091552734,28
OLB,LIEO,Olbia Costa Smeralda Airport,IT,Olbia (SS),40.898953,9.518457,37
OLF,KOLF,L M Clayton Airport,US,Wolf Point,48.094501,-105.574997,1986
OLH,OLH,Old Harbor Airport,US,Old Harbor,57.218102,-153.270004,55
OLJ,NVSZ,North West Santo Airport,VU,Olpoi,-14.881699562099998,166.557998657,50
OLL,FCOD,Oyo Ollombo Airport,CG,Oyo,-1.226666,15.91,1073
OLM,KOLM,Olympia Regional Airport,US,Olympia,46.969399,-122.903,209
OLP,YOLD,Olympic Dam Airport,AU,Olympic Dam,-30.483861,136.876699,344
OLS,KOLS,Nogales International Airport,US,Nogales,31.4177,-110.848,3955
OLU,KOLU,Columbus Municipal Airport,US,Columbus,41.448145,-97.340174,1447
OLZ,UEMO,Olyokminsk Airport,RU,Olyokminsk,60.401833,120.476094,656
OMA,KOMA,Eppley Airfield,US,Omaha,41.3032,-95.894096,984
OMB,FOOH,Omboue Hospital Airport,GA,Omboue,-1.57473,9.26269,33
OMC,RPVO,Ormoc Airport,PH,Ormoc City,11.057715,124.565622,83
OMD,FYOG,Oranjemund Airport,NA,Oranjemund,-28.585318,16.44638,14
OME,PAOM,Nome Airport,US,Nome,64.51219940185547,-165.44500732421875,37
OMH,OITR,Urmia Airport,IR,Urmia,37.6680984497,45.0686988831,4343
OMN,UZTZ,Zomin Airport,UZ,Zomin,40.01402,68.41103,1760
OMO,LQMO,Mostar International Airport,BA,Mostar,43.282489,17.846101,156
OMR,LROD,Oradea International Airport,RO,Oradea,47.025299,21.9025,465
OMS,UNOO,Omsk Central Airport,RU,Omsk,54.963124,73.312418,311
OND,FYOA,Ondangwa Airport,NA,Ondangwa,-17.878201,15.9526,3599
ONG,YMTI,Mornington Island Airport,AU,,-16.662500381469727,139.17799377441406,33
ONJ,RJSR,Odate Noshiro Airport,JP,Kitaakita,40.191898,140.371002,292
ONO,KONO,Ontario Municipal Airport,US,Oregon,44.0198,-117.013289,2193
ONP,KONP,Newport Municipal Airport,US,Newport,44.580399,-124.057999,160
ONQ,LTAS,Zonguldak Çaycuma Airport,TR,Zonguldak,41.506401,32.0886,44
ONT,KONT,Ontario International Airport,US,Ontario,34.056,-117.600998,944
ONX,MPEJ,Enrique Adolfo Jimenez Airport,PA,Colón,9.35664,-79.867401,25
OOK,PAOO,Toksook Bay Airport,US,Toksook Bay,60.541401,-165.087006,59
OOL,YBCG,Gold Coast Airport,AU,Gold Coast,-28.165962,153.506641,21
OOM,YCOM,Cooma Snowy Mountains Airport,AU,Cooma,-36.300445,148.972408,3088
OPF,KOPF,Miami-Opa Locka Executive Airport,US,Miami,25.907,-80.278397,8
OPO,LPPR,Francisco de Sá Carneiro Airport,PT,Porto,41.2481002808,-8.68138980865,228
OPP,SNSM,Salinópolis Airport,BR,Salinópolis,-0.696111,-47.336111,105
OPS,SBSI,Presidente João Batista Figueiredo Airport,BR,Sinop,-11.885001,-55.586109,1227
OPU,AYBM,Balimo Airport,PG,Balimo,-8.05000019073,142.932998657,51
ORA,SASO,Orán Airport,AR,Orán,-23.1528,-64.329201,1171
ORB,ESOE,Örebro Airport,SE,Örebro,59.22370147705078,15.038000106811523,188
ORD,KORD,Chicago O'Hare International Airport,US,Chicago,41.9786,-87.9048,680
ORF,KORF,Norfolk International Airport,US,Norfolk,36.895341,-76.201,26
ORG,SMZO,Zorg en Hoop Airport,SR,Paramaribo,5.811211,-55.192299,10
ORH,KORH,Worcester Regional Airport,US,Worcester,42.2673,-71.875702,1009
ORI,ORI,Port Lions Airport,US,Port Lions,57.884905,-152.847719,52
ORK,EICK,Cork International Airport,IE,Cork,51.841301,-8.49111,502
ORL,KORL,Orlando Executive Airport,US,Orlando,28.5455,-81.332901,113
ORN,DAOO,Oran Es-Sénia (Ahmed Ben Bella) International Airport,DZ,Es-Sénia,35.620648,-0.622486,295
ORT,PAOR,Northway Airport,US,Northway,62.9613,-141.929001,1715
ORU,SLOR,Juan Mendoza International Airport,BO,Oruro,-17.956151,-67.075829,12152
ORV,PFNO,Robert (Bob) Curtis Memorial Airport,US,Noorvik,66.817902,-161.018997,55
ORY,LFPO,Paris-Orly Airport,FR,"Paris (Orly, Val-de-Marne)",48.729499,2.358963,291
ORZ,MZTH,H.E Alfredo Martinez (Tower Hill) Airstrip,BZ,Orange Walk,18.046767,-88.583858,69
OSD,ESNZ,Åre Östersund Airport,SE,Östersund,63.193546,14.504168,1233
OSH,KOSH,Wittman Regional Airport,US,Oshkosh,43.98440170288086,-88.55699920654297,808
OSI,LDOS,Osijek Airport,HR,Osijek(Klisa),45.462355,18.811278,290
OSL,ENGM,Oslo-Gardermoen International Airport,NO,Oslo (Gardermoen),60.193901,11.1004,681
OSM,ORBM,Mosul International Airport,IQ,Mosul,36.305801,43.1474,719
OSN,RKSO,Osan Air Base,KR,Pyeongtaek,37.091457,127.029448,38
OSR,LKMT,Leoš Janáček Airport Ostrava,CZ,Mošnov,49.696301,18.111099,844
OSS,UCFO,Osh International Airport,KG,Osh,40.609001,72.793297,2927
OST,EBOS,Ostend-Bruges International Airport,BE,Oostende,51.1998,2.874673,13
OSU,KOSU,The Ohio State University Airport - Don Scott Field,US,Columbus,40.0798,-83.072998,905
OSW,UWOR,Orsk Airport,RU,Orsk,51.072498,58.5956,909
OSY,ENNM,Namsos Airport,NO,Namsos,64.472198,11.5786,7
OTD,MPRA,Raul Arias Espinoza Airport,PA,Contadora Island,8.62876,-79.034698,43
OTH,KOTH,Southwest Oregon Regional Airport,US,North Bend,43.41709899902344,-124.24600219726562,17
OTI,WAEW,Pitu Airport,ID,Gotalalamo-Morotai Island,2.04599,128.324997,49
OTM,KOTM,Ottumwa Regional Airport,US,Ottumwa,41.106368,-92.449837,845
OTP,LROP,Bucharest Henri Coandă International Airport,RO,Otopeni,44.571792,26.103285,314
OTR,MRCC,Coto 47 Airport,CR,Corredores,8.60156,-82.968754,26
OTS,K74S,Anacortes Airport,US,Anacortes,48.498513,-122.662513,241
OTZ,PAOT,Ralph Wien Memorial Airport,US,Kotzebue,66.88469696,-162.598999,14
OUA,DFFD,Ouagadougou Thomas Sankara International Airport,BF,Ouagadougou,12.3532,-1.51242,1037
OUD,GMFO,Oujda Angads Airport,MA,Ahl Angad,34.789558,-1.926041,1535
OUE,FCOU,Ouesso Airport,CG,,1.61599,16.037901,1158
OUH,FAOH,Oudtshoorn Airport,ZA,Oudtshoorn,-33.6069984436,22.188999176,1063
OUI,LFEC,Ouessant Airport,FR,Ushant,48.4632,-5.06358,142
OUL,EFOU,Oulu Airport,FI,Oulu / Oulunsalo,64.930099,25.354601,47
OUZ,GQPZ,Tazadit Airport,MR,Zouérate,22.757345,-12.482228,1119
OVB,UNNT,Novosibirsk Tolmachevo Airport,RU,Novosibirsk,55.019756,82.618675,365
OVD,LEAS,Asturias Airport,ES,Ranón,43.563599,-6.03462,416
OVS,USHS,Sovetskiy Airport,RU,Sovetskiy,61.326622009277344,63.60191345214844,351
OWB,KOWB,Owensboro Daviess County Airport,US,Owensboro,37.74010086,-87.16680145,407
OWD,KOWD,Norwood Memorial Airport,US,Norwood,42.1904983521,-71.1728973389,49
OXB,GGOV,Osvaldo Vieira International Airport,GW,Bissau,11.894262,-15.653596,129
OXF,EGTK,London Oxford Airport,GB,"Kidlington, Oxfordshire",51.836899,-1.32,270
OXR,KOXR,Oxnard Airport,US,Oxnard,34.200801849365,-119.20700073242,45
OYA,SATG,Goya Airport,AR,Goya,-29.1058,-59.2189,128
OYE,FOGO,Oyem Airport,GA,Oyem,1.5431100130081177,11.581399917602539,2158
OYK,SBOI,Oiapoque Airport,BR,Oiapoque,3.85412,-51.797056,53
OYO,SAZH,Tres Arroyos Airport,AR,Tres Arroyos,-38.3869,-60.3297,400
OYP,SOOG,Saint-Georges-de-l'Oyapock Airport,GF,Saint-Georges-de-l'Oyapock,3.8976,-51.8041,46
OZC,RPMO,Labo Airport,PH,Ozamiz,8.17851,123.842003,75
OZG,GMAZ,Zagora Airport,MA,Zagora,30.265788,-5.860808,2414
OZH,UKDE,Zaporizhzhia International Airport,UA,Zaporizhia,47.866962,35.314723,373
OZP,LEMO,Moron Air Base,ES,Morón,37.17490005493164,-5.615940093994141,285
OZR,KOZR,Cairns AAF (Fort Rucker) Air Field,US,Fort Rucker/Ozark,31.27569962,-85.71340179,301
OZZ,GMMZ,Ouarzazate International Airport,MA,Ouarzazate,30.9391,-6.90943,3782
PAB,VEBU,Bilaspur Airport,IN,Bilaspur,21.9884,82.111,899
PAC,MPMG,Marcos A. Gelabert International Airport,PA,Albrook,8.97334,-79.555603,31
PAD,EDLP,Paderborn Lippstadt Airport,DE,Büren,51.612527,8.617459,699
PAE,KPAE,Seattle Paine Field International Airport,US,Everett,47.9063,-122.281998,606
PAG,RPMP,Pagadian Airport,PH,Pagadian,7.825632,123.459635,5
PAH,KPAH,Barkley Regional Airport,US,Paducah,37.06079864501953,-88.7738037109375,410
PAL,SKPQ,German Olano Air Base,CO,La Dorada,5.48361,-74.6574,566
PAM,KPAM,Tyndall Air Force Base,US,Panama City,30.069599,-85.575401,17
PAN,VTSK,Pattani Airport,TH,,6.78546,101.153999,8
PAO,KPAO,Palo Alto Airport,US,Palo Alto,37.461102,-122.114998,4
PAP,MTPP,Toussaint Louverture International Airport,HT,Port-au-Prince,18.580023,-72.292596,122
PAQ,PAAQ,"Warren ""Bud"" Woods Palmer Municipal Airport",US,Palmer,61.594898,-149.08901,242
PAS,LGPA,Paros National Airport,GR,Paros,37.020495,25.113195,131
PAT,VEPT,Jay Prakash Narayan Airport,IN,Patna,25.591299,85.087997,170
PAV,SBUF,Paulo Afonso Airport,BR,Paulo Afonso,-9.40088,-38.250599,883
PAX,MTPX,Port-de-Paix Airport,HT,Port-de-Paix,19.934045,-72.84801,9
PAZ,MMPA,El Tajín National Airport,MX,Poza Rica,20.6026992798,-97.46080017090001,497
PBC,MMPB,Hermanos Serdán International Airport,MX,Puebla,19.158465,-98.371582,7361
PBD,VAPR,Porbandar Airport,IN,Porbandar,21.649524,69.656405,23
PBF,KPBF,"Pine Bluff Regional Airport, Grider Field",US,Pine Bluff,34.174121,-91.935643,206
PBG,KPBG,Plattsburgh International Airport,US,Plattsburgh,44.650902,-73.468102,234
PBH,VQPR,Paro International Airport,BT,Paro,27.4032,89.424599,7364
PBI,KDJT,President Donald J. Trump International Airport,US,West Palm Beach,26.683201,-80.095596,19
PBJ,NVSI,Tavie Airport,VU,Paama Island,-16.431955,168.235511,69
PBL,SVPC,General Bartolome Salom International Airport,VE,Puerto Cabello,10.4805,-68.072998,32
PBM,SMJP,Johan Adolf Pengel International Airport,SR,Paramaribo,5.45283,-55.187801,59
PBN,FNPA,Porto Amboim Airport,AO,Port Amboim,-10.722,13.7655,16
PBO,YPBO,Paraburdoo Airport,AU,Paraburdoo,-23.1711006165,117.745002747,1406
PBR,MGPB,Puerto Barrios Airport,GT,Puerto Barrios,15.7309,-88.583801,33
PBU,VYPT,Putao Airport,MM,Putao,27.32990074157715,97.42630004882812,1500
PBZ,FAPG,Plettenberg Bay Airport,ZA,Plettenberg Bay,-34.08816,23.328723,465
PCF,FAPS,Potchefstroom Airport,ZA,Potchefstroom,-26.670999527,27.0818996429,4520
PCL,SPCL,Cap FAP David Abenzur Rengifo International Airport,PE,Pucallpa,-8.378064,-74.574495,513
PCN,NZPN,Picton Aerodrome,NZ,Koromiko,-41.346099853516,173.95599365234,161
PCP,FPPR,Principe Airport,ST,São Tomé & Príncipe,1.661155,7.411081,591
PCR,SKPC,German Olano Airport,CO,Puerto Carreño,6.18472,-67.4932,177
PDA,SKPD,Obando Cesar Gaviria Trujillo Airport,CO,Puerto Inírida,3.85353,-67.9062,460
PDB,4K0,Pedro Bay Airport,US,Pedro Bay,59.796925,-154.129994,45
PDG,WIEE,Minangkabau International Airport,ID,Padang (Katapiang),-0.785964,100.280384,18
PDK,KPDK,DeKalb Peachtree Airport,US,Atlanta,33.87633,-84.30213,1003
PDL,LPPD,João Paulo II Airport,PT,Ponta Delgada,37.7411994934,-25.6979007721,259
PDM,MPPD,Capt. J. Montenegro Airport,PA,Pedasí,7.534801,-80.043347,148
PDO,WIPQ,Pendopo Airport,ID,Talang Gudang-Sumatra Island,-3.2860701084136963,103.87999725341797,184
PDP,SULS,Capitan Corbeta CA Curbelo International Airport,UY,Punta del Este,-34.855099,-55.094299,95
PDS,MMPG,Piedras Negras International Airport,MX,Piedras Negras,28.627873,-100.53524,901
PDT,KPDT,Eastern Oregon Regional Airport at Pendleton,US,Pendleton,45.695099,-118.841003,1497
PDU,SUPU,Tydeo Larre Borges Airport,UY,Paysandú,-32.3633,-58.061901,138
PDV,LBPD,Plovdiv International Airport,BG,Plovdiv,42.067799,24.8508,597
PDX,KPDX,Portland International Airport,US,Portland,45.588699,-122.598,31
PED,LKPD,Pardubice Airport,CZ,Pardubice,50.015049,15.73981,741
PEE,USPP,Perm International Airport,RU,Perm,57.914501,56.021198,404
PEG,LIRZ,Perugia San Francesco d'Assisi – Umbria International Airport,IT,Perugia (PG),43.095901,12.5132,697
PEH,SAZP,Comodoro Pedro Zanni Airport,AR,Pehuajó,-35.8446,-61.8576,278
PEI,SKPE,Matecaña International Airport,CO,Pereira,4.81267,-75.7395,4416
PEK,ZBAA,Beijing Capital International Airport,CN,Beijing,40.077349,116.596702,116
PEM,SPTU,Padre Aldamiz International Airport,PE,Puerto Maldonado,-12.6135997772,-69.2285995483,659
PEN,WMKP,Penang International Airport,MY,Penang,5.296303,100.276185,11
PER,YPPH,Perth International Airport,AU,Perth,-31.94029998779297,115.96700286865234,67
PES,ULPB,Petrozavodsk Airport,RU,Petrozavodsk,61.885201,34.154701,151
PET,SBPK,João Simões Lopes Neto International Airport,BR,Pelotas,-31.717189,-52.327796,59
PEU,MHPL,Puerto Lempira Airport,HN,Puerto Lempira,15.2622,-83.781197,33
PEV,LHPP,Pécs-Pogány International Airport,HU,Pécs,45.988891,18.242044,651
PEW,OPPS,Bacha Khan International Airport,PK,Peshawar,33.9939,71.514603,1158
PEX,UUYP,Pechora Airport,RU,Pechora,65.121101,57.130798,98
PEZ,UWPP,Penza Airport,RU,Penza,53.1106,45.021099,614
PFB,SBPF,Lauro Kurtz Airport,BR,Passo Fundo,-28.243976,-52.32777,2380
PFO,LCPH,Paphos International Airport,CY,Paphos,34.717999,32.485699,41
PFQ,OITP,Parsabad-Moghan Airport,IR,Parsabad,39.6036,47.8815,251
PFR,FZVS,Ilebo Airport,CD,Ilebo,-4.329919,20.590124,1450
PGA,KPGA,Page Municipal Airport,US,Page,36.924234,-111.447716,4316
PGD,KPGD,Punta Gorda Airport,US,Punta Gorda,26.9202,-81.990501,26
PGF,LFMP,Perpignan-Rivesaltes (Llabanère) Airport,FR,Perpignan/Rivesaltes,42.740398,2.87067,144
PGH,VIPT,Pantnagar Airport,IN,Pantnagar,29.0334,79.473701,769
PGK,WIKK,Depati Amir Airport,ID,Pangkal Pinang,-2.1622,106.139,109
PGM,PGM,Port Graham Airport,US,Port Graham,59.348355,-151.830025,93
PGU,OIBP,Persian Gulf International Airport,IR,Khiyaroo,27.379601,52.737701,27
PGV,KPGV,Pitt-Greenville Airport,US,Greenville,35.635535,-77.384262,26
PGX,LFBX,Périgueux-Bassillac Airport,FR,Périgueux/Bassillac,45.198101,0.815556,328
PGZ,SBPG,Ponta Grossa Airport - Comandante Antonio Amilton Beraldo,BR,Ponta Grossa,-25.184476,-50.143822,2588
PHB,SBPB,Parnaíba - Prefeito Doutor João Silva Filho International Airport,BR,Parnaíba,-2.89375,-41.731998,23
PHC,DNPO,Port Harcourt International Airport,NG,Port Harcourt,5.01549,6.94959,87
PHE,YPPD,Port Hedland International Airport,AU,Port Hedland,-20.382787,118.629789,33
PHF,KPHF,Newport News Williamsburg International Airport,US,Newport News,37.131901,-76.492996,42
PHG,DNPM,Port Harcourt City Airport / Port Harcourt Air Force Base,NG,Port Harcourt,4.846111,7.021389,57
PHH,VNPR,Pokhara International Airport,NP,Pokhara,28.1838,84.0147,2595
PHL,KPHL,Philadelphia International Airport,US,Philadelphia,39.871899,-75.241096,36
PHO,PAPO,Point Hope Airport,US,Point Hope,68.348801,-166.798996,12
PHS,VTPP,Phitsanulok Airport,TH,Phitsanulok,16.7829,100.278999,154
PHW,FAPH,Hendrik Van Eck Airport,ZA,Phalaborwa,-23.937200546299998,31.1553993225,1432
PHX,KPHX,Phoenix Sky Harbor International Airport,US,Phoenix,33.435302,-112.005905,1135
PHY,VTPB,Phetchabun Airport,TH,,16.6760005951,101.194999695,450
PIA,KPIA,General Wayne A. Downing Peoria International Airport,US,Peoria,40.663841,-89.692631,660
PIB,KPIB,Hattiesburg Laurel Regional Airport,US,Moselle,31.4671,-89.337097,298
PIE,KPIE,St. Petersburg Clearwater International Airport,US,Pinellas Park,27.9102,-82.687401,11
PIH,KPIH,Pocatello Regional Airport,US,Pocatello,42.9098014831543,-112.59600067138672,4452
PIK,EGPK,Glasgow Prestwick Airport,GB,"Prestwick, South Ayrshire",55.501499,-4.577182,65
PIL,SGPI,Aeródromo Don Carlos Miguel Gimenez,PY,Pilar,-26.881981,-58.319067,249
PIO,SPSO,Captain Renán Elías Olivera International Airport,PE,Pisco,-13.7449,-76.220299,39
PIP,PAPN,Pilot Point Airport,US,Pilot Point,57.580399,-157.572006,57
PIR,KPIR,Pierre Regional Airport,US,Pierre,44.38270187,-100.2860031,1744
PIS,LFBI,Poitiers-Biard Airport,FR,Poitiers/Biard,46.5877,0.306666,423
PIT,KPIT,Pittsburgh International Airport,US,Pittsburgh,40.491501,-80.232903,1203
PIU,SPUR,PAF Captain Guillermo Concha Iberico International Airport,PE,Piura,-5.20575,-80.616402,120
PIW,CZMN,Pikwitonei Airport,CA,Pikwitonei,55.58890151977539,-97.16419982910156,630
PIX,LPPI,Pico Airport,PT,Pico Island,38.554298,-28.441299,109
PIZ,PPIZ,Point Lay LRRS Airport,US,Point Lay,69.732903,-163.005005,22
PJA,ESUP,Pajala Airport,SE,Pajala,67.244569,23.074894,542
PJC,SGPJ,Aeropuerto Nacional Dr. Augusto Roberto Fuster,PY,Pedro Juan Caballero,-22.641427,-55.829993,1873
PJG,OPPG,Panjgur Airport,PK,Panjgur,26.9545,64.1325,3289
PJM,MRPJ,Puerto Jimenez Airport,CR,Puerto Jimenez,8.533329963684082,-83.30000305175781,7
PKA,PAPK,Napaskiak Airport,US,Napaskiak,60.7029,-161.778,24
PKB,KPKB,Mid Ohio Valley Regional Airport,US,Parkersburg (Williamstown),39.3451,-81.439201,858
PKC,UHPP,Yelizovo Airport,RU,Petropavlovsk-Kamchatsky,53.168716,158.451068,131
PKE,YPKS,Parkes Airport,AU,Parkes,-33.131401062,148.238998413,1069
PKG,WMPA,Pulau Pangkor Airport,MY,Pangkor Island,4.244719982147217,100.5530014038086,19
PKN,WAGI,Iskandar Airport,ID,Pangkalanbun,-2.7052,111.672997,75
PKP,NTGP,Puka Puka Airport,PF,,-14.80955,-138.812621,5
PKR,VNPK,Pokhara Domestic Airport,NP,Pokhara,28.200621,83.981203,2712
PKT,YPKT,Port Keats Airport,AU,Wadeye,-14.249701,129.529538,91
PKU,WIBB,Sultan Syarif Kasim II International Airport / Roesmin Nurjadin AFB,ID,Pekanbaru,0.458647,101.444321,102
PKV,ULOO,Princess Olga Pskov International Airport,RU,Pskov,57.781316,28.39384,154
PKW,FBSP,Selebi Phikwe Airport,BW,Selebi Phikwe,-22.0583,27.8288,2925
PKX,ZBAD,Beijing Daxing International Airport,CN,Beijing,39.501289,116.413967,98
PKY,WAGG,Tjilik Riwut Airport,ID,Palangkaraya,-2.227146,113.943388,82
PKZ,VLPS,Pakse International Airport,LA,Pakse,15.133973,105.779871,351
PLJ,MZPL,Placencia Airport,BZ,Placencia,16.536957,-88.361511,3
PLL,SBMN,Ponta Pelada Airport / Manaus Air Base,BR,Manaus,-3.14604,-59.986301,267
PLM,WIPP,Sultan Mahmud Badaruddin II Airport,ID,Palembang,-2.897653,104.698147,49
PLN,KPLN,Pellston Regional Airport of Emmet County Airport,US,Pellston,45.57089996,-84.79669952,721
PLO,YPLC,Port Lincoln Airport,AU,Port Lincoln,-34.6053009033,135.880004883,36
PLQ,EYPA,Palanga International Airport,LT,Palanga,55.973202,21.093901,33
PLS,MBPV,Providenciales International Airport,TC,Providenciales,21.773697,-72.268321,15
PLU,SBBH,Pampulha - Carlos Drummond de Andrade Airport,BR,Belo Horizonte,-19.85074,-43.950316,2589
PLW,WAFF,Mutiara - SIS Al-Jufrie Airport,ID,Palu,-0.916462,119.908647,284
PLX,UASS,Semei International Airport,KZ,Semey,50.351295,80.234398,761
PLZ,FAPE,Chief Dawid Stuurman International Airport,ZA,Gqeberha (Port Elizabeth),-33.989715,25.617353,226
PMA,HTPE,Pemba Airport,TZ,Chake Chake,-5.25726,39.811401,80
PMC,SCTE,El Tepual International Airport,CL,Puerto Montt,-41.443093,-73.094065,294
PMD,KPMD,Palmdale Regional Airport / USAF Plant 42 Airport,US,Palmdale,34.629398,-118.084999,2543
PMF,LIMP,Parma Airport,IT,Parma (PR),44.826351,10.29705,161
PMG,SBPP,Ponta Porã Airport,BR,Ponta Porã,-22.549601,-55.702599,2156
PMI,LEPA,Palma de Mallorca Airport,ES,Palma de Mallorca,39.551701,2.73881,27
PMK,YPAM,Palm Island Airport,AU,,-18.755301,146.580994,28
PMO,LICJ,Falcone–Borsellino Airport,IT,Palermo,38.175999,13.091,65
PMQ,SAWP,Perito Moreno Jalil Hamer Airport,AR,Perito Moreno,-46.537899,-70.978699,1410
PMR,NZPM,Palmerston North Airport,NZ,Palmerston North,-40.320599,175.617004,151
PMS,OSPR,Palmyra Airport,SY,Tadmur,34.5574,38.316898,1322
PMV,SVMG,Del Caribe Santiago Mariño International Airport,VE,Isla Margarita,10.912603,-63.966599,74
PMW,SBPJ,Brigadeiro Lysias Rodrigues Airport,BR,Palmas,-10.2915,-48.356998,774
PMY,SAVY,El Tehuelche Airport,AR,Puerto Madryn,-42.7592,-65.1027,427
PMZ,MRPM,Palmar Sur Airport,CR,Palmar Sur,8.95103,-83.468597,49
PNA,LEPP,Pamplona Airport,ES,Pamplona,42.77,-1.64633,1504
PNB,SBPN,Porto Nacional Airport,BR,Porto Nacional,-10.719402,-48.3997,870
PNC,KPNC,Ponca City Regional Airport,US,Ponca City,36.73199844,-97.09980011,1008
PND,MZPG,Punta Gorda Airport,BZ,Punta Gorda,16.1024,-88.808296,7
PNE,KPNE,Northeast Philadelphia Airport,US,Philadelphia,40.082406,-75.010614,120
PNH,VDPP,Phnom Penh International Airport,KH,Phnom Penh (Pou Senchey),11.547155,104.844699,40
PNI,PTPN,Pohnpei International Airport,FM,Pohnpei Island,6.985082,158.20992,10
PNK,WIOO,Supadio International Airport,ID,Pontianak,-0.152258,109.404493,10
PNL,LICG,Pantelleria Airport,IT,Pantelleria (TP),36.816502,11.9689,628
PNP,AYGR,Girua Airport,PG,Popondetta,-8.80453968048,148.309005737,311
PNQ,VAPO,Pune International Airport,IN,Pune,18.5821,73.919701,1942
PNR,FCPP,Antonio Agostinho-Neto International Airport,CG,Pointe Noire,-4.81603,11.8866,55
PNS,KPNS,Pensacola International Airport,US,Pensacola,30.472718,-87.186639,121
PNT,SCNT,Lieutenant Julio Gallardo Airport,CL,Puerto Natales,-51.67067,-72.529078,217
PNV,EYPP,Panevėžys Air Base,LT,Panevėžys,55.729400634765625,24.460800170898438,197
PNX,KGYI,North Texas Regional Airport Perrin Field,US,Denison,33.7141,-96.673698,749
PNY,VOPC,Pondicherry Airport,IN,Puducherry (Pondicherry),11.968,79.812,134
PNZ,SBPL,Senador Nilo Coelho Airport,BR,Petrolina,-9.362422,-40.569098,1263
POA,SBPA,Porto Alegre-Salgado Filho International Airport,BR,Porto Alegre,-29.993984,-51.167482,11
POB,KPOB,Pope Field,US,Fort Bragg,35.170898,-79.014503,217
POE,KPOE,Polk Army Air Field,US,Fort Polk,31.0447998,-93.1917038,330
POG,FOOG,Port Gentil International Airport,GA,Port Gentil,-0.711739,8.75438,13
POI,SLPO,Capitan Nicolas Rojas Airport,BO,Potosí,-19.543331,-65.723734,12922
POL,FQPB,Pemba Airport,MZ,Pemba,-12.993302,40.524867,331
POM,AYPY,Port Moresby Jacksons International Airport,PG,Port Moresby,-9.443380355834961,147.22000122070312,146
POO,SBPC,Poços de Caldas - Embaixador Walther Moreira Salles Airport,BR,Poços De Caldas,-21.842529,-46.569768,4138
POP,MDPP,Gregorio Luperon International Airport,DO,Puerto Plata,19.7579,-70.57,15
POR,EFPO,Pori Airport,FI,Pori,61.4617,21.799999,44
POS,TTPP,Piarco International Airport,TT,Port of Spain,10.59535,-61.337568,58
POT,MKKJ,Ken Jones Airport,JM,Ken Jones,18.1987991333,-76.53450012210001,20
POU,KPOU,Dutchess County Airport,US,Poughkeepsie,41.6265983581543,-73.88420104980469,165
POW,LJPZ,Portorož Airport,SI,Sečovlje,45.47201,13.615951,7
POX,LFPT,Pontoise-Cormeilles Aerodrome,FR,"Cormeilles-en-Vexin, Val-d'Oise",49.096064,2.035543,325
POZ,EPPO,Poznań-Ławica Airport,PL,Poznań,52.421598,16.823359,308
PPB,SBDN,Presidente Prudente Airport,BR,Presidente Prudente,-22.1751,-51.424599,1477
PPE,MMPE,Mar de Cortés International Airport,MX,Puerto Peñasco,31.351987,-113.305177,71
PPG,NSTU,Pago Pago International Airport,AS,Pago Pago,-14.331,-170.710007,32
PPI,YPIR,Port Pirie Airport,AU,,-33.238899,137.994995,40
PPK,UACP,Petropavl International Airport,KZ,Petropavl,54.775622,69.187415,453
PPN,SKPP,Guillermo León Valencia Airport,CO,Popayán,2.454359,-76.609253,5687
PPP,YBPN,Proserpine Whitsunday Coast Airport,AU,Proserpine,-20.494416,148.553583,82
PPQ,NZPP,Paraparaumu Airport,NZ,,-40.904701232910156,174.98899841308594,22
PPS,RPVP,Puerto Princesa International Airport / PAF Antonio Bautista Air Base,PH,Puerto Princesa,9.742044,118.75911,71
PPT,NTAA,Fa'a'ā International Airport,PF,Papeete,-17.553472,-149.606936,5
PPW,EGEP,Papa Westray Airport,GB,"Papa Westray, Orkney Islands",59.351012,-2.900353,91
PQC,VVPQ,Phú Quốc International Airport,VN,Phu Quoc Island,10.169783,103.99353,37
PQI,KPQI,Presque Isle International Airport,US,Presque Isle,46.688999,-68.0448,534
PQQ,YPMQ,Port Macquarie Airport,AU,Port Macquarie,-31.4358005524,152.863006592,12
PQS,US-8450,Pilot Station Airport,US,Pilot Station,61.96169,-162.941944,473
PRA,SAAP,General Urquiza Airport,AR,Parana,-31.7948,-60.4804,242
PRB,KPRB,Paso Robles Municipal Airport,US,Paso Robles,35.67290115,-120.6269989,840
PRC,KPRC,Prescott Regional Airport - Ernest A. Love Field,US,Prescott,34.653502,-112.419883,5045
PRG,LKPR,Václav Havel Airport Prague,CZ,Prague,50.100874,14.259911,1247
PRH,VTCP,Phrae Airport,TH,,18.1322,100.165001,538
PRI,FSPP,Praslin Island Airport,SC,Praslin Island,-4.319256,55.691561,10
PRM,LPPM,Portimão Airport,PT,Portimão,37.1493,-8.58396,5
PRN,BKPR,Priština Adem Jashari International Airport,XK,Prishtina,42.5728,21.035801,1789
PRV,LKPO,Přerov Air Base,CZ,Přerov,49.4258,17.404699,676
PRX,KPRX,Cox Field,US,Paris,33.636600494385,-95.450798034668,547
PRY,FAWB,Wonderboom Airport,ZA,Pretoria,-25.6539,28.224199,4095
PSA,LIRP,Pisa International Airport,IT,Pisa (PI),43.683899,10.3927,6
PSC,KPSC,Tri Cities Airport,US,Pasco,46.264702,-119.119003,410
PSD,HEPS,Port Said International Airport,EG,Port Said,31.279285,32.240582,10
PSE,TJPS,Mercedita International Airport,PR,Ponce,18.008301,-66.563004,29
PSG,PAPG,Petersburg James A Johnson Airport,US,Petersburg,56.80170059,-132.9450073,111
PSI,OPPI,Pasni Airport,PK,Pasni,25.290501,63.3451,33
PSJ,WAFP,Kasiguncu Airport,ID,Poso-Celebes Island,-1.414121,120.659241,174
PSM,KPSM,Portsmouth International Airport at Pease,US,Portsmouth,43.0779,-70.823303,100
PSO,SKPS,Antonio Nariño Airport,CO,Chachagüí,1.396722,-77.29093,5951
PSP,KPSP,Palm Springs International Airport,US,Palm Springs,33.8297,-116.507004,477
PSR,LIBP,Abruzzo Airport,IT,Pescara,42.431079,14.182981,48
PSS,SARP,Libertador Gral D Jose De San Martin Airport,AR,Posadas,-27.3858,-55.9707,430
PSU,WIOP,Pangsuma Airport,ID,Putussibau-Borneo Island,0.834579,112.940217,297
PSY,SFAL,Port Stanley Airport,FK,Stanley,-51.685699,-57.777599,75
PSZ,SLPS,Capitán Av. Salvador Ogaya G. airport,BO,Puerto Suárez,-18.975301,-57.820599,440
PTA,PALJ,Port Alsworth Airport,US,Port Alsworth,60.201681,-154.325863,280
PTF,NFFO,Malolo Lailai Island Airport,FJ,Malolo Lailai Island,-17.778448,177.196996,10
PTG,FAPP,Polokwane International Airport,ZA,Polokwane,-23.845269,29.458615,4076
PTH,PAPH,Port Heiden Airport,US,Port Heiden,56.957893,-158.630219,95
PTJ,YPOD,Portland Airport,AU,,-38.31809997558594,141.4709930419922,265
PTK,KPTK,Oakland County International Airport,US,Pontiac,42.665500640869,-83.420097351074,980
PTM,SVPT,Palmarito Airport,VE,Palmarito,7.575479,-70.174435,347
PTO,SBPO,Juvenal Loureiro Cardoso Airport,BR,Pato Branco,-26.217184,-52.694463,2697
PTP,TFFR,Maryse Condé International Airport,GP,Pointe-à-Pitre,16.265443,-61.532754,36
PTU,PAPM,Platinum Airport,US,Platinum,59.017675,-161.827927,15
PTX,SKPI,Pitalito Airport,CO,Pitalito,1.85777,-76.0857,4212
PTY,MPTO,Tocumen International Airport,PA,Tocumen,9.07136,-79.383499,135
PUB,KPUB,Pueblo Memorial Airport,US,Pueblo,38.289101,-104.497002,4726
PUD,SAWD,Puerto Deseado Airport,AR,Puerto Deseado,-47.7353,-65.9041,268
PUF,LFBP,Pau Pyrénées Airport,FR,Pau/Pyrénées (Uzein),43.380001,-0.418611,616
PUG,YPAG,Port Augusta Airport,AU,,-32.506900787353516,137.7169952392578,56
PUJ,MDPC,Punta Cana International Airport,DO,Punta Cana,18.567093,-68.364558,47
PUQ,SCCI,President Carlos Ibáñez International Airport,CL,Punta Arenas,-53.002602,-70.854599,139
PUR,SLPR,Puerto Rico Airport,BO,Puerto Rico/Manuripi,-11.107663,-67.551155,597
PUS,RKPK,Gimhae International Airport,KR,Busan,35.179501,128.938004,6
PUT,VOPN,Sri Sathya Sai Airport,IN,Puttaparthi,14.1492996216,77.7910995483,1558
PUU,SKAS,Tres De Mayo Airport,CO,Puerto Asís,0.505228,-76.5008,815
PUW,KPUW,Pullman-Moscow Regional Airport,US,Pullman,46.741601,-117.11163,2556
PUY,LDPL,Pula Airport,HR,Pula,44.893501,13.9222,274
PUZ,MNPC,Puerto Cabezas Airport,NI,Puerto Cabezas,14.047200202941895,-83.38670349121094,52
PVA,SKPV,El Embrujo Airport,CO,Providencia,13.357461,-81.357977,10
PVD,KPVD,Rhode Island T. F. Green International Airport,US,Providence/Warwick,41.725038,-71.425668,55
PVG,ZSPD,Shanghai Pudong International Airport,CN,Shanghai (Pudong),31.1434,121.805,13
PVH,SBPV,Governador Jorge Teixeira de Oliveira International Airport,BR,Porto Velho,-8.708491,-63.902338,295
PVK,LGPZ,Aktion National Airport,GR,Preveza,38.925499,20.765301,11
PVO,SEPV,Reales Tamarindos Airport,EC,Portoviejo,-1.04165,-80.472198,130
PVR,MMPR,Puerto Vallarta International Airport,MX,Puerto Vallarta,20.679913,-105.254391,23
PVS,UHMD,Provideniya Bay Airport,RU,Chukotka,64.378098,-173.242996,72
PVU,KPVU,Provo Municipal Airport,US,Provo,40.218894,-111.722445,4497
PWE,UHMP,Pevek Airport,RU,Apapelgino,69.783302,170.597,11
PWK,KPWK,Chicago Executive Airport,US,Chicago/Prospect Heights/Wheeling,42.114222,-87.901494,647
PWM,KPWM,Portland International Jetport,US,Portland,43.646198,-70.309303,76
PWQ,UASP,Pavlodar International Airport,KZ,Pavlodar,52.194982,77.073088,410
PWT,KPWT,Bremerton National Airport,US,Bremerton,47.490200042725,-122.76499938965,444
PWY,KPNA,Ralph Wenz Field,US,Pinedale,42.79550171,-109.8069992,7102
PXH,YPMH,Prominent Hill Airport,AU,Mount Eba,-29.716,135.5244,745
PXM,MMPS,Puerto Escondido International Airport,MX,Puerto Escondido,15.876808,-97.0891,294
PXO,LPPS,Porto Santo Airport,PT,Vila Baleira,33.0733985901,-16.3500003815,341
PXR,VTUJ,Surin Airport,TH,Surin,14.868300437927,103.49800109863,478
PXU,VVPK,Pleiku Airport,VN,Pleiku,14.004500389099121,108.01699829101562,2434
PYH,SVPA,Cacique Aramare Airport,VE,Puerto Ayacucho,5.61999,-67.606102,245
PYJ,UERP,Polyarny Airport,RU,Yakutia,66.400398,112.029999,1660
PYK,OIIP,Payam International Airport,IR,Karaj,35.7761,50.826698,4170
PYR,LGAD,Andravida Air Base,GR,Andravida,37.9207,21.292601,55
PYT,SNZR,Pedro Rabelo de Souza Airport,BR,Paracatu,-17.242599,-46.883099,2359
PZA,SKPZ,Paz de Ariporo Airport,CO,Paz de Ariporo,5.876146,-71.886671,900
PZB,FAPM,Pietermaritzburg Airport,ZA,Pietermaritzburg,-29.649000167799997,30.3987007141,2423
PZH,OPZB,Zhob Airport,PK,Fort Sandeman,31.358400344848633,69.4636001586914,4728
PZI,ZUZH,Panzhihua Bao'anying Airport,CN,Panzhihua (Renhe),26.54,101.79852,1620
PZO,SVPR,General Manuel Carlos Piar International Airport,VE,Guyana City,8.28853,-62.760399,472
PZS,SCTC,Maquehue Airport,CL,Temuco,-38.766799926758,-72.637100219727,304
PZU,HSPN,Port Sudan New International Airport,SD,Port Sudan,19.434558,37.234125,135
PZY,LZPP,Piešťany Airport,SK,Piešťany,48.62519836425781,17.828399658203125,545
QBC,CYBD,Bella Coola Airport,CA,Bella Coola,52.387501,-126.596001,117
QCY,EGXC,RAF Coningsby,GB,"Lincoln, Lincolnshire",53.092999,-0.166014,25
QGU,RJNG,Gifu Airport,JP,Gifu,35.3941,136.869995,128
QHR,HAHM,Harar Meda Airport,ET,Debre Zeyit,8.7163,39.0059,6201
QMJ,OIAI,Shahid Asiyaee Airport,IR,Masjed Soleyman,32.001719,49.268599,1206
QNS,SBCO,Canoas Air Force Base,BR,Porto Alegre,-29.945928,-51.144413,26
QOW,DNIM,Sam Mbakwe International Cargo Airport,NG,Owerri,5.42706,7.20603,373
QPG,WSAP,Paya Lebar Air Base,SG,Paya Lebar,1.36042,103.910004,65
QRA,FAGM,Rand Airport,ZA,Johannesburg,-26.2425,28.151199,5483
QRM,YNRM,Narromine Airport,AU,,-32.214699,148.225006,782
QRO,MMQT,Querétaro Intercontinental Airport,MX,Querétaro,20.618779,-100.186449,6296
QRW,DNSU,Warri Airport,NG,Okpe,5.59821,5.8187,242
QSF,DAAS,Ain Arnat Airport,DZ,Sétif,36.178488,5.329909,3360
QSR,LIRI,Salerno Costa d'Amalfi Airport,IT,Salerno,40.620399,14.9113,123
QSZ,ZWSC,Shache Airport,CN,Shache,38.24542,77.056149,4232
QUO,DNAI,Akwa Ibom International Airport,NG,Uyo,4.8725,8.093,170
RAB,AYTK,Tokua Airport,PG,Kokopo,-4.34046,152.380005,49
RAE,OERR,Arar Domestic Airport,SA,Arar,30.906600952148438,41.13819885253906,1813
RAH,OERF,Rafha Domestic Airport,SA,Rafha,29.626399993896484,43.4906005859375,1474
RAI,GVNP,Nelson Mandela International Airport,CV,Praia,14.941126,-23.484728,230
RAJ,VARK,Rajkot Airport,IN,Rajkot,22.3092,70.779503,441
RAK,GMMX,Marrakesh Menara Airport,MA,Marrakesh,31.604807,-8.035788,1545
RAL,KRAL,Riverside Municipal Airport,US,Riverside,33.9519,-117.445,819
RAM,YRNG,Ramingining Airport,AU,,-12.356399536132812,134.8979949951172,206
RAO,SBRP,Leite Lopes Airport,BR,Ribeirão Preto,-21.134314,-47.774053,1805
RAP,KRAP,Rapid City Regional Airport,US,Rapid City,44.0452995300293,-103.05699920654297,3204
RAR,NCRG,Rarotonga International Airport,CK,Avarua,-21.2027,-159.806,19
RAS,OIGG,Sardar-e-Jangal Airport,IR,Rasht,37.323333,49.617778,-40
RAZ,OPRT,Rawalakot Airport,PK,Rawalakot,33.849701,73.798103,5479
RBA,GMME,Rabat-Salé Airport,MA,Rabat,34.051498,-6.75152,276
RBB,SWBR,Borba Airport,BR,Borba,-4.40634,-59.602402,98
RBE,VDRK,Ratanakiri Airport,KH,Ratanakiri,13.729999542236328,106.98699951171875,
RBL,KRBL,Red Bluff Municipal Airport,US,Red Bluff,40.1506996155,-122.251998901,352
RBQ,SLRQ,Rurrenabaque Airport,BO,Rurrenabaque,-14.4279,-67.496803,676
RBR,SBRB,Rio Branco-Plácido de Castro International Airport,BR,Rio Branco,-9.869031,-67.893984,633
RBV,AGRM,Ramata Airport,SB,Ramata,-8.168060302734375,157.64300537109375,
RBY,PARY,Ruby Airport,US,Ruby,64.727203,-155.470001,658
RCA,KRCA,Ellsworth Air Force Base,US,Rapid City,44.14500046,-103.1039963,3276
RCB,FARB,Richards Bay Airport,ZA,Richards Bay,-28.740999221800003,32.0920982361,109
RCE,WA09,Roche Harbor Airport,US,Roche Harbor,48.612301,-123.139,100
RCH,SKRH,Almirante Padilla Airport,CO,Riohacha,11.5262,-72.926,43
RCM,YRMD,Richmond Airport,AU,,-20.701900482177734,143.11500549316406,676
RCO,LFDN,Rochefort-Saint-Agnant (BA 721) Airport,FR,Rochefort/Saint-Agnant,45.887798,-0.983056,60
RCQ,SATR,Reconquista Airport,AR,Reconquista,-29.210278,-59.683333,160
RCU,SAOC,Area De Material Airport,AR,Rio Cuarto,-33.085098,-64.261299,1380
RDD,KRDD,Redding Municipal Airport,US,Redding,40.50899887,-122.2929993,505
RDG,KRDG,Reading Regional Airport (Carl A Spaatz Field),US,Reading,40.378502,-75.965202,344
RDL,HE36,Bardawil International Airport,EG,El Hassana,30.410714,33.15535,1060
RDM,KRDM,Roberts Field,US,Redmond,44.254101,-121.150002,3080
RDO,EPRA,Warsaw Radom Airport,PL,Radom,51.38937,21.214742,610
RDP,VEDG,Kazi Nazrul Islam Airport,IN,Durgapur,23.6225,87.243,300
RDR,KRDR,Grand Forks Air Force Base,US,Grand Forks,47.961101532,-97.4011993408,913
RDS,SAHS,Rincon De Los Sauces Airport,AR,Rincon de los Sauces,-37.390598,-68.904198,1968
RDU,KRDU,Raleigh-Durham International Airport,US,Raleigh/Durham,35.878659,-78.7873,435
RDV,RDV,Red Devil Airport,US,Red Devil,61.788101,-157.350006,174
RDZ,LFCR,Rodez–Aveyron Airport,FR,Rodez/Marcillac,44.407902,2.48267,1910
REA,NTGE,Reao Airport,PF,Reao,-18.46652,-136.43855,12
REC,SBRF,Recife/Guararapes - Gilberto Freyre International Airport,BR,Recife,-8.12747,-34.922961,33
REG,LICR,Reggio Calabria Airport,IT,Reggio Calabria,38.071201,15.6516,96
REL,SAVT,Almirante Marco Andres Zar Airport,AR,Rawson,-43.2105,-65.2703,141
REN,UWOO,Orenburg Central Airport,RU,Orenburg,51.792668,55.457229,387
RER,MGRT,Retalhuleu Airport,GT,Retalhuleu,14.521431,-91.697001,656
RES,SARE,Resistencia International Airport,AR,Resistencia,-27.44991,-59.056125,173
RET,ENRS,Røst Airport,NO,Røst,67.526482,12.101575,7
REU,LERS,Reus Airport,ES,Reus,41.147509,1.168354,233
REW,VERW,"Rewa Airport, Chorhata, REWA",IN,Rewa,24.503401,81.220299,1000
REX,MMRX,General Lucio Blanco International Airport,MX,Reynosa,26.0089,-98.2285,139
RFD,KRFD,Chicago Rockford International Airport,US,Chicago/Rockford,42.1954,-89.097198,742
RFP,NTTR,Raiatea Airport,PF,Uturoa,-16.7229,-151.466003,3
RGA,SAWE,Gobernador Ramón Trejo Noel International Airport,AR,Rio Grande,-53.7777,-67.7494,65
RGI,NTTG,Rangiroa Airport,PF,,-14.954299926757812,-147.66099548339844,10
RGK,UNBG,Gorno-Altaysk Airport,RU,Gorno-Altaysk,51.969204,85.836539,965
RGL,SAWG,Piloto Civil Norberto Fernández International Airport,AR,Rio Gallegos,-51.608791,-69.308948,61
RGN,VYYY,Yangon International Airport,MM,Yangon,16.907300949099998,96.1332015991,109
RGO,ZKHM,Orang (Chongjin) Airport,KP,Hoemun-ri,41.428538,129.647555,12
RGS,LEBG,Burgos Airport,ES,Burgos,42.357601,-3.62076,2962
RGT,WIBJ,Japura Airport,ID,Rengat-Sumatra Island,-0.352808,102.334999,62
RHD,SANR,Termas de Río Hondo international Airport,AR,Termas de Río Hondo,-27.4966,-64.93595,935
RHI,KRHI,Rhinelander Oneida County Airport,US,Rhinelander,45.63119888305664,-89.46749877929688,1624
RHO,LGRP,"Rhodes International Airport ""Diagoras""",GR,Rhodes,36.405399,28.086201,17
RHT,ZBAR,Alxa Right Banner Badanjilin Airport,CN,Badanjilin,39.225,101.546,4659
RIA,SBSM,Santa Maria Airport,BR,Santa Maria,-29.711399,-53.688202,287
RIB,SLRI,Capitán Av. Selin Zeitun Lopez Airport,BO,Riberalta,-11.009355,-66.075468,462
RIC,KRIC,Richmond International Airport,US,Richmond,37.505199,-77.319702,167
RIH,MPSM,Scarlett Martinez International Airport,PA,Río Hato,8.375880241394,-80.127899169922,105
RIJ,SPJA,Juan Simons Vela Airport,PE,Rioja,-6.06786,-77.160004,2707
RIL,KRIL,Garfield County Regional Airport,US,Rifle,39.526299,-107.726997,5548
RIS,RJER,Rishiri Airport,JP,Rishiri,45.2420005798,141.186004639,112
RIV,KRIV,March Air Reserve Base,US,Riverside,33.880699,-117.259003,1536
RIW,KRIW,Central Wyoming Regional Airport,US,Riverton,43.064201,-108.459999,5525
RIX,EVRA,Riga International Airport,LV,Riga,56.920752,23.970711,36
RIY,OYRN,Riyan International Airport,YE,Mukalla(Riyan),14.662241,49.375289,54
RIZ,ZSRZ,Rizhao Shanzihe Airport,CN,Rizhao (Donggang),35.405033,119.324403,121
RJA,VORY,Rajahmundry Airport,IN,Madhurapudi,17.105799,81.813204,151
RJH,VGRJ,Shah Makhdum Airport,BD,Rajshahi,24.437201,88.616501,64
RJK,LDRI,Rijeka Airport,HR,Rijeka(Omišalj),45.216376,14.57085,278
RJL,LELO,Logroño-Agoncillo Airport,ES,Logroño,42.460953,-2.322235,1161
RJM,WASN,Marinda Airport,ID,Waisai,-0.424969,130.773535,9
RJN,OIKR,Rafsanjan Airport,IR,Rafsanjan,30.298345,56.048979,5298
RKD,KRKD,Knox County Regional Airport,US,Rockland,44.060101,-69.099197,56
RKE,EKRK,Copenhagen Roskilde Airport,DK,Roskilde,55.585602,12.1314,146
RKI,WIEB,Mentawai Airport,ID,Sipura Island,-2.1001,99.7044,26
RKS,KRKS,Southwest Wyoming Regional Airport,US,Rock Springs,41.5942,-109.065001,6764
RKT,OMRK,Ras Al Khaimah International Airport,AE,Ras Al Khaimah,25.613501,55.938801,102
RKV,BIRK,Reykjavík Domestic Airport,IS,Reykjavík,64.128732,-21.93759,48
RKZ,ZURK,Xigaze Peace Airport / Shigatse Air Base,CN,Xigazê (Samzhubzê),29.350876,89.299157,3782
RLG,ETNL,Rostock-Laage Airport,DE,Laage,53.918201,12.2783,138
RLK,ZBYZ,Bayannur Tianjitai Airport,CN,Bayannur,40.926358,107.74093,3400
RMA,YROM,Roma Airport,AU,Roma,-26.545000076300003,148.774993896,1032
RME,KRME,Griffiss International Airport,US,Rome,43.23379898,-75.40699768,504
RMF,HEMA,Marsa Alam International Airport,EG,Marsa Alam,25.555548,34.59245,213
RMG,KRMG,Richard B Russell Airport,US,Rome,34.3506011963,-85.15799713130001,644
RMI,LIPR,Federico Fellini International Airport,IT,Rimini (RN),44.020024,12.612198,40
RMK,YREN,Renmark Airport,AU,,-34.1964,140.673996,115
RML,VCCC,Colombo Ratmalana International Airport,LK,Colombo,6.821638,79.885859,22
RMO,LUKK,Chişinău International Airport,MD,Chişinău,46.92774,28.931704,399
RMP,PFMP,Rampart Airport,US,Rampart,65.507896,-150.141007,302
RMQ,RCMQ,Taichung International Airport / Ching Chuang Kang Air Base,TW,Taichung (Qingshui),24.2647,120.621002,663
RMS,ETAR,Ramstein Air Base,DE,Ramstein-Miesenbach,49.436901,7.60028,776
RMT,NTAM,Rimatara Airport,PF,Rimatara Island,-22.63725,-152.8059,60
RMU,LEMI,Region of Murcia International Airport,ES,Corvera,37.802852,-1.124884,644
RMZ,USTJ,Tobolsk Remezov Airport,RU,Tobolsk,58.059712,68.347997,167
RNB,ESDF,Ronneby Airport,SE,Ronneby,56.266701,15.265,191
RND,KRND,Randolph Air Force Base,US,Universal City,29.529699,-98.2789,761
RNE,LFLO,Roanne-Renaison Airport,FR,Saint-Léger-sur-Roanne,46.053818,3.999023,1106
RNH,KRNH,New Richmond Regional Airport,US,New Richmond,45.1483,-92.538101,998
RNI,MNCI,Corn Island Airport,NI,Corn Island,12.174785,-83.059445,1
RNJ,RORY,Yoron Airport,JP,Yoron,27.043847,128.401648,52
RNL,AGGR,Rennell/Tingoa Airport,SB,Rennell Island,-11.55,160.062778,550
RNN,EKRN,Bornholm Airport,DK,Rønne,55.063301,14.7596,52
RNO,KRNO,Reno Tahoe International Airport,US,Reno,39.4991,-119.767998,4415
RNP,MH-RNP,Rongelap Island Airport,MH,Rongelap Island,11.1572,166.886993,
RNS,LFRN,Rennes-Saint-Jacques Airport,FR,"Saint-Jacques-de-la-Lande, Ille-et-Vilaine",48.0695,-1.73479,124
ROA,KROA,Roanoke–Blacksburg Regional Airport,US,Roanoke,37.3255,-79.975403,1175
ROB,GLRB,Roberts International Airport,LR,Monrovia,6.23379,-10.3623,31
ROC,KROC,Frederick Douglass Greater Rochester International Airport,US,Rochester,43.1189,-77.672401,559
ROD,FARS,Robertson Airport,ZA,Robertson,-33.812199,19.9028,640
ROI,VTUV,Roi Et Airport,TH,Roi Et,16.1168,103.774002,451
ROK,YBRK,Rockhampton Airport,AU,Rockhampton,-23.380019,150.475359,34
ROO,SBRD,Maestro Marinho Franco Airport,BR,Rondonópolis,-16.584292,-54.724803,1467
ROP,PGRO,Rota International Airport,MP,Rota Island,14.173267,145.241103,607
ROR,PTRO,Roman Tmetuchl International Airport,PW,Babelthuap Island,7.366965,134.544085,176
ROS,SAAR,Rosario Islas Malvinas International Airport,AR,Rosario,-32.9036,-60.785,85
ROT,NZRO,Rotorua Regional Airport,NZ,Rotorua,-38.1092,176.317001,935
ROV,URRP,Platov International Airport,RU,Rostov-on-Don,47.493888,39.924722,213
ROW,KROW,Roswell Air Center Airport,US,Roswell,33.301601,-104.530998,3671
ROZ,LERT,Rota Naval Station Airport,ES,Rota,36.645198822,-6.34946012497,86
RPM,YNGU,Ngukurr Airport,AU,Roper River,-14.7228,134.746994,45
RPN,LLIB,Rosh Pina Airport,IL,Rosh Pina,32.980999,35.571899,884
RPR,VERP,Swami Vivekananda Airport,IN,Raipur,21.180401,81.7388,1041
RQA,ZWRQ,Ruoqiang Loulan Airport,CN,Ruoqiang Town,38.974722,88.008333,2916
RQW,ORQW,Qayyarah West Airport,IQ,Qayyarah,35.7672,43.125099,749
RQY,VOSH,Rashtrakavi Kuvempu Airport,IN,Shimoga,13.858024,75.618868,2017
RRE,YMRE,Marree Airport,AU,,-29.6633,138.065002,50
RRG,FIMR,Sir Charles Gaetan Duval Airport,MU,Port Mathurin,-19.756696,63.359326,95
RRJ,SBJR,Jacarepaguá - Roberto Marinho Airport,BR,Rio de Janeiro,-22.986773,-43.372194,10
RRK,VERK,Rourkela Airport,IN,Rourkela,22.256571,84.815193,659
RRR,NTKO,Raroia Airport,PF,Raroia,-16.050485,-142.476568,18
RRS,ENRO,Røros Airport,NO,Røros,62.578399658203,11.342300415039,2054
RSA,SAZR,Santa Rosa Airport,AR,Santa Rosa,-36.588299,-64.275703,630
RSD,MYER,Rock Sound International Airport,BS,Rock Sound,24.89165,-76.177602,10
RSH,PARS,Russian Mission Airport,US,Russian Mission,61.775071,-161.319466,51
RSI,OERS,Red Sea International Airport,SA,Hanak,25.627975,37.088914,140
RSL,KRSL,Russell Municipal Airport,US,Russell,38.872100830078,-98.811798095703,1862
RST,KRST,Rochester International Airport,US,Rochester,43.908298,-92.5,1317
RSU,RKJY,Yeosu Airport,KR,Yeosu,34.84230041503906,127.61699676513672,53
RSW,KRSW,Southwest Florida International Airport,US,Fort Myers,26.534685,-81.752816,30
RTA,NFNR,Rotuma Airport,FJ,Rotuma,-12.482500076293945,177.0709991455078,22
RTB,MHRO,Juan Manuel Gálvez International Airport,HN,Coxen Hole,16.316799,-86.523003,39
RTC,VARG,Ratnagiri Airport,IN,,17.013599,73.327797,305
RTE,SBMT,Campo de Marte Airport,BR,São Paulo,-23.5091,-46.637798,2371
RTG,WATG,Frans Sales Lega Airport,ID,"Satar Tacik, Manggarai",-8.596171,120.478177,3510
RTI,WATR,David Constantijn Saudale Airport,ID,Ba'a - Rote Island,-10.765834,123.076046,470
RTM,EHRD,Rotterdam The Hague Airport,NL,Rotterdam,51.956902,4.43722,-15
RUA,HUAR,Arua Airport,UG,Arua,3.049152,30.911714,3951
RUG,ZSRG,Rugao Air Base,CN,Rugao (Nantong),32.258341,120.501131,
RUH,OERK,King Khalid International Airport,SA,Riyadh,24.9576,46.698799,2049
RUI,KSRR,Sierra Blanca Regional Airport,US,Alto,33.462799,-105.535004,6814
RUL,VRQM,Maavaarulaa Airport,MV,Maavaarulu,0.338085,73.512869,28
RUN,FMEE,Roland Garros Airport,RE,Sainte-Marie,-20.890087,55.518894,66
RUR,NTAR,Rurutu Airport,PF,,-22.434099197387695,-151.36099243164062,18
RUS,AGGU,Marau Airport,SB,Marau,-9.86167,160.824997,3
RUT,KRUT,Rutland - Southern Vermont Regional Airport,US,Rutland,43.5294,-72.9496,787
RUV,MGRB,Rubelsanto Airport,GT,Rubelsanto,15.992,-90.445297,426
RVE,SKSA,Los Colonizadores Airport,CO,Saravena,6.951868,-71.857179,680
RVK,ENRM,"Rørvik Airport, Ryum",NO,Rørvik,64.838302612305,11.14610004425,14
RVN,EFRO,Rovaniemi Airport,FI,Rovaniemi,66.563327,25.829751,642
RVS,KRVS,Tulsa Riverside Airport,US,Tulsa,36.0396,-95.984596,638
RVV,NTAV,Raivavae Airport,PF,,-23.885201,-147.662003,7
RVY,SURV,Pres. Gral. Óscar D. Gestido Binational Airport,UY,Rivera/Santana do Livramento,-30.9746,-55.4762,712
RWF,KRWF,Redwood Falls Municipal Airport,US,Redwood Falls,44.547199,-95.082298,1024
RWI,KRWI,Rocky Mount Wilson Regional Airport,US,Rocky Mount,35.8563,-77.891899,159
RWL,KRWL,Rawlins Municipal Airport/Harvey Field,US,Rawlins,41.80559921,-107.1999969,6813
RWN,UKLR,Rivne International Airport,UA,Rivne,50.60710144042969,26.141599655151367,755
RXS,RPVR,Roxas Airport,PH,Roxas City,11.597700119018555,122.75199890136719,10
RYB,UUBK,Staroselye Airport,RU,Rybinsk,58.104198,38.929401,423
RYK,OPRK,Shaikh Zaid Airport,PK,Rahim Yar Khan,28.383899688720703,70.27960205078125,271
RYN,LFCY,Royan-Médis Airport,FR,Royan/Médis,45.628101,-0.9725,72
RYO,SAWT,28 de Noviembre Airport,AR,Rio Turbio,-51.605,-72.2203,909
RZA,SAWU,Santa Cruz Airport,AR,Puerto Santa Cruz,-50.0165,-68.5792,364
RZE,EPRZ,Rzeszów-Jasionka Airport,PL,Jasionka,50.109791,22.024155,693
RZR,OINR,Ramsar Airport,IR,Ramsar,36.90701,50.687316,-70
RZV,LTFO,Rize–Artvin Airport,TR,Rize,41.179766,40.848802,16
SAB,TNCS,Juancho E. Yrausquin Airport,BQ,Zion's Hill,17.64533,-63.220514,60
SAC,KSAC,Sacramento Executive Airport,US,Sacramento,38.5125007629,-121.492996216,24
SAF,KSAF,Santa Fe Municipal Airport,US,Santa Fe,35.6171,-106.088997,6348
SAG,VASD,Shirdi International Airport,IN,Kakadi,19.689211,74.373655,1926
SAH,OYSN,Sanaa International Airport,YE,Sanaa,15.4763,44.2197,7216
SAI,VDSA,Siem Reap-Angkor International Airport,KH,Siem Reap,13.36974,104.223831,191
SAL,MSLP,El Salvador International Airport Saint Óscar Arnulfo Romero y Galdámez,SV,San Salvador (San Luis Talpa),13.44447,-89.055784,101
SAN,KSAN,San Diego International Airport,US,San Diego,32.733601,-117.190002,17
SAP,MHLM,Ramón Villeda Morales International Airport,HN,San Pedro Sula,15.4526,-87.923599,91
SAQ,MYAN,San Andros Airport,BS,Andros Island,25.053800582885742,-78.04900360107422,5
SAT,KSAT,San Antonio International Airport,US,San Antonio,29.533701,-98.469803,809
SAV,KSAV,Savannah Hilton Head International Airport,US,Savannah,32.126591,-81.19998,50
SAW,LTFJ,Istanbul Sabiha Gökçen International Airport,TR,"Pendik, Istanbul",40.898602,29.3092,312
SBA,KSBA,Santa Barbara Municipal Airport,US,Santa Barbara,34.426201,-119.839996,13
SBD,KSBD,San Bernardino International Airport,US,San Bernardino,34.096717,-117.236596,1159
SBH,TFFJ,St. Jean Airport,BL,Gustavia,17.904398,-62.843333,49
SBK,LFRT,Saint-Brieuc-Armor Airport,FR,"Trémuson, Côtes-d'Armor",48.538628,-2.853518,453
SBL,SLSA,Santa Ana Del Yacuma Airport,BO,Santa Ana del Yacuma,-13.762200355500001,-65.4352035522,472
SBN,KSBN,South Bend International Airport,US,South Bend,41.708304,-86.316922,799
SBP,KSBP,San Luis County Regional Airport,US,San Luis Obispo,35.236801147499996,-120.641998291,212
SBR,YSII,Saibai Island Airport,AU,Saibai Island,-9.37833,142.625,15
SBT,USDA,Sabetta International Airport,RU,Sabetta,71.219167,72.052222,46
SBU,FASB,Springbok Airport,ZA,Springbok,-29.689300537109375,17.939599990844727,2690
SBW,WBGS,Sibu Airport,MY,Sibu,2.2616,111.985001,122
SBY,KSBY,Salisbury Ocean City Wicomico Regional Airport,US,Salisbury,38.34049987792969,-75.51029968261719,52
SBZ,LRSB,Sibiu International Airport,RO,Sibiu,45.785841,24.086666,1496
SCC,PASC,Deadhorse Airport,US,Deadhorse,70.19470215,-148.4649963,65
SCE,KUNV,State College Regional Airport,US,State College,40.849374,-77.84852,1239
SCH,KSCH,Schenectady County Airport,US,Schenectady,42.852500915527,-73.928901672363,378
SCI,SVPM,Paramillo Airport,VE,San Cristóbal,7.801389,-72.202778,3313
SCK,KSCK,Stockton Metropolitan Airport,US,Stockton,37.893279,-121.238079,33
SCL,SCEL,Comodoro Arturo Merino Benítez International Airport,CL,Santiago,-33.393001556396484,-70.78579711914062,1555
SCM,PACM,Scammon Bay Airport,US,Scammon Bay,61.84471,-165.575209,14
SCN,EDDR,Saarbrücken Airport,DE,Saarbrücken,49.214545,7.109735,1058
SCO,UATE,Aktau International Airport,KZ,Aktau,43.860093,51.09086,73
SCQ,LEST,Santiago-Rosalía de Castro Airport,ES,Santiago de Compostela,42.896301,-8.41514,1213
SCR,ESKS,Scandinavian Mountains Airport,SE,Malung-Sälen,61.16508,12.83352,1608
SCT,OYSQ,Socotra Airport,YE,Mori,12.632093,53.906173,146
SCU,MUCU,Antonio Maceo International Airport,CU,Santiago,19.97474,-75.835504,249
SCV,LRSV,Suceava Ștefan cel Mare International Airport,RO,Suceava,47.6875,26.354099,1375
SCW,UUYY,Syktyvkar Airport,RU,Syktyvkar,61.64699935913086,50.84510040283203,342
SCY,SEST,San Cristóbal Airport,EC,Puerto Baquerizo Moreno,-0.910206,-89.617401,62
SCZ,AGGL,Santa Cruz/Graciosa Bay/Luova Airport,SB,Santa Cruz/Graciosa Bay/Luova,-10.7203,165.794998,18
SDB,FALW,Langebaanweg Airport,ZA,Langebaanweg,-32.968898773199996,18.1602993011,108
SDD,FNUB,Lubango Mukanka International Airport,AO,Lubango,-14.924839,13.576653,5778
SDE,SANE,Vicecomodoro Angel D. La Paz Aragonés Airport,AR,Santiago del Estero,-27.765556335399996,-64.3099975586,656
SDF,KSDF,Louisville Muhammad Ali International Airport,US,Louisville,38.1706,-85.735076,501
SDG,OICS,Sanandaj Airport,IR,,35.24589920043945,47.00920104980469,4522
SDJ,RJSS,Sendai Airport,JP,Natori,38.139702,140.917007,15
SDK,WBKS,Sandakan Airport,MY,Sandakan,5.900899887084961,118.05899810791016,46
SDL,ESNN,Sundsvall-Härnösand Airport,SE,Sundsvall/ Härnösand,62.528099060058594,17.443899154663086,16
SDM,KSDM,Brown Field Municipal Airport,US,San Diego,32.572639,-116.980019,526
SDN,ENSD,"Sandane Airport, Anda",NO,Sandane,61.830002,6.10583,196
SDP,PASD,Sand Point Airport,US,Sand Point,55.313908,-160.522099,21
SDQ,MDSD,Las Américas International Airport,DO,Santo Domingo,18.42970085144,-69.668899536133,59
SDR,LEXJ,Seve Ballesteros-Santander Airport,ES,Santander,43.427101,-3.82001,16
SDS,RJSD,Sado Airport,JP,Sado,38.0601997375,138.414001465,88
SDT,OPSS,Saidu Sharif Airport,PK,Saidu Sharif,34.813599,72.352798,3183
SDU,SBRJ,Santos Dumont Airport,BR,Rio de Janeiro,-22.910397,-43.16282,11
SDW,VOSR,Sindhudurg Airport,IN,Chipi,16.002552,73.529846,203
SDY,KSDY,Sidney - Richland Regional Airport,US,Sidney,47.705141,-104.194422,1985
SEA,KSEA,Seattle–Tacoma International Airport,US,Seattle,47.447943,-122.310276,433
SEB,HLLS,Sabha Airport,LY,Sabha,26.992452,14.466162,1427
SEK,UESK,Srednekolymsk Airport,RU,Srednekolymsk,67.4805,153.7364,60
SEN,EGMC,London Southend Airport,GB,"Southend-on-Sea, Essex",51.570562,0.693627,49
SES,UOIG,Svetlogorsk Airport,RU,Svetlogorsk,66.839996,88.403336,394
SET,SNHS,Santa Magalhães Airport,BR,Serra Talhada,-8.061433,-38.328888,1542
SEU,HTSN,Seronera Airport,TZ,Seronera,-2.45806,34.822498,5080
SEZ,FSIA,Seychelles International Airport,SC,Victoria,-4.67434,55.521801,10
SFA,DTTX,Sfax Thyna International Airport,TN,Sfax,34.717999,10.691,85
SFB,KSFB,Orlando Sanford International Airport,US,Orlando,28.774277,-81.234626,55
SFC,TFFC,St-François Airport,GP,St-François,16.257799,-61.262501,10
SFD,SVSR,San Fernando de Apure Las Flecheras National Airport,VE,San Fernando de Apure,7.88332,-67.444,154
SFE,RPUS,San Fernando Airport,PH,San Fernando,16.5956,120.303001,13
SFF,KSFF,Felts Field,US,Spokane,47.682899,-117.321925,1953
SFG,TFFG,Grand Case-l'Espérance Airport,MF,Grand Case,18.100057,-63.047444,7
SFJ,BGSF,Kangerlussuaq International Airport,GL,Kangerlussuaq,67.010446,-50.715294,165
SFL,GVSF,São Filipe Airport,CV,São Filipe,14.8850002289,-24.4799995422,617
SFN,SAAV,Sauce Viejo Airport,AR,Santa Fe,-31.7117,-60.8117,55
SFO,KSFO,San Francisco International Airport,US,San Francisco,37.619806,-122.374821,13
SFS,RPLB,Subic Bay International Airport / Naval Air Station Cubi Point,PH,Olongapo,14.794833,120.271883,64
SFT,ESNS,Skellefteå Airport,SE,Skellefteå,64.62480163574219,21.076900482177734,157
SGC,USRR,Surgut International Airport,RU,Surgut,61.340501,73.405782,200
SGD,EKSB,Sønderborg Airport,DK,Sønderborg,54.96440124511719,9.791729927062988,24
SGE,EDGS,Siegerland Airport,DE,Burbach,50.707699,8.08297,1966
SGF,KSGF,Springfield Branson National Airport,US,Springfield,37.245047,-93.388596,1268
SGH,KSGH,Springfield-Beckley Municipal Airport,US,Springfield,39.840301513672,-83.840202331543,1051
SGI,OPSR,Mushaf Air Base,PK,Sargodha,32.04859924316406,72.66500091552734,614
SGL,RPLS,Danilo Atienza Air Base,PH,Cavite,14.4954,120.903999,8
SGN,VVTS,Tan Son Nhat International Airport,VN,Ho Chi Minh City,10.8188,106.652,33
SGO,YSGE,St George Airport,AU,,-28.049699783325195,148.59500122070312,656
SGR,KSGR,Sugar Land Regional Airport,US,Houston,29.622299194336,-95.65650177002,82
SGU,KSGU,St George Regional Airport,US,St George,37.036389,-113.510306,2941
SGY,PAGY,Skagway Airport,US,Skagway,59.460343,-135.316651,44
SGZ,VTSH,Songkhla Airport,TH,,7.186560153961182,100.60800170898438,12
SHA,ZSSS,Shanghai Hongqiao International Airport,CN,Shanghai (Minhang),31.198104,121.33426,10
SHB,RJCN,Nakashibetsu Airport,JP,Nakashibetsu,43.5774993896,144.960006714,234
SHC,HASR,Shire Inda Selassie Airport,ET,Shire Inda Selassie,14.075699,38.273592,6207
SHD,KSHD,Shenandoah Valley Regional Airport,US,Weyers Cave,38.263802,-78.8964,1201
SHE,ZYTX,Shenyang Taoxian International Airport,CN,Shenyang,41.6398,123.483668,198
SHF,ZWHZ,Shihezi Huayuan Airport,CN,Shihezi,44.2421,85.8905,1700
SHG,PAGH,Shungnak Airport,US,Shungnak,66.88809967041,-157.16200256348,197
SHH,PASH,Shishmaref Airport,US,Shishmaref,66.249604,-166.089112,12
SHI,RORS,Shimojishima Airport,JP,Miyakojima,24.8267,125.144997,54
SHJ,OMSJ,Sharjah International Airport,AE,Sharjah,25.3286,55.5172,111
SHL,VEBI,Shillong Airport,IN,Shillong,25.70359992980957,91.97869873046875,2910
SHM,RJBD,Nanki Shirahama Airport,JP,Shirahama,33.6622009277,135.363998413,298
SHO,FDSK,King Mswati III International Airport,SZ,Mpaka,-26.358611,31.716944,1092
SHR,KSHR,Sheridan County Airport,US,Sheridan,44.76919937133789,-106.9800033569336,4021
SHS,ZHJZ,Jingzhou Shashi Airport,CN,Jingzhou (Shashi),30.29281,112.44854,95
SHT,YSHT,Shepparton Airport,AU,,-36.428341,145.391473,374
SHV,KSHV,Shreveport Regional Airport,US,Shreveport,32.444747,-93.826741,258
SHW,OESH,Sharurah Domestic Airport,SA,Sharurah,17.4669,47.121399,2363
SHY,HTSY,Shinyanga Airport,TZ,Shinyanga,-3.6093,33.5035,3800
SIA,ZLSN,Xi'an Xiguan Airport,CN,Xi'an (Baqiao),34.376701,109.120003,
SID,GVAC,Amílcar Cabral International Airport,CV,Espargos,16.7414,-22.9494,177
SIF,VNSI,Simara Airport,NP,Simara,27.159803,84.980021,450
SIG,TJIG,Fernando Luis Ribas Dominicci Airport,PR,San Juan,18.45680046081543,-66.09809875488281,10
SIH,VNDT,Silgadi Doti Airport,NP,Silgadi Doti,29.262226,80.935968,2100
SIJ,BISI,Siglufjörður Airport,IS,Siglufjörður,66.137847,-18.908157,10
SIN,WSSS,Singapore Changi Airport,SG,Singapore,1.35019,103.994003,22
SIO,YSMI,Smithton Airport,AU,,-40.834999084472656,145.08399963378906,31
SIP,UKFF,Simferopol International Airport,UA,Simferopol,45.0522,33.975101,639
SIR,LSGS,Sion Airport,CH,Sion,46.219166,7.326944,1582
SIS,FASS,Sishen Airport,ZA,Sishen,-27.6486,22.9993,3848
SIT,PASI,Sitka Rocky Gutierrez Airport,US,Sitka,57.04710006713867,-135.36199951171875,21
SJC,KSJC,Norman Y. Mineta San Jose International Airport,US,San Jose,37.362452,-121.929188,62
SJD,MMSD,Los Cabos International Airport,MX,San José del Cabo,23.151919,-109.720731,374
SJE,SKSJ,Jorge E. Gonzalez Torres Airport,CO,San José Del Guaviare,2.57969,-72.6394,605
SJI,RPUH,San Jose Airport,PH,San Jose,12.361499786399998,121.04699707,14
SJJ,LQSA,Sarajevo International Airport,BA,Sarajevo,43.8246,18.331499,1708
SJK,SBSJ,Professor Urbano Ernesto Stumpf Airport,BR,São José Dos Campos,-23.2292,-45.8615,2120
SJL,SBUA,São Gabriel da Cachoeira Airport,BR,São Gabriel da Cachoeira,-0.14835,-66.9855,249
SJO,MROC,Juan Santamaría International Airport,CR,San José (Alajuela),9.99386,-84.208801,3021
SJP,SBSR,Prof. Eribelto Manoel Reino State Airport,BR,São José do Rio Preto,-20.817113,-49.406963,1784
SJT,KSJT,San Angelo Regional Mathis Field,US,San Angelo,31.35770034790039,-100.49600219726562,1919
SJU,TJSJ,Luis Munoz Marin International Airport,PR,San Juan,18.4394,-66.001801,9
SJW,ZBSJ,Shijiazhuang Zhengding International Airport,CN,Shijiazhuang,38.280701,114.696999,233
SJX,BZ-SJX,Sartaneja Airport,BZ,Sartaneja,18.3561,-88.130798,3
SJY,EFSI,Seinäjoki Airport,FI,Seinäjoki / Ilmajoki,62.692101,22.8323,302
SJZ,LPSJ,São Jorge Airport,PT,Velas,38.665501,-28.1758,311
SKA,KSKA,Fairchild Air Force Base,US,Spokane,47.615101,-117.655998,2461
SKB,TKPK,Robert L. Bradshaw International Airport,KN,Basseterre,17.310845,-62.719117,170
SKD,UZSS,Samarkand International Airport,UZ,Samarkand,39.701842,66.981467,2224
SKF,KSKF,Lackland Air Force Base,US,San Antonio,29.38419914,-98.58110046,691
SKG,LGTS,Thessaloniki Macedonia International Airport,GR,Thessaloniki,40.51928,22.970009,22
SKH,VNSK,Surkhet Airport,NP,Surkhet,28.586,81.636002,2400
SKK,PFSH,Shaktoolik Airport,US,Shaktoolik,64.371101,-161.223999,24
SKN,ENSK,"Stokmarknes Airport, Skagen",NO,Hadsel,68.578827,15.033417,11
SKO,DNSO,Sadiq Abubakar III International Airport,NG,Sokoto,12.915729,5.207547,1010
SKP,LWSK,Skopje International Airport,MK,Ilinden,41.958087,21.622581,781
SKS,EKSP,Skrydstrup Air Base,DK,Vojens,55.221048,9.26702,141
SKT,OPST,Sialkot International Airport,PK,Sialkot,32.535941,74.364623,837
SKU,LGSY,Skiros Airport,GR,Skiros Island,38.9676017761,24.4871997833,44
SKV,HESC,Saint Catherine International Airport,EG,Saint Catherine,28.684292,34.064409,4402
SKX,UWPS,Saransk International Airport,RU,Saransk,54.12513,45.212257,676
SKZ,OPSK,Begum Nusrat Bhutto International Airport Sukkur,PK,Sukkur,27.722,68.791702,196
SLA,SASA,Martín Miguel de Güemes International Airport,AR,Salta,-24.856001,-65.486198,4088
SLC,KSLC,Salt Lake City International Airport,US,Salt Lake City,40.78886,-111.979866,4227
SLD,LZSL,Sliač Airport,SK,Sliač,48.63779830932617,19.13409996032715,1043
SLE,KSLE,Salem-Willamette Valley Airport/McNary Field,US,Salem,44.9095,-123.002998,214
SLH,NVSC,Sola Airport,VU,Sola,-13.8516998291,167.537002563,7
SLI,FLSW,Solwesi Airport,ZM,Solwesi,-12.173700332641602,26.365100860595703,4551
SLK,KSLK,Adirondack Regional Airport,US,Saranac Lake,44.38691,-74.204629,1663
SLL,OOSA,Salalah International Airport,OM,Salalah,17.0387,54.091301,73
SLM,LESA,Salamanca Airport,ES,Salamanca,40.952099,-5.50199,2595
SLN,KSLN,Salina Municipal Airport,US,Salina,38.79100036621094,-97.6521987915039,1288
SLP,MMSP,Ponciano Arriaga International Airport,MX,San Luis Potosí,22.262026,-100.935692,6035
SLQ,PASL,Sleetmute Airport,US,Sleetmute,61.7005,-157.166,190
SLU,TLPC,George F. L. Charles Airport,LC,Castries,14.0202,-60.992901,22
SLW,MMIO,Plan de Guadalupe International Airport,MX,Saltillo,25.53786,-100.928346,4778
SLX,MBSY,Salt Cay Airport,TC,Salt Cay,21.333000183099998,-71.1999969482,3
SLY,USDD,Salekhard Airport,RU,Salekhard,66.5907974243164,66.61100006103516,218
SLZ,SBSL,Marechal Cunha Machado International Airport,BR,São Luís,-2.586386,-44.235008,178
SMA,LPAZ,Santa Maria Airport,PT,Vila do Porto,36.97140121459961,-25.17060089111328,308
SME,KSME,Lake Cumberland Regional Airport,US,Somerset,37.053398132299996,-84.6158981323,927
SMF,KSMF,Sacramento International Airport,US,Sacramento,38.6954,-121.591003,27
SMI,LGSM,Samos Airport,GR,Samos Island,37.689999,26.911699,19
SMK,PAMK,St Michael Airport,US,St Michael,63.49010086,-162.1100006,98
SML,MYLS,Stella Maris Airport,BS,Stella Maris,23.582317,-75.268621,10
SMN,KSMN,Lemhi County Airport,US,Salmon,45.122233,-113.88196,4043
SMO,KSMO,Santa Monica Municipal Airport,US,Santa Monica,34.0158,-118.450996,170
SMQ,WAGS,Sampit (H.Asan) Airport,ID,Sampit,-2.499198,112.974987,50
SMR,SKSM,Simón Bolívar International Airport,CO,Santa Marta,11.1196,-74.2306,22
SMS,FMMS,Sainte Marie Airport,MG,Vohilava,-17.093901,49.8158,7
SMT,SBSO,Adolino Bedin Regional Airport,BR,Sorriso,-12.479177,-55.672341,1266
SMV,LSZS,Engadin Airport,CH,Samedan,46.5341,9.88411,5600
SMW,GMMA,Smara Airport,EH,Smara,26.731987,-11.683655,350
SMX,KSMX,Santa Maria Public Airport Captain G Allan Hancock Field,US,Santa Maria,34.898899,-120.457001,261
SNA,KSNA,John Wayne Orange County International Airport,US,Santa Ana,33.675063,-117.869281,56
SNB,YSNK,Snake Bay Airport,AU,Milikapiti,-11.417674,130.648481,173
SNC,SESA,General Ulpiano Paez International Airport,EC,Salinas/La Libertad,-2.210057,-80.985067,18
SNE,GVSN,Preguiça Airport,CV,Preguiça,16.588852,-24.284132,669
SNF,SVSP,Sub Teniente Nestor Arias Airport,VE,San Felipe,10.2787,-68.755203,761
SNI,GLGE,Greenville/Sinoe Airport,LR,Greenville,5.032124,-9.064236,10
SNJ,MUSJ,San Julián Air Base,CU,Sandino,22.100525,-84.157376,98
SNN,EINN,Shannon Airport,IE,Shannon,52.702,-8.92482,46
SNO,VTUI,Sakon Nakhon Airport,TH,,17.195100784301758,104.11900329589844,529
SNP,PASN,St Paul Island Airport,US,St Paul Island,57.166311,-170.222555,63
SNR,LFRZ,Saint-Nazaire-Montoir Airport,FR,Saint-Nazaire/Montoir,47.31142,-2.152634,13
SNS,KSNS,Salinas Municipal Airport,US,Salinas,36.662799835205,-121.60600280762,85
SNU,MUSC,Abel Santamaria International Airport,CU,Santa Clara,22.492215,-79.943119,338
SNV,SVSE,Santa Elena de Uairén Airport,VE,Santa Elena de Uairén,4.554699,-61.145234,2938
SNW,VYTD,Thandwe Airport,MM,Thandwe,18.4606990814209,94.30010223388672,20
SNX,OIIS,Semnan Municipal Airport,IR,Semnan,35.591099,53.495098,3665
SNY,KSNY,Sidney Municipal Airport Lloyd W Carr Field,US,Sidney,41.101299,-102.985001,4313
SNZ,SBSC,Santa Cruz Air Force Base,BR,Rio de Janeiro,-22.9324,-43.719101,10
SOB,LHSM,Hévíz–Balaton Airport,HU,Sármellék,46.686391,17.159084,408
SOC,WAHQ,Adisoemarmo International Airport,ID,Surakarta,-7.516044,110.757492,421
SOD,SDCO,Sorocaba Airport,BR,Sorocaba,-23.478001,-47.490002,2083
SOF,LBSF,Sofia Airport,BG,Sofia,42.696357,23.417671,1742
SOG,ENSG,"Sogndal Airport, Haukåsen",NO,Sogndal,61.156101,7.13778,1633
SOJ,ENSR,Sørkjosen Airport,NO,Sørkjosen,69.786797,20.9594,16
SOM,SVST,San Tomé Airport,VE,El Tigre,8.9451465606689,-64.151084899902,861
SON,NVSS,Santo Pekoa International Airport,VU,Luganville,-15.505000114399998,167.220001221,184
SOO,ESNY,Söderhamn Airport,SE,Söderhamn,61.261501,17.0991,88
SOQ,WASS,Domine Eduard Osok Airport,ID,Sorong,-0.894,131.287,10
SOT,EFSO,Sodankyla Airport,FI,Sodankyla,67.3949966431,26.6191005707,602
SOU,EGHI,Southampton Airport,GB,Southampton,50.950298,-1.3568,44
SOV,PASO,Seldovia Airport,US,Seldovia,59.442981,-151.705227,29
SOW,KSOW,Show Low Regional Airport,US,Show Low,34.264062,-110.007091,6415
SOY,EGER,Stronsay Airport,GB,Stronsay,59.1553,-2.64139,39
SOZ,LFKS,Solenzara (BA 126) Air Base,FR,Solenzara,41.9244,9.406,28
SPC,GCLA,La Palma Airport,ES,"Sta Cruz de la Palma, La Palma Island",28.626499,-17.7556,107
SPD,VGSD,Saidpur Airport,BD,Saidpur,25.759199,88.908897,125
SPI,KSPI,Abraham Lincoln Capital Airport,US,Springfield,39.844101,-89.677902,598
SPM,ETAD,Spangdahlem Air Base,DE,Trier,49.976507,6.698413,1197
SPN,PGSN,Saipan International Airport,MP,"I Fadang, Saipan",15.119384,145.728848,215
SPP,FNME,Menongue Airport,AO,Menongue,-14.657600402832031,17.71980094909668,4469
SPR,MZSP,John Greif II Airport,BZ,San Pedro,17.9139,-87.9711,4
SPS,KSPS,Wichita Falls Municipal Airport / Sheppard Air Force Base,US,Wichita Falls,33.9888,-98.491898,1019
SPU,LDSP,Split Saint Jerome Airport,HR,Split,43.538898,16.298,79
SPX,HESX,Sphinx International Airport,EG,Al Jiza,30.108179,30.895728,510
SPY,DISP,San Pedro Airport,CI,,4.74672,-6.66082,26
SQD,ZSSR,Shangrao Sanqingshan Airport,CN,Shangrao (Hengfeng),28.3797,117.9643,340
SQG,WIOS,Tebelian Airport,ID,Sintang,-0.045214,111.458049,97
SQJ,ZSSM,Sanming Shaxian Airport,CN,Sanming (Sha),26.4263,117.8336,830
SQL,KSQL,San Carlos Airport,US,San Carlos,37.51313,-122.250838,5
SQO,ESUD,Storuman Airport,SE,Storuman,64.960899,17.6966,915
SQQ,EYSA,Šiauliai International Airport,LT,Šiauliai,55.89390182495117,23.395000457763672,443
SQW,EKSV,Skive Airport,DK,Skive,56.550201,9.17298,74
SRA,SSZR,Luis Alberto Lehr Airport,BR,Santa Rosa,-27.90658,-54.520628,1014
SRE,SLAL,Alcantarí International Airport,BO,Sucre,-19.246835,-65.149611,10184
SRG,WAHS,Jenderal Ahmad Yani Airport,ID,Semarang,-6.970732,110.373244,10
SRL,SRL,Palo Verde Airport,MX,Mulegé,27.0927,-112.0985,127
SRP,ENSO,"Stord Airport, Sørstokken",NO,Leirvik,59.791901,5.34085,160
SRQ,KSRQ,Sarasota Bradenton International Airport,US,Sarasota/Bradenton,27.394631,-82.554359,30
SRT,HUSO,Soroti Airport,UG,Soroti,1.7276899814605713,33.622798919677734,3697
SRV,SRV,Stony River 2 Airport,US,Stony River,61.7897,-156.589005,230
SRX,HLGD,Sirt International Airport / Ghardabiya Airbase,LY,Sirt,31.058578,16.597095,267
SRY,OINZ,Sari Dasht-e Naz International Airport,IR,Sari,36.644408,53.188761,35
SRZ,SLET,El Trompillo Airport,BO,Santa Cruz,-17.8115997314,-63.1715011597,1371
SSA,SBSV,Deputado Luiz Eduardo Magalhães International Airport,BR,Salvador,-12.908611,-38.322498,64
SSC,KSSC,Shaw Air Force Base,US,Sumter,33.972698,-80.470596,241
SSE,VASL,Solapur Airport,IN,Solapur,17.6280002594,75.93479919430001,1584
SSF,KSSF,Stinson Municipal Airport,US,San Antonio,29.336999893188,-98.471099853516,577
SSG,FGSL,Malabo International Airport,GQ,Malabo,3.75527,8.70872,76
SSH,HESH,Sharm El Sheikh International Airport,EG,Sharm El Sheikh,27.977272,34.394717,191
SSI,KSSI,St Simons Island Airport,US,St Simons Island,31.1518,-81.391296,19
SSJ,ENST,"Sandnessjøen Airport, Stokka",NO,Alstahaug,65.956802,12.4689,56
SSN,RKSM,Seoul Air Base (K-16),KR,Seongnam,37.444744,127.112718,92
SSR,NVSH,Sara Airport,VU,Pentecost Island,-15.4708003998,168.151992798,493
SST,SAZL,Santa Teresita Airport,AR,Santa Teresita,-36.5423,-56.7218,9
SSW,7WA5,Stuart Island Airpark,US,Friday Harbor,48.673379,-123.175439,10
SSY,FNBC,Mbanza Congo Airport,AO,Mbanza Congo,-6.269899845123291,14.246999740600586,1860
SSZ,SBST,Santos Nero Moura Air Base / Guarujá Airport,BR,Guarujá,-23.928192,-46.300195,13
STA,EKVJ,Stauning Vestjylland  Airport,DK,Skjern,55.990101,8.35391,17
STB,SVSZ,Miguel Urdaneta Fernández Airport,VE,San Carlos del Zulia,8.97455,-71.943253,32
STC,KSTC,Saint Cloud Regional Airport,US,Saint Cloud,45.5466,-94.059898,1031
STD,SVSO,Mayor Buenaventura Vivas International Airport,VE,Santo Domingo,7.56538,-72.035103,1083
STG,PAPB,St George Airport,US,St George,56.577345,-169.663823,125
STI,MDST,Cibao International Airport,DO,Santiago,19.40406,-70.604431,565
STJ,KSTJ,Rosecrans Memorial Airport,US,St Joseph,39.771900177002,-94.909698486328,826
STL,KSTL,St. Louis Lambert International Airport,US,St Louis,38.748697,-90.370003,618
STM,SBSN,Santarém - Maestro Wilson Fonseca International Airport,BR,Santarém,-2.422423,-54.79306,198
STN,EGSS,London Stansted Airport,GB,"London, Essex",51.884998,0.235,348
STP,KSTP,Saint Paul Downtown Holman Field,US,Saint Paul,44.93479,-93.060036,705
STR,EDDS,Stuttgart Airport,DE,Stuttgart,48.689899,9.22196,1276
STS,KSTS,Charles M. Schulz Sonoma County Airport,US,Santa Rosa,38.50899887,-122.8130035,128
STT,TIST,Cyril E. King Airport,VI,Charlotte Amalie,18.337091,-64.977251,23
STV,VASU,Surat International Airport,IN,Surat,21.115531,72.743251,16
STW,URMT,Stavropol Shpakovskoye Airport,RU,Stavropol,45.10919952392578,42.11280059814453,1486
STX,TISX,Henry E. Rohlsen Airport,VI,Christiansted,17.701413,-64.802608,74
STY,SUSO,Nueva Hesperides International Airport,UY,Salto,-31.438499,-57.985298,187
SUB,WARR,Juanda International Airport,ID,Surabaya,-7.37983,112.787003,9
SUF,LICA,Lamezia Terme Sant'Eufemia International Airport,IT,Lamezia Terme (CZ),38.906214,16.246007,39
SUG,RPMS,Surigao Airport,PH,Surigao City,9.755838325629998,125.480947495,20
SUI,UGSS,Vladislav Ardzinba Sukhum International Airport,GE,Sukhumi,42.8582,41.128101,53
SUJ,LRSM,Satu Mare International Airport,RO,Satu Mare,47.7033,22.8857,405
SUK,UEBS,Sakkyryr Airport,RU,Batagay-Alyta,67.792,130.394,1686
SUL,OPSU,Sui Airport,PK,Sui,28.645099639892578,69.1769027709961,763
SUN,KSUN,Friedman Memorial Airport,US,Hailey,43.50439835,-114.2959976,5318
SUR,CJV7,Summer Beaver Airport,CA,Summer Beaver,52.70859909057617,-88.54190063476562,832
SUS,KSUS,Spirit of St Louis Airport,US,St Louis,38.662102,-90.652,463
SUU,KSUU,Travis Air Force Base,US,Fairfield,38.262699,-121.927002,62
SUV,NFNA,Nausori International Airport,FJ,Nausori,-18.044226,178.561486,17
SUX,KSUX,Sioux Gateway Airport / Brigadier General Bud Day Field,US,Sioux City,42.397605,-96.382237,1098
SUY,UENS,Suntar Airport,RU,Suntar,62.185001373291,117.63500213623,452
SVA,PASA,Savoonga Airport,US,Savoonga,63.686401,-170.492996,53
SVB,FMNS,Sambava Airport,MG,Sambava,-14.2786,50.174702,20
SVC,KSVC,Grant County Airport,US,Silver City,32.636701,-108.154736,5446
SVD,TVSA,Argyle International Airport,VC,Kingstown,13.159725,-61.148801,136
SVG,ENZV,"Stavanger Airport, Sola",NO,Stavanger,58.876701,5.63778,29
SVI,SKSV,Eduardo Falla Solano Airport,CO,San Vicente Del Caguán,2.15217,-74.7663,920
SVJ,ENSH,"Svolvær Airport, Helle",NO,Svolvær,68.243301,14.6692,27
SVL,EFSA,Savonlinna Airport,FI,Savonlinna,61.9431,28.945101,311
SVN,KSVN,Hunter Army Air Field,US,Savannah,32.00999832,-81.14569855,41
SVO,UUEE,Sheremetyevo International Airport,RU,Moscow,55.976858,37.41121,622
SVP,FNKU,Kuito Airport,AO,Kuito,-12.404600143433,16.947399139404,5618
SVQ,LEZL,Seville Airport,ES,Seville,37.417999,-5.89311,112
SVS,SVS,Stevens Village Airport,US,Stevens Village,66.016727,-149.056835,328
SVU,NFNS,Savusavu Airport,FJ,Savusavu,-16.803394,179.340587,17
SVW,PASV,Sparrevohn LRRS Airport,US,Sparrevohn,61.09740067,-155.5740051,1585
SVX,USSS,Koltsovo Airport,RU,Yekaterinburg,56.743099212646,60.802700042725,764
SVZ,SVSA,Juan Vicente Gómez International Airport,VE,San Antonio del Tachira,7.840809,-72.439878,1312
SWA,ZGOW,Jieyang Chaoshan International Airport,CN,Jieyang (Rongcheng),23.552,116.5033,
SWC,YSWL,Stawell Airport,AU,,-37.07170104980469,142.74099731445312,807
SWD,PAWD,Seward Airport,US,Seward,60.130478,-149.418612,22
SWF,KSWF,New York Stewart International Airport,US,Newburgh,41.50421,-74.108901,491
SWH,YSWH,Swan Hill Airport,AU,,-35.37580108642578,143.5330047607422,234
SWL,RPSV,San Vicente Airport,PH,San Vicente,10.524298,119.272899,24
SWO,KSWO,Stillwater Regional Airport,US,Stillwater,36.162132,-97.085581,1000
SWQ,WADS,Sultan Muhammad Kaharuddin III Airport,ID,Sumbawa Besar,-8.48904,117.412003,16
SWS,EGFH,Swansea Airport,GB,Swansea,51.601366,-4.071006,299
SWT,UNSS,Strezhevoy Airport,RU,Strezhevoy,60.7094,77.660004,164
SWU,RKSW,Suwon Airport,KR,Suwon,37.239399,127.007004,88
SWV,UHMW,Severo-Evensk Airport,RU,Evensk,61.921786,159.229059,32
SWX,FBSW,Shakawe Airport,BW,Shakawe,-18.373899459838867,21.832599639892578,3379
SXB,LFST,Strasbourg Airport,FR,Strasbourg,48.5383,7.62823,505
SXE,YWSL,West Sale Airport,AU,Sale,-38.090827,146.965335,72
SXI,OIBS,Siri Airport,IR,Siri,25.908899,54.539398,43
SXJ,ZWSS,Shanshan Airport,CN,Shanshan,42.911701,90.247498,
SXK,WAPS,Mathilda Batlayeri Airport,ID,Saumlaki-Yamdena Island,-7.848354,131.337068,446
SXL,EISG,Sligo Airport,IE,Sligo,54.280200958252,-8.5992097854614,11
SXM,TNCM,Princess Juliana International Airport,SX,Sint Maarten,18.041,-63.108898,13
SXN,FBSN,Sua Pan Airport,BW,Sowa,-20.5534,26.115801,2985
SXP,SXP,Nunam Iqua Airport,US,Nunam Iqua,62.520599,-164.848006,12
SXQ,PASX,Soldotna Airport,US,Soldotna,60.474935,-151.038471,113
SXR,VISR,Sheikh ul Alam International Airport,IN,Srinagar,33.987099,74.7742,5429
SXV,VOSM,Salem Airport,IN,Salem,11.78330039978,78.06559753418,1008
SXZ,LTCL,Siirt Airport,TR,Siirt,37.97890090942383,41.84040069580078,2001
SYA,PASY,Eareckson Air Station,US,Shemya,52.71229935,174.1139984,95
SYD,YSSY,Sydney Kingsford Smith International Airport,AU,Sydney (Mascot),-33.946098,151.177002,21
SYJ,OIKY,Sirjan Airport,IR,Sirjan,29.5509,55.672699,5846
SYM,ZPSM,Pu'er Simao Airport,CN,Pu'er,22.793301,100.959,
SYO,RJSY,Shonai Airport,JP,Shonai,38.812199,139.787003,86
SYP,MPSA,Ruben Cantu Airport,PA,Santiago,8.085599899291992,-80.94529724121094,272
SYQ,MRPV,Tobías Bolaños International Airport,CR,San Jose,9.95705,-84.139801,3287
SYR,KSYR,Syracuse Hancock International Airport,US,Syracuse,43.11119842529297,-76.1063003540039,421
SYS,UERS,Saskylakh Airport,RU,Saskylakh,71.927902,114.080002,
SYT,LFLN,Saint-Yan Airport,FR,"L'Hôpital-le-Mercier, Saône-et-Loire",46.414019,4.014177,796
SYU,YWBS,Warraber Island Airport,AU,Sue Islet,-10.20829963684082,142.8249969482422,3
SYW,OPSN,Sehwan Sharif Airport,PK,Sehwan Sharif,26.473101,67.717201,121
SYX,ZJSY,Sanya Phoenix International Airport,CN,Sanya (Tianya),18.3029,109.412003,92
SYY,EGPO,Stornoway Airport,GB,"Stornoway, Western Isles",58.215599,-6.33111,26
SYZ,OISS,Shiraz Shahid Dastghaib International Airport,IR,Shiraz,29.5392,52.589802,4927
SZA,FNSO,Soyo Airport,AO,Soyo,-6.141089916229248,12.371800422668457,15
SZB,WMSA,Sultan Abdul Aziz Shah International Airport,MY,Subang,3.13058,101.549004,90
SZE,HASM,Semera Airport,ET,Semera,11.7875,40.9915,1390
SZF,LTFH,Samsun-Çarşamba Airport,TR,Samsun,41.253988,36.567546,18
SZG,LOWS,Salzburg Airport,AT,Salzburg,47.793301,13.0043,1411
SZH,ZBSG,Shuozhou Zirun Airport,CN,Shuozhou,39.273241,112.691552,
SZI,UASZ,Zaysan Airport,KZ,Zaysan,47.487491,84.887675,1877
SZJ,MUSN,Siguanea Airport,CU,Isla de la Juventud,21.6425,-82.955101,39
SZK,FASZ,Skukuza Airport,ZA,Skukuza,-24.96085,31.588587,1020
SZL,KSZL,Whiteman Air Force Base,US,Knob Noster,38.730301,-93.547897,870
SZV,ZSSZ,Suzhou Guangfu Airport,CN,Suzhou,31.2631,120.401001,
SZX,ZGSZ,Shenzhen Bao'an International Airport,CN,Shenzhen,22.639474,113.803262,13
SZY,EPSY,Olsztyn-Mazury Airport,PL,Szymany,53.481899,20.9377,463
SZZ,EPSC,Solidarity Szczecin–Goleniów Airport,PL,Szczecin(Glewice),53.584702,14.9022,154
TAB,TTCP,A.N.R. Robinson International Airport,TT,Scarborough,11.149571,-60.831298,38
TAC,RPVA,Daniel Z. Romualdez Airport,PH,Tacloban City,11.227761,125.027783,10
TAE,RKTN,Daegu International Airport,KR,Daegu,35.894394,128.656989,116
TAF,DAOL,Oran Tafraoui Airport,DZ,Tafraoui,35.5424,-0.532278,367
TAG,RPSP,Bohol-Panglao International Airport,PH,Panglao,9.573045,123.770143,42
TAH,NVVW,Whitegrass Airport,VU,Tanna Island,-19.455099,169.223999,19
TAI,OYTZ,Taiz International Airport,YE,Taiz,13.686,44.139099,4838
TAK,RJOT,Takamatsu Airport,JP,Takamatsu,34.214963,134.015454,607
TAL,PATA,Ralph M Calhoun Memorial Airport,US,Tanana,65.1744,-152.108994,236
TAM,MMTM,General Francisco Javier Mina International Airport,MX,Ciudad Madero,22.292622,-97.867058,80
TAO,ZSQD,Qingdao Jiaodong International Airport,CN,Qingdao (Jiaozhou),36.361953,120.088171,30
TAP,MMTP,Tapachula International Airport,MX,Tapachula,14.794549,-92.369871,97
TAR,LIBG,Taranto-Grottaglie Marcello Arlotta Airport,IT,Grottaglie,40.517502,17.4032,215
TAS,UZTT,Tashkent International Airport,UZ,Tashkent,41.2579,69.281197,1417
TAT,LZTT,Poprad-Tatry Airport,SK,Poprad,49.070994,20.241394,2356
TAY,EETU,Tartu Airport,EE,Tartu,58.307438,26.686473,220
TAZ,UTAT,Dashoguz International Airport,TM,Daşoguz,41.759853,59.836149,272
TBB,VVTH,Dong Tac Airport,VN,Tuy Hoa,13.0496,109.334,20
TBF,NGTE,Tabiteuea North Airport,KI,,-1.22447,174.776001,7
TBG,AYTB,Tabubil Airport,PG,Tabubil,-5.280471,141.227576,1570
TBH,RPVU,Tugdan Airport,PH,Tablas Island,12.3109998703,122.084999084,10
TBI,MYCB,New Bight Airport,BS,Cat Island,24.3153,-75.452301,5
TBJ,DTKA,Tabarka-Aïn Draham International Airport,TN,Tabarka,36.98,8.87694,230
TBM,WAGT,Tumbang Samba Airport,ID,Tumbang Samba-Borneo Island,-1.469024,113.080984,160
TBN,KTBN,Waynesville-St. Robert Regional Airport-Forney Field,US,Fort Leonard Wood,37.7416,-92.140701,1159
TBO,HTTB,Tabora Airport,TZ,Tabora,-5.07639,32.833302,3868
TBP,SPME,Captain Pedro Canga Rodríguez International Airport,PE,Tumbes,-3.552074,-80.381086,115
TBS,UGTB,Tbilisi International Airport,GE,Tbilisi,41.669201,44.9547,1624
TBT,SBTT,Tabatinga International Airport,BR,Tabatinga,-4.25567,-69.935799,263
TBU,NFTF,Fua'amotu International Airport,TO,Nuku'alofa,-21.241438,-175.149164,126
TBW,UUOT,Donskoye Airport,RU,Tambov,52.806099,41.4828,413
TBZ,OITT,Tabriz International Airport,IR,Tabriz,38.1339,46.235001,4459
TCA,YTNK,Tennant Creek Airport,AU,Tennant Creek,-19.6343994140625,134.18299865722656,1236
TCB,MYAT,Treasure Cay Airport,BS,Treasure Cay,26.745300293,-77.3912963867,8
TCC,KTCC,Tucumcari Municipal Airport,US,Tucumcari,35.182800293,-103.602996826,4065
TCD,SKRA,Tarapacá Airport,CO,Tarapacá,-2.895802,-69.749762,253
TCE,LRTC,Tulcea Danube Delta Airport,RO,Mihail Kogălniceanu,45.0625,28.7143,200
TCG,ZWTC,Tacheng Qianquan Airport,CN,Tacheng,46.672501,83.340797,
TCL,KTCL,Tuscaloosa National Airport,US,Tuscaloosa,33.2206,-87.611397,170
TCM,KTCM,McChord Air Force Base,US,Tacoma,47.137699,-122.475998,322
TCO,SKCO,La Florida Airport,CO,Tumaco,1.81442,-78.7492,8
TCP,HETB,Taba International Airport,EG,Taba,29.594496,34.775752,2425
TCQ,SPTN,Coronel FAP Carlos Ciriani Santa Rosa International Airport,PE,Tacna,-18.053300857500002,-70.2758026123,1538
TCR,VOTK,Tuticorin Airport,IN,Vagaikulam,8.724241,78.025803,129
TCS,KTCS,Truth or Consequences Municipal Airport,US,Truth or Consequences,33.2369,-107.272003,4853
TCT,PPCT,Takotna Airport,US,Takotna,62.993206,-156.029026,825
TCX,OIMT,Tabas Airport,IR,Tabas,33.667801,56.8927,2312
TCZ,ZPTC,Tengchong Tuofeng Airport,CN,Baoshan (Tengchong),24.938056,98.485833,6250
TDD,SLTR,Teniente Av. Jorge Henrich Arauz Airport,BO,Trinidad,-14.8187,-64.917999,509
TDG,RPMW,Tandag Airport,PH,Tandag,9.072002,126.17132,16
TDK,UAAT,Taldykorgan Airport,KZ,Taldykorgan,45.12255,78.442758,1925
TDL,SAZT,Héroes de Malvinas Airport,AR,Tandil,-37.234634,-59.228647,574
TDS,AYSS,Sasereme Airport,PG,Sasereme,-7.6217,142.868,121
TDX,VTBO,Trat Airport,TH,Laem Ngop,12.2746,102.319,105
TEA,MHTE,Tela Airport,HN,Tela,15.7759,-87.4758,7
TEB,KTEB,Teterboro Airport,US,Teterboro,40.850101,-74.060799,9
TEC,SBTL,Telêmaco Borba Airport,BR,Telêmaco Borba,-24.317801,-50.6516,2610
TED,EKTS,Thisted Airport,DK,Thisted,57.068802,8.70522,23
TEE,DABS,Cheikh Larbi Tébessi Airport,DZ,Tébessi,35.4315986633,8.12071990967,2661
TEF,YTEF,Telfer Airport,AU,,-21.715,122.228996,970
TEK,PAKA,Tatitlek Airport,US,Tatitlek,60.871449,-146.690297,62
TEM,YTEM,Temora Airport,AU,Temora,-34.421398,147.511993,921
TEN,ZUTR,Tongren Fenghuang Airport,CN,Tongren (Daxing),27.883333,109.308889,
TEQ,LTBU,Tekirdağ Çorlu Airport,TR,Çorlu,41.138199,27.9191,574
TER,LPLA,Lajes Airport,PT,Praia da Vitória,38.761799,-27.090799,180
TET,FQTT,Tete Airport,MZ,Tete,-16.104799,33.640202,525
TEU,NZMO,Manapouri Airport,NZ,,-45.5331,167.649994,687
TEV,LETL,Teruel Airport,ES,Teruel,40.410269,-1.217366,3380
TEX,KTEX,Telluride Regional Airport,US,Telluride,37.9538,-107.907997,9070
TEZ,VETZ,Tezpur Airport,IN,,26.7091007232666,92.78469848632812,240
TFF,SBTF,Tefé Airport,BR,Tefé,-3.38294,-64.724098,186
TFI,AYTU,Tufi Airport,PG,Tufi,-9.07595443726,149.319839478,85
TFN,GCXO,Tenerife Norte-Ciudad de La Laguna Airport,ES,Tenerife,28.482752,-16.341707,2076
TFS,GCTS,Tenerife Sur Airport,ES,Tenerife,28.0445,-16.5725,209
TFU,ZUTF,Chengdu Tianfu International Airport,CN,Chengdu (Jianyang),30.31252,104.441284,1440
TGA,WSAT,Tengah Air Base,SG,Western Water Catchment,1.387561,103.708291,50
TGD,LYPG,Podgorica Airport / Podgorica Golubovci Airbase,ME,Podgorica,42.359402,19.2519,141
TGG,WMKN,Sultan Mahmud Airport,MY,Kuala Terengganu,5.3826398849487305,103.10299682617188,21
TGH,NVST,Tongoa Airport,VU,Tongoa Island,-16.8910999298,168.550994873,443
TGJ,NWWA,Tiga Airport,NC,Tiga,-21.096407,167.80379,128
TGK,URRT,Taganrog Yuzhny Airport,RU,Taganrog,47.1983333,38.8491667,117
TGM,LRTM,Târgu Mureş Transilvania International Airport,RO,Recea,46.467701,24.4125,963
TGN,YLTV,Latrobe Valley Airport,AU,Morwell,-38.211004,146.470817,180
TGO,ZBTL,Tongliao Airport,CN,Tongliao,43.556702,122.199997,2395
TGP,UNIP,Podkamennaya Tunguska Airport,RU,Bor,61.589699,89.994003,213
TGQ,SWTS,Tangará da Serra Airport,BR,Tangará da Serra,-14.662,-57.443744,1473
TGR,DAUK,Touggourt Sidi Madhi Airport,DZ,Touggourt,33.067799,6.08867,279
TGT,HTTG,Tanga Airport,TZ,Tanga,-5.09236,39.071201,129
TGU,MHTG,Toncontín Airport,HN,Tegucigalpa,14.0609,-87.217201,3294
TGZ,MMTG,Angel Albino Corzo International Airport,MX,Tuxtla Gutiérrez,16.561611,-93.025731,1499
THD,VVTX,Tho Xuan Airport,VN,Thanh Hóa,19.901667,105.467778,59
THE,SBTE,Senador Petrônio Portela Airport,BR,Teresina,-5.06025,-42.823712,219
THG,YTNG,Thangool Airport,AU,Biloela,-24.494863,150.577967,644
THL,VYTL,Tachileik Airport,MM,Tachileik,20.483800888061523,99.9354019165039,1280
THN,ESGT,Trollhättan-Vänersborg Airport,SE,Trollhättan,58.31809997558594,12.345000267028809,137
THO,BITN,Þórshöfn Airport,IS,Þórshöfn,66.218459,-15.334739,65
THQ,ZLTS,Tianshui Maijishan Airport,CN,Tianshui (Maiji),34.5601,105.860343,3590
THR,OIII,Mehrabad International Airport,IR,Tehran,35.689175,51.314392,3962
THS,VTPO,Sukhothai Airport,TH,,17.238000869750977,99.81819915771484,179
THU,BGTL,Pituffik Space Base,GL,Pituffik,76.53063,-68.700541,251
THX,UOTT,Turukhansk Airport,RU,Turukhansk,65.797203,87.935303,128
THZ,DRRT,Tahoua Airport,NE,Tahoua,14.8757,5.26536,1266
TIA,LATI,Tirana International Airport Mother Teresa,AL,Rinas,41.4147,19.7206,126
TID,DAOB,Abdelhafid Boussouf Bou Chekif Airport,DZ,Tiaret,35.341099,1.46315,3245
TIE,HATP,Tippi Airport,ET,Tippi,7.2024,35.415,1100
TIF,OETF,Taif International Airport,SA,Taif,21.484739,40.544074,4848
TIH,NTGC,Tikehau Airport,PF,Tuherahera,-15.1196,-148.231003,6
TIJ,MMTJ,General Abelardo L. Rodriguez International Airport,MX,Tijuana,32.541043,-116.969976,489
TIK,KTIK,Tinker Air Force Base,US,Oklahoma City,35.4147,-97.386597,1291
TIM,WAYY,Mozes Kilangin Airport,ID,Timika,-4.52978,136.887388,103
TIN,DAOF,Tindouf Airport,DZ,Tindouf,27.7003993988,-8.167099952700001,1453
TIQ,PGWT,Francisco Manglona Borja / Tinian International Airport,MP,Tinian Island,14.999207,145.619355,271
TIR,VOTP,Tirupati International Airport,IN,Tirupati,13.631988,79.539869,350
TIU,NZTU,Timaru Airport,NZ,,-44.302799224853516,171.22500610351562,89
TIV,LYTV,Tivat Airport,ME,Tivat,42.404701,18.723301,20
TIW,KTIW,Tacoma Narrows Airport,US,Tacoma,47.267407,-122.577295,294
TIX,KTIX,Space Coast Regional Airport,US,Titusville,28.514799118042,-80.799201965332,34
TIZ,AYTA,Tari Airport,PG,Tari,-5.845,142.947998,5500
TJA,SLTJ,Capitan Oriel Lea Plaza Airport,BO,Tarija,-21.5557,-64.701302,6079
TJG,WAON,Warukin Airport,ID,Tanta-Tabalong,-2.21656,115.435997,197
TJH,RJBT,Konotori Tajima Airport,JP,Toyooka,35.512798,134.787003,584
TJI,MHTJ,Trujillo Airport,HN,Trujillo,15.926599,-85.938573,3
TJK,LTAW,Tokat Airport,TR,Tokat,40.32472,36.39056,1859
TJL,SBTG,Plínio Alarcom Airport,BR,Três Lagoas,-20.752643,-51.682026,1063
TJM,USTR,Roshchino International Airport,RU,Tyumen,57.178984,65.327696,378
TJQ,WIKT,H A S Hanandjoeddin International Airport,ID,Tanjung Pandan,-2.744109,107.754535,164
TJS,WAGD,Tanjung Harapan Airport,ID,Tanjung Selor-Borneo Island,2.838139,117.374584,20
TJU,UTDK,Kulob International Airport,TJ,Kulob,37.988098,69.805,2293
TKA,PATK,Talkeetna Airport,US,Talkeetna,62.320499420166,-150.09399414062,358
TKC,FKKC,Tiko Airport,CM,Tiko,4.08919000626,9.360529899600001,151
TKD,DGTK,Takoradi Airport,GH,Sekondi-Takoradi,4.896059989929199,-1.7747600078582764,21
TKF,KTRK,Truckee Tahoe Airport,US,Truckee,39.318628,-120.140562,5900
TKG,WILL,Radin Inten II International Airport,ID,Bandar Lampung,-5.246803,105.182531,282
TKH,VTPI,Takhli Royal Thai Air Force Base,TH,Takhli,15.2773,100.295998,107
TKJ,PFTO,Tok Junction Airport,US,Tok,63.32949829,-142.9539948,1639
TKK,PTKK,Chuuk International Airport,FM,Weno Island,7.46187,151.843002,11
TKM,RU-0056,Taksimo Airport,RU,Taksimo,56.361668,114.93,1634
TKN,RJKN,Tokunoshima Airport,JP,Amagi,27.836382,128.881356,17
TKP,NTGT,Takapoto Airport,PF,,-14.709500312805176,-145.24600219726562,12
TKQ,HTKA,Kigoma Airport,TZ,Kigoma,-4.8862,29.6709,2700
TKS,RJOS,Tokushima Awaodori Airport / JMSDF Tokushima Air Base,JP,Tokushima,34.132559,134.607816,26
TKT,VTPT,Tak Airport,TH,,16.896,99.253304,478
TKU,EFTU,Turku Airport,FI,Turku,60.514099,22.2628,161
TKV,NTGO,Tatakoto Airport,PF,Tatakoto,-17.355226,-138.44734,12
TKX,NTKR,Takaroa Airport,PF,,-14.45580005645752,-145.02499389648438,13
TLA,PATE,Teller Airport,US,Teller,65.240402,-166.339005,294
TLC,MMTO,Adolfo López Mateos International Airport,MX,Toluca,19.3369,-99.56583,8466
TLE,FMST,Toliara Airport,MG,Toliara,-23.3834,43.7285,29
TLH,KTLH,Tallahassee International Airport,US,Tallahassee,30.401209,-84.35433,81
TLI,WAFL,Sultan Bantilan Airport,ID,Toli Toli-Celebes Island,1.123428,120.793658,17
TLJ,PATL,Tatalina LRRS Airport,US,Takotna,62.894401550299996,-155.977005005,964
TLL,EETN,Lennart Meri Tallinn Airport,EE,Tallinn,59.413246,24.83264,131
TLM,DAON,Zenata – Messali El Hadj Airport,DZ,Zenata,35.012732,-1.457117,814
TLN,LFTH,Toulon-Hyères Airport,FR,"Hyères, Var",43.097301,6.14603,7
TLQ,ZWTL,Turpan Jiaohe Airport,CN,Turpan,43.0308,89.0987,934
TLS,LFBO,Toulouse-Blagnac Airport,FR,Toulouse/Blagnac,43.629101,1.36382,499
TLT,TLT,Tuluksak Airport,US,Tuluksak,61.086973,-160.922842,30
TLU,SKTL,Golfo de Morrosquillo Airport,CO,Santiago de Tolú,9.50945,-75.5854,16
TLV,LLBG,Ben Gurion International Airport,IL,Tel Aviv,32.011398,34.8867,135
TLX,SCTL,Panguilemo Airport,CL,Talca,-35.3778,-71.6017,371
TLY,UHWP,Plastun Airport,RU,Plastun,44.814999,136.292007,66
TMB,KTMB,Miami Executive Airport,US,Miami,25.6479,-80.4328,8
TMC,WATK,Tambolaka Airport,ID,Radamata,-9.409224,119.242558,161
TME,SKTM,Gustavo Vargas Airport,CO,Tame,6.45108,-71.7603,1050
TMF,VRNT,Thimarafushi Airport,MV,Thimarafushi,2.211,73.1533,6
TMG,WBKM,Tomanggong Airport,MY,Tomanggong,5.40257,118.65763,26
TMH,WAKT,Tanah Merah Airport,ID,Tanah Merah,-6.09669,140.303521,57
TMI,VNTR,Tumling Tar Airport,NP,Tumling Tar,27.315001,87.193298,1700
TMJ,UZST,Termez Airport,UZ,Termez,37.287261,67.311869,1027
TML,DGLE,Yakubu Tali International Airport,GH,Tamale,9.553909,-0.86606,553
TMM,FMMT,Toamasina Ambalamanasy Airport,MG,Toamasina,-18.113537,49.392262,22
TMO,SVTM,Tumeremo Airport,VE,,7.24938,-61.52893,345
TMP,EFTP,Tampere-Pirkkala Airport,FI,Tampere / Pirkkala,61.414101,23.604401,390
TMR,DAAT,Aguenar – Hadj Bey Akhamok Airport,DZ,Tamanrasset,22.810992,5.450832,4518
TMS,FPST,São Tomé International Airport,ST,São Tomé,0.378175,6.71215,33
TMT,SBTB,Trombetas Airport,BR,Oriximiná,-1.4896,-56.396801,167
TMW,YSTW,Tamworth Airport,AU,Tamworth,-31.077898,150.845484,1334
TMX,DAUT,Timimoun Airport,DZ,Timimoun,29.237101,0.276033,1027
TNA,ZSJN,Jinan Yaoqiang International Airport,CN,Jinan (Licheng),36.857201,117.216003,76
TNC,PATC,Tin City Long Range Radar Station Airport,US,Tin City,65.563103,-167.921997,271
TND,MUTD,Alberto Delgado Airport,CU,Trinidad,21.7883,-79.9972,125
TNE,RJFG,New Tanegashima Airport,JP,Tanegashima,30.605100631699997,130.990997314,768
TNF,LFPN,Toussus-le-Noble Airport,FR,"Toussus-le-Noble, Yvelines",48.7519,2.10619,538
TNG,GMTT,Tangier Ibn Battuta Airport,MA,Tangier,35.731741,-5.921459,62
TNH,ZYTN,Tonghua Sanyuanpu Airport,CN,Tonghua,42.048435,125.733963,1347
TNJ,WIDN,Raja Haji Fisabilillah International Airport,ID,Tanjung Pinang-Bintan Island,0.92397,104.53341,52
TNK,4KA,Tununak Airport,US,Tununak,60.569638,-165.246649,14
TNN,RCNN,Tainan International Airport / Tainan Air Base,TW,Tainan (Rende),22.950399,120.206001,63
TNR,FMMI,Ivato International Airport,MG,Antananarivo,-18.7969,47.478802,4198
TNW,SEJD,Jumandy Airport,EC,Ahuano,-1.060185,-77.580525,1234
TOD,WMBT,Tioman Airport,MY,Tioman Island,2.81818,104.160004,15
TOE,DTTZ,Tozeur Nefta International Airport,TN,Tozeur,33.939701080322266,8.110560417175293,287
TOF,UNTT,Tomsk Kamov Airport,RU,Tomsk,56.380299,85.208298,597
TOG,PATG,Togiak Airport,US,Togiak Village,59.052799,-160.397003,21
TOI,KTOI,Troy Municipal Airport at N Kenneth Campbell Field,US,Troy,31.860399,-86.012101,398
TOJ,LETO,Madrid–Torrejón Airport / Torrejón Air Base,ES,Madrid,40.487875,-3.456808,2026
TOL,KTOL,Eugene F. Kranz Toledo Express Airport,US,Toledo,41.5868,-83.8078,683
TOM,GATB,Tombouktou Airport,ML,Timbuktu,16.730499,-3.00758,863
TOP,KTOP,Philip Billard Municipal Airport,US,Topeka,39.069899,-95.622606,881
TOQ,SCBE,Barriles Airport,CL,Tocopilla,-22.1411,-70.062897,3475
TOS,ENTC,Tromsø Airport,NO,Tromsø,69.683296,18.9189,31
TOU,NWWU,Touho Airport,NC,Touho,-20.790127,165.259524,10
TOW,SBTD,Toledo - Luiz Dalcanale Filho Municipal Airport,BR,Toledo,-24.6863,-53.697498,1843
TOY,RJNT,Toyama Kitokito Airport,JP,Toyama,36.648416,137.187359,95
TPA,KTPA,Tampa International Airport,US,Tampa,27.9755,-82.533203,26
TPC,SETR,Tarapoa Airport,EC,Tarapoa,-0.122956,-76.337799,814
TPE,RCTP,Taiwan Taoyuan International Airport,TW,Taoyuan,25.0777,121.233002,106
TPH,KTPH,Tonopah Airport,US,Tonopah,38.06019974,-117.086998,5430
TPI,AYTI,Tapini Airport,PG,Tapini,-8.35666666667,146.989166667,3100
TPJ,VNTJ,Taplejung Airport,NP,Taplejung,27.3509,87.69525,7990
TPL,KTPL,Draughon Miller Central Texas Regional Airport,US,Temple,31.1525,-97.407799,682
TPP,SPST,Cadete FAP Guillermo Del Castillo Paredes Airport,PE,Tarapoto,-6.508739948272705,-76.37319946289062,869
TPQ,MMEP,Amado Nervo National Airport,MX,Tepic,21.419833,-104.842472,3020
TPS,LICT,Vincenzo Florio Airport Trapani-Birgi,IT,Trapani (TP),37.9114,12.488,25
TQD,ORAT,Al Taqaddum Air Base,IQ,Al Habbaniyah,33.33810043335,43.597099304199,275
TQO,MMTL,Felipe Carrillo Puerto International Airport Tulum,MX,Tulum,20.172098,-87.660272,66
TQS,SKTQ,Captain Ernesto Esguerra Cubides Air Base,CO,Tres Esquinas,0.7459,-75.234,585
TRA,RORT,Tarama Airport,JP,Tarama,24.653793,124.675453,36
TRC,MMTC,Francisco Sarabia Tinoco International Airport,MX,Torreón,25.562265,-103.404608,3688
TRD,ENVA,"Trondheim Airport, Værnes",NO,Trondheim,63.457802,10.924,56
TRE,EGPU,Tiree Airport,GB,"Balemartine, Argyll and Bute",56.499199,-6.86917,38
TRF,ENTO,"Sandefjord Airport, Torp",NO,Sandefjord(Torp),59.186699,10.2586,286
TRG,NZTG,Tauranga Airport,NZ,Tauranga,-37.67190170288086,176.1959991455078,13
TRI,KTRI,Tri-Cities Regional TN/VA Airport,US,Blountville,36.475201,-82.407401,1519
TRK,WAQQ,Juwata International Airport / Suharnoko Harbani AFB,ID,Tarakan,3.325145,117.564169,23
TRM,KTRM,Jacqueline Cochran Regional Airport,US,Palm Springs,33.62670135498,-116.16000366211,-115
TRN,LIMF,Turin Airport,IT,Caselle Torinese (TO),45.200802,7.64963,989
TRO,YTRE,Taree Airport,AU,Taree,-31.888599,152.514008,38
TRQ,SBTK,Tarauacá Airport,BR,Tarauacá,-8.155534,-70.782985,646
TRR,VCCT,China Bay Airport,LK,Trincomalee,8.539159,81.18128,6
TRS,LIPQ,Trieste Airport,IT,Ronchi dei Legionari/Trieste,45.827862,13.466672,39
TRT,WAFB,Toraja Airport,ID,Toraja,-3.185833,119.91775,2884
TRU,SPRU,Capitán FAP Carlos Martínez de Pinillos International Airport,PE,Trujillo,-8.082382,-79.108821,106
TRV,VOTV,Thiruvananthapuram International Airport,IN,Thiruvananthapuram,8.481889,76.920029,15
TRW,NGTA,Bonriki International Airport,KI,South Tarawa,1.38164,173.147003,9
TRZ,VOTR,Tiruchirappalli International Airport,IN,Tiruchirappalli,10.762915,78.717741,288
TSA,RCSS,Taipei Songshan International Airport,TW,Taipei (Songshan),25.067244,121.552822,18
TSB,FYTM,Tsumeb Airport,NA,Tsumeb,-19.262079,17.732509,4353
TSF,LIPH,Treviso Airport,IT,Treviso (TV),45.648399,12.1944,59
TSJ,RJDT,Tsushima Airport,JP,Tsushima,34.2849006653,129.330993652,213
TSM,KSKX,Taos Regional Airport,US,Taos,36.452494,-105.67749,7095
TSN,ZBTJ,Tianjin Binhai International Airport,CN,Tianjin,39.124401092499994,117.346000671,10
TSR,LRTR,Timișoara Traian Vuia International Airport,RO,Timişoara,45.809898,21.3379,348
TST,VTST,Trang Airport,TH,Trang,7.50874,99.6166,67
TSV,YBTL,Townsville Airport / RAAF Base Townsville,AU,Townsville,-19.252904,146.766512,18
TTA,GMAT,Tan Tan Airport,MA,Tan Tan,28.447563,-11.161749,653
TTC,SCTT,Las Breas Airport,CL,Taltal,-25.564301,-70.3759,2580
TTD,KTTD,Portland Troutdale Airport,US,Portland,45.54940032959,-122.40100097656,39
TTE,WAEE,Sultan Babullah Airport,ID,Ternate,0.831012,127.381611,49
TTG,SAST,General Enrique Mosconi Airport,AR,Tartagal,-22.616877,-63.793015,1472
TTH,OOTH,Thumrait Air Base,OM,Thumrait,17.666,54.024601,1570
TTJ,RJOR,Tottori Sand Dunes Conan Airport,JP,Tottori,35.530058,134.165023,65
TTN,KTTN,Trenton Mercer Airport,US,Ewing Township,40.276699,-74.813499,213
TTS,FMNT,Tsaratanana Airport,MG,Tsaratanana,-16.751064,47.619016,1073
TTT,RCFN,Taitung Airport,TW,Taitung City,22.754856,121.101794,143
TTU,GMTN,Sania Ramel Airport,MA,Tétouan,35.594299,-5.32002,10
TUA,SETU,Lieutenant Colonel Luis A. Mantilla International Airport,EC,Tulcán,0.809506,-77.708099,9649
TUB,NTAT,Tubuai Airport,PF,,-23.365400314331055,-149.5240020751953,7
TUC,SANT,Teniente Benjamín Matienzo International Airport,AR,San Miguel de Tucumán,-26.837397,-65.104195,1493
TUD,GOTT,Tambacounda Airport,SN,Tambacounda,13.7368,-13.6531,161
TUF,LFOT,Tours Val de Loire Airport,FR,"Tours, Indre-et-Loire",47.432201,0.727606,357
TUG,RPUT,Tuguegarao Airport,PH,Tuguegarao City,17.6433676823,121.733150482,70
TUI,OETR,Turaif Domestic Airport,SA,Turaif,31.692188,38.731544,2803
TUK,OPTU,Turbat International Airport,PK,Turbat,25.984767,63.028856,498
TUL,KTUL,Tulsa International Airport,US,Tulsa,36.197084,-95.886225,677
TUM,YTMU,Tumut Aerodrome,AU,Tumut,-35.26832,148.240526,878
TUN,DTTA,Tunis Carthage International Airport,TN,Tunis,36.851002,10.2272,22
TUO,NZAP,Taupo Airport,NZ,Taupo,-38.73970031738281,176.08399963378906,1335
TUP,KTUP,Tupelo Regional Airport,US,Tupelo,34.26810073852539,-88.7698974609375,346
TUR,SBTU,Tucuruí Airport,BR,Tucuruí,-3.78601,-49.720299,830
TUS,KTUS,Tucson International Airport,US,Tucson,32.115004,-110.938053,2643
TUU,OETB,Prince Sultan bin Abdulaziz International Airport,SA,Tabuk,28.3711,36.624865,2551
TUV,SVTC,Tucupita Airport,VE,Tucupita,9.088994,-62.094173,16
TVC,KTVC,Cherry Capital Airport,US,Traverse City,44.741402,-85.582199,624
TVF,KTVF,Thief River Falls Regional Airport,US,Thief River Falls,48.065701,-96.184998,1119
TVL,KTVL,Lake Tahoe Airport,US,South Lake Tahoe,38.89390182495117,-119.99500274658203,6264
TVS,ZBSN,Tangshan Sannühe Airport,CN,Tangshan (Fengrun),39.7178,118.002625,50
TVT,UZTP,Tashkent-Khumo International Airport,UZ,Tashkent,41.312889,69.395535,1574
TVU,NFNM,Matei Airport,FJ,Matei,-16.690599,-179.876999,60
TVY,VYDW,Dawei Airport,MM,Dawei,14.1039,98.203598,84
TWA,A63,Twin Hills Airport,US,Twin Hills,59.074713,-160.274992,82
TWC,ZWTS,Tumxuk Tangwangcheng Airport,CN,Tumxuk,39.886663,79.233408,3566
TWF,KTWF,Joslin Field Magic Valley Regional Airport,US,Twin Falls,42.4818,-114.487999,4154
TWT,RPMN,Sanga Sanga Airport,PH,Bongao,5.048196,119.743338,15
TWU,WBKW,Tawau Airport,MY,Tawau,4.31338,118.12152,57
TWZ,NZUK,Pukaki Airport,NZ,Twitzel,-44.2350006104,170.117996216,1575
TXC,BY-0001,Orsha Airport - Balbasovo Air Base,BY,Orsha,54.439999,30.2967,620
TXE,WITK,Rembele Airport,ID,Takengon,4.72113,96.851943,4648
TXK,KTXK,Texarkana Regional Airport (Webb Field),US,Texarkana,33.453701,-93.990997,390
TXN,ZSTX,Huangshan Tunxi International Airport,CN,Huangshan,29.733299,118.255997,
TYB,YTIB,Tibooburra Airport,AU,,-29.451099,142.057999,584
TYF,ESST,Torsby Airport,SE,Torsby,60.1576,12.9913,393
TYL,SPYL,Captain Victor Montes Arias International Airport,PE,Talara,-4.57664,-81.254097,282
TYM,MYES,Staniel Cay Airport,BS,Staniel Cay,24.1691,-76.439102,5
TYN,ZBYN,Taiyuan Wusu International Airport,CN,Taiyuan,37.746899,112.627998,2575
TYR,KTYR,Tyler Pounds Regional Airport,US,Tyler,32.35409927368164,-95.40239715576172,544
TYS,KTYS,McGhee Tyson Airport,US,Knoxville/Maryville,35.811001,-83.994003,981
TZA,MZBE,Sir Barry Bowen Municipal Airport,BZ,Belize City,17.517239,-88.195775,8
TZL,LQTZ,Tuzla International Airport,BA,Dubrave Gornje,44.459858,18.723627,784
TZN,MYAK,Congo Town Airport,BS,Andros,24.158701,-77.589798,15
TZX,LTCG,Trabzon International Airport,TR,Trabzon,40.995098,39.7897,104
UAB,LTAG,İncirlik Air Base,TR,Sarıçam,37.002102,35.4259,238
UAH,NTMU,Ua Huka Airport,PF,Ua Huka,-8.936228,-139.554062,160
UAI,WPDB,"Commander in Chief of FALINTIL, Kay Rala Xanana Gusmão, International Airport",TL,Suai,-9.301856,125.286302,96
UAM,PGUA,Andersen Air Force Base,GU,Yigo,13.584,144.929998,627
UAP,NTMP,Ua Pou Airport,PF,Ua Pou,-9.35167,-140.078003,16
UAQ,SANU,Domingo Faustino Sarmiento Airport,AR,San Juan,-31.571501,-68.418198,1958
UAR,GMFB,Bouarfa Airport,MA,Bouarfa,32.514306,-1.983056,3630
UBA,SBUR,Mário de Almeida Franco Airport,BR,Uberaba,-19.765036,-47.964805,2655
UBB,YMAA,Mabuiag Island Airport,AU,Mabuiag Island,-9.950168,142.19523,
UBJ,RJDC,Yamaguchi Ube Airport,JP,Ube,33.93,131.279007,23
UBN,ZMCK,Ulaanbaatar Chinggis Khaan International Airport,MN,Ulaanbaatar (Sergelen),47.646916,106.819833,4482
UBP,VTUU,Ubon Ratchathani Airport,TH,Ubon Ratchathani,15.2512998581,104.870002747,406
UCB,ZBUC,Ulanqab Jining Airport,CN,Ulanqab,41.130266,113.107274,
UCT,UUYH,Ukhta Airport,RU,Ukhta,63.566898,53.804699,482
UDE,EHVK,Volkel Air Base,NL,Uden,51.657222,5.707778,72
UDI,SBUL,Ten. Cel. Aviador César Bombonato Airport,BR,Uberlândia,-18.883579,-48.225936,3094
UDJ,UKLU,Uzhhorod International Airport,UA,Uzhhorod,48.6343,22.263399,383
UDR,VAUD,Maharana Pratap Airport,IN,Udaipur,24.617700576799997,73.89610290530001,1684
UEL,FQQL,Quelimane Airport,MZ,Quelimane,-17.855499267578125,36.86909866333008,36
UEO,ROKJ,Kumejima Airport,JP,Kumejima,26.363445,126.71384,23
UET,OPQT,Quetta International Airport,PK,Quetta,30.2514,66.937798,5267
UFA,UWUU,Ufa International Airport,RU,Ufa,54.557499,55.874401,449
UGA,ZMBN,Bulgan Airport,MN,Bulgan,48.85499954223633,103.47599792480469,4311
UGC,UZNU,Urgench International Airport,UZ,Urgench,41.58274,60.64338,320
UGO,FNUG,Uige Airport,AO,Uige,-7.60307,15.0278,2720
UGU,ID-ZGP,Bilorai Airport,ID,Bilogai,-3.739503,137.031183,7348
UHE,LKKU,Kunovice Airport,CZ,Uherské Hradiště,49.0294,17.439699,581
UIB,SKUI,El Caraño Airport,CO,Quibdó,5.69076,-76.6412,204
UIH,VVPC,Phu Cat Airport,VN,Quy Nohn,13.955,109.042,80
UII,MHUT,Utila Airport,HN,Utila Island,16.1131,-86.880302,29
UIN,KUIN,Quincy Regional Airport Baldwin Field,US,Quincy,39.942699,-91.194603,768
UIO,SEQM,Mariscal Sucre International Airport,EC,Quito,-0.125399,-78.354306,7841
UIP,LFRQ,Quimper-Cornouaille Airport,FR,Quimper/Pluguffan,47.973031,-4.169655,297
UIT,MH-UIT,Jaluit Airport,MH,Jabor Jaluit Atoll,5.909213,169.637256,4
UJE,MH-0004,Ujae Atoll Airport,MH,Ujae Atoll,8.92806,165.761993,29
UKB,RJBE,Kobe Airport,JP,Kobe,34.632801,135.223999,22
UKE,VEUK,Utkela Airport,IN,Bhawanipatna,20.097778,83.183333,685
UKG,UEBT,Ust-Kuyga Airport,RU,Ust-Kuyga,70.011002,135.645004,327
UKI,KUKI,Ukiah Municipal Airport,US,Ukiah,39.125999,-123.200996,614
UKK,UASK,Oskemen International Airport,KZ,Ust-Kamenogorsk (Oskemen),50.035033,82.496057,939
UKS,UKFB,Sevastopol International Airport / Belbek Air Base,UA,Sevastopol,44.691822,33.57462,344
UKX,UITT,Ust-Kut Airport,RU,Ust-Kut,56.856701,105.730003,2188
ULA,SAWJ,Capitan D Daniel Vazquez Airport,AR,San Julian,-49.306816,-67.802596,203
ULD,FAUL,Prince Mangosuthu Buthelezi Airport,ZA,Ulundi,-28.3206005096,31.4165000916,1720
ULG,ZMUL,Ölgii Mongolei International Airport,MN,Ölgii,48.993301,89.922501,5732
ULH,OEAO,Al-Ula International Airport,SA,Al-Ula,26.483634,38.117048,2050
ULK,UERL,Lensk Airport,RU,Lensk,60.723594,114.825319,801
ULN,ZMUB,Buyant-Ukhaa International Airport,MN,Ulaanbaatar,47.843102,106.766998,4364
ULO,ZMUG,Ulaangom Airport,MN,Ulaangom,50.066588,91.938273,5676
ULP,YQLP,Quilpie Airport,AU,,-26.609176,144.253746,655
ULQ,SKUL,Heriberto Gíl Martínez Airport,CO,Tuluá,4.08836,-76.2351,3132
ULU,HUGU,Gulu Airport,UG,Gulu,2.8055601119995117,32.27180099487305,3510
ULV,UWLL,Ulyanovsk Baratayevka Airport,RU,Ulyanovsk,54.27016,48.225569,449
ULY,UWLW,Ulyanovsk Vostochny Airport,RU,Cherdakly,54.401001,48.8027,252
ULZ,ZMDN,Donoi Airport,MN,Uliastai,47.7093,96.5258,5800
UMB,ZM-0045,Kalumbila Airport,ZM,Kalumbila,-12.25358,25.44432,4354
UME,ESNU,Umeå Airport,SE,Umeå,63.791801,20.282801,24
UMS,UEMU,Ust-Maya Airport,RU,Ust-Maya,60.357437,134.43731,561
UMU,SSUM,Orlando de Carvalho Airport,BR,Umuarama,-23.7987,-53.313801,1552
UNA,SBTC,Una-Comandatuba Airport,BR,Una,-15.354358,-38.998729,23
UND,OAUZ,Kunduz Airport,AF,Kunduz,36.6651,68.910797,1457
UNG,AYKI,Kiunga Airport,PG,Kiunga,-6.1257100105285645,141.28199768066406,88
UNI,TVSU,Union Island International Airport,VC,Union Island,12.600135,-61.411945,16
UNK,PAUN,Unalakleet Airport,US,Unalakleet,63.888401,-160.798996,27
UNN,VTSR,Ranong Airport,TH,Ranong,9.77762,98.585503,57
UOL,WAFY,Buol - Pogogul Airport,ID,Buol,1.102318,121.413358,49
UOX,KUOX,University Oxford Airport,US,Oxford,34.384300231934,-89.536796569824,452
UPB,MUPB,Playa Baracoa Airport,CU,Havana,23.032801,-82.579399,102
UPG,WAAA,Sultan Hasanuddin International Airport,ID,Makassar,-5.075539,119.553702,47
UPL,MRUP,Upala Airport,CR,Upala,10.8922,-85.016197,184
UPN,MMPN,Uruapan - Licenciado y General Ignacio Lopez Rayon International Airport,MX,Uruapan,19.3967,-102.039001,5258
URA,UARR,Manshuk Mametova International Airport,KZ,Uralsk,51.151976,51.543652,125
URC,ZWWW,Ürümqi Tianshan International Airport,CN,Ürümqi,43.913584,87.479372,2125
URE,EEKE,Kuressaare Airport,EE,Kuressaare,58.22990036010742,22.50950050354004,14
URG,SBUG,Rubem Berta Airport,BR,Uruguaiana,-29.7822,-57.0382,256
URJ,USHU,Uray Airport,RU,Uray,60.103298,64.826698,190
URO,LFOP,Rouen Vallée de Seine Airport,FR,Boos,49.384887,1.179142,512
URS,UUOK,Kursk East Airport,RU,Kursk,51.7505989074707,36.29560089111328,686
URT,VTSB,Surat Thani Airport,TH,Surat Thani,9.13259983063,99.135597229,20
URY,OEGT,Gurayat Domestic Airport,SA,Gurayat,31.412413,37.278898,1672
USA,KJQF,Concord-Padgett Regional Airport,US,Concord,35.387798,-80.709099,705
USH,SAWH,Ushuaia - Malvinas Argentinas International Airport,AR,Ushuaia,-54.8433,-68.2958,102
USJ,UAAL,Usharal Airport,KZ,Usharal,46.190767,80.830922,1288
USK,UUYS,Usinsk Airport,RU,Usinsk,66.0047,57.367199,262
USM,VTSM,Samui International Airport,TH,Na Thon (Ko Samui Island),9.54779,100.061996,64
USN,RKPU,Ulsan Airport,KR,Ulsan,35.59349823,129.352005005,45
USQ,LTBO,Uşak Airport,TR,Uşak,38.681499,29.471701,2897
USR,UEMT,Ust-Nera Airport,RU,Ust-Nera,64.550003,143.115005,1805
UST,KSGJ,Northeast Florida Regional Airport,US,St Augustine,29.9592,-81.339798,10
USU,RPVV,Francisco B. Reyes (Busuanga) Airport,PH,Coron,12.121865,120.100801,148
UTH,VTUD,Udon Thani International Airport,TH,Udon Thani,17.386186,102.788577,579
UTI,EFUT,Utti Air Base,FI,Utti / Valkeala,60.8964,26.9384,339
UTK,03N,Utirik Airport,MH,Utirik Island,11.222219,169.851429,4
UTN,FAUP,Upington Airport,ZA,Upington,-28.400246,21.263592,2782
UTO,PAIM,Indian Mountain LRRS Airport,US,Utopia Creek,65.992798,-153.703995,1273
UTP,VTBU,U-Tapao–Rayong–Pattaya International Airport,TH,Rayong,12.6799,101.004997,42
UTS,UUYX,Ust-Tsylma Airport,RU,Ust-Tsylma,65.437294,52.200336,262
UTT,FAUT,K. D. Matanzima Airport,ZA,Mthatha,-31.546363184900002,28.6733551025,2400
UTW,FAQT,Queenstown Airport,ZA,Queenstown,-31.92020034790039,26.882200241088867,3637
UUA,UWKB,Bugulma Airport,RU,Bugulma,54.641184,52.800229,991
UUD,UIUU,Baikal International Airport,RU,Ulan Ude,51.808614,107.439652,1690
UUN,ZMBU,Baruun Urt Airport,MN,,46.660301208496094,113.28500366210938,3205
UUS,UHSS,Yuzhno-Sakhalinsk International Airport,RU,Yuzhno-Sakhalinsk,46.885461,142.717466,59
UVE,NWWV,Ouvéa Airport,NC,Ouvéa,-20.640932,166.573024,23
UVF,TLPL,Hewanorra International Airport,LC,Vieux Fort,13.7332,-60.952599,14
UVI,SSUV,José Cleto Airport,BR,União da Vitória,-26.233224,-51.066754,2467
UYL,HSNN,Nyala Airport,SD,Nyala,12.0535,24.9562,2106
UYN,ZLYL,Yulin Yuyang Airport,CN,Yulin,38.35971,109.590927,3891
UYU,SLUY,Joya Andina International Airport,BO,Quijarro,-20.441304,-66.857553,11136
UZC,LYUZ,Ponikve Airport,RS,Stapari,43.898899,19.697701,2966
UZR,UASU,Urzhar Airport,KZ,Urzhar,47.091786,81.668216,
UZU,SATU,Curuzu Cuatia Airport,AR,Curuzu Cuatia,-29.7706,-57.9789,229
VAA,EFVA,Vaasa Airport,FI,Vaasa,63.05023,21.762543,19
VAD,KVAD,Moody Air Force Base,US,Valdosta,30.9678001404,-83.1930007935,233
VAF,LFLU,Valence-Chabeuil Airport,FR,"Chabeuil, Drôme",44.9216,4.9699,525
VAG,SBVG,Major Brigadeiro Trompowsky Airport,BR,Varginha,-21.591375,-45.474116,3025
VAI,AYVN,Vanimo Airport,PG,Vanimo,-2.6926,141.3028,10
VAK,PAVA,Chevak Airport,US,Chevak,61.5409,-165.6005,75
VAL,SNVB,Valença Airport,BR,Valença,-13.2965,-38.992401,21
VAM,VRMV,Villa International Airport Maamigili,MV,Maamigili,3.471751,72.832633,6
VAN,LTCI,Van Ferit Melen Airport,TR,Van,38.46820068359375,43.332298278808594,5480
VAO,AGGV,Suavanao Airport,SB,Suavanao,-7.58556,158.731003,20
VAQ,UNIW,Vanavara Airport,RU,Vanavara,60.356229,102.309641,892
VAR,LBWN,Varna Airport,BG,Varna,43.232101,27.8251,230
VAS,LTAR,Sivas Nuri Demirağ Airport,TR,Sivas,39.813801,36.9035,5239
VAV,NFTV,Vava'u International Airport,TO,Vava'u Island,-18.5853,-173.962006,236
VAW,ENSS,"Vardø Airport, Svartnes",NO,Vardø,70.3554,31.044901,42
VBG,KVBG,Vandenberg Space Force Base,US,Lompoc,34.737301,-120.584,369
VBS,LIPO,Brescia Gabriele d'Annunzio Airport,IT,Montichiari (BS),45.428902,10.3306,355
VBV,NFVB,Vanua Balavu Airport,FJ,Vanua Balavu,-17.268999099731445,-178.9759979248047,76
VBY,ESSV,Visby Airport,SE,Visby,57.6628,18.346201,164
VCA,VVCT,Can Tho International Airport,VN,Can Tho,10.083397,105.709371,9
VCE,LIPZ,Venice Marco Polo Airport,IT,Venezia (VE),45.505299,12.3519,7
VCL,VVCA,Chu Lai Airport,VN,Tam Nghĩa,15.4033,108.706001,10
VCP,SBKP,Viracopos International Airport,BR,Campinas,-23.007404,-47.134502,2170
VCS,VVCS,Con Dao Airport,VN,Con Dao,8.73183,106.633003,20
VCT,KVCT,Victoria Regional Airport,US,Victoria,28.85260009765625,-96.91850280761719,115
VDC,SBVC,Glauber de Andrade Rocha Airport,BR,Vitória da Conquista,-14.907885,-40.914804,2940
VDE,GCHI,El Hierro Airport,ES,El Hierro Island,27.8148,-17.8871,103
VDH,VVDH,Dong Hoi Airport,VN,Dong Hoi,17.515,106.590556,59
VDM,SAVV,Gobernador Castello Airport,AR,Viedma / Carmen de Patagones,-40.8692,-63.0004,20
VDO,VVVD,Van Don International Airport,VN,Van Don,21.120693,107.41539,24
VDP,SVVP,Valle de La Pascua Airport,VE,,9.22202777863,-65.9935836792,410
VDR,SAOD,Villa Dolores Airport,AR,Villa Dolores,-31.9452,-65.146301,1847
VDS,ENVD,Vadsø Airport,NO,Vadsø,70.0653,29.8447,127
VDZ,PAVD,Valdez Pioneer Field,US,Valdez,61.132712,-146.246567,121
VEE,PAVE,Venetie Airport,US,Venetie,67.008698,-146.365997,574
VEL,KVEL,Vernal Regional Airport,US,Vernal,40.436214,-109.511661,5278
VEO,UNIS,Severo-Yeniseysk Airport,RU,Severo-Yeniseysk,60.373299,93.011703,1706
VER,MMVR,General Heriberto Jara International Airport,MX,Veracruz,19.139589,-96.188602,90
VEY,BIVM,Vestmannaeyjar Airport,IS,Vestmannaeyjar,63.42430114746094,-20.278900146484375,326
VFA,FVFA,Victoria Falls International Airport,ZW,Victoria Falls,-18.097437,25.836867,3490
VGA,VOBZ,Vijayawada International Airport,IN,Vijayawada,16.530011,80.804888,82
VGD,ULWW,Vologda Airport,RU,Vologda,59.282501,39.944401,387
VGO,LEVX,Vigo Airport,ES,Vigo,42.2318,-8.62677,856
VGT,KVGT,North Las Vegas Airport,US,Las Vegas,36.209074,-115.193982,2205
VHC,FNSA,Saurimo Airport,AO,Saurimo,-9.68907,20.4319,3584
VHM,ESNV,Vilhelmina South Lapland Airport,SE,Vilhelmina,64.579102,16.833599,1140
VHV,UENI,Verkhnevilyuisk Airport,RU,Verkhnevilyuisk,63.458057403564,120.26916503906,411
VHY,LFLV,Vichy-Charmeil Airport,FR,"Charmeil, Allier",46.16969,3.403637,817
VIE,LOWW,Vienna International Airport,AT,Vienna,48.110298,16.5697,600
VIG,SVVG,Juan Pablo Pérez Alfonso Airport,VE,El Vigía,8.624139,-71.672668,250
VII,VVVH,Vinh Airport,VN,Vinh,18.7376003265,105.67099762,23
VIJ,TUPW,Virgin Gorda Airport,VG,Spanish Town,18.446634,-64.427932,9
VIL,GMMH,Dakhla Airport,EH,Dakhla,23.7183,-15.932,36
VIN,UKWW,Vinnytsia/Gavyryshivka International Airport,UA,Vinnitsa,49.242531,28.613778,961
VIP,LSMP,Payerne Air Base,CH,Payerne,46.8432,6.91506,1465
VIR,FAVG,Virginia Airport,ZA,Durban,-29.770599,31.058399,20
VIS,KVIS,Visalia Municipal Airport,US,Visalia,36.318699,-119.392998,295
VIT,LEVT,Vitoria Airport,ES,Alava,42.882801,-2.72447,1682
VIX,SBVT,Eurico de Aguiar Salles International Airport,BR,Vitória,-20.258,-40.285,34
VIY,LFPV,Vélizy-Villacoublay Air Base,FR,"Vélizy-Villacoublay, Yvelines",48.774406,2.203102,584
VJB,FQXA,Xai-Xai Chongoene Airport,MZ,Xai-Xai,-24.892909,33.753024,291
VKG,VVRG,Rach Gia Airport,VN,Rach Gia,9.95802997234,105.132379532,7
VKO,UUWW,Vnukovo International Airport,RU,Moscow,55.591499,37.261501,685
VKT,UUYW,Vorkuta Airport,RU,Vorkuta,67.488602,63.993099,604
VKV,ULAH,Vaskovo Airport,RU,Arkhangelsk,64.441704,40.4217,82
VLC,LEVC,Valencia Airport,ES,Valencia,39.489162,-0.480961,240
VLD,KVLD,Valdosta Regional Airport,US,Valdosta,30.782499313354492,-83.27670288085938,203
VLG,SAZV,Villa Gesell Airport,AR,Villa Gesell,-37.2354,-57.0292,32
VLI,NVVV,Bauerfield International Airport,VU,Port Vila,-17.699301,168.320007,70
VLL,LEVD,Valladolid Airport,ES,Valladolid,41.7061,-4.85194,2776
VLM,SLVM,Teniente Coronel Rafael Pabón Airport,BO,Villamontes,-21.255199432399998,-63.4056015015,1305
VLN,SVVA,Arturo Michelena International Airport,VE,Valencia,10.149733,-67.928398,1411
VLR,SCLL,Vallenar Airport,CL,Vallenar,-28.596399,-70.755997,1725
VLS,NVSV,Valesdir Airport,VU,Epi Island,-16.796100616500002,168.177001953,10
VLU,ULOL,Velikiye Luki Airport,RU,Velikiye Luki,56.381066,30.607846,328
VLV,SVVL,Dr. Antonio Nicolás Briceño Airport,VE,Valera,9.340478,-70.584061,2060
VLY,EGOV,Anglesey Airport,GB,Angelsey,53.2481,-4.53534,37
VME,SAOR,Villa Reynolds Airport,AR,Villa Mercedes,-33.7299003601,-65.3873977661,1591
VMI,VMI,Aeropuerto Nacional Doctor Juan Plate,PY,Puerto Vallemi,-22.159371,-57.942395,280
VMU,AYBA,Baimuru Airport,PG,Baimuru,-7.496955,144.821756,27
VNE,LFRV,Vannes-Meucon Airport,FR,Vannes/Meucon,47.723301,-2.71856,446
VNO,EYVI,Vilnius International Airport,LT,Vilnius,54.634102,25.285801,648
VNS,VEBN,Lal Bahadur Shastri International Airport,IN,Varanasi,25.452171,82.862549,266
VNX,FQVL,Vilankulo Airport,MZ,Vilanculo,-22.018400192260742,35.31330108642578,46
VNY,KVNY,Van Nuys Airport,US,Van Nuys,34.209801,-118.489998,802
VOD,LKVO,Vodochody Airport,CZ,Vodochody,50.216599,14.3958,919
VOG,URWW,Volgograd International Airport,RU,Volgograd,48.78134,44.339194,482
VOH,FMNV,Vohemar Airport,MG,Vohemar,-13.3758,50.0028,19
VOK,KVOK,Volk Field,US,Camp Douglas,43.938999,-90.253403,912
VOL,LGBL,Nea Anchialos National Airport,GR,Nea Anchialos,39.219601,22.7943,83
VOZ,UUOO,Voronezh International Airport,RU,Voronezh,51.814324,39.230948,514
VPE,FNGI,Ngjiva Pereira Airport,AO,Ngiva,-17.0435009003,15.683799743700002,3566
VPN,BIVO,Vopnafjörður Airport,IS,Vopnafjörður,65.720596,-14.8506,16
VPS,KVPS,Destin-Fort Walton Beach Airport,US,Valparaiso,30.481315,-86.515839,87
VPY,FQCH,Chimoio Airport,MZ,Chimoio,-19.15130043029785,33.42900085449219,2287
VPZ,KVPZ,Porter County Municipal Airport,US,Valparaiso,41.45399857,-87.00710297,770
VQQ,KVQQ,Cecil Airport,US,Jacksonville,30.2187,-81.876701,81
VQS,TJVQ,Antonio Rivera Rodriguez Airport,PR,Vieques,18.1348,-65.493599,49
VRA,MUVR,Juan Gualberto Gomez International Airport,CU,Matanzas,23.034401,-81.435303,210
VRB,KVRB,Vero Beach Regional Airport,US,Vero Beach,27.6556,-80.417901,24
VRC,RPUV,Virac Airport,PH,Virac,13.576399803161621,124.20600128173828,121
VRE,FAVR,Vredendal Airport,ZA,Vredendal,-31.641000747680664,18.5447998046875,330
VRK,EFVR,Varkaus Airport,FI,Varkaus / Joroinen,62.171101,27.868601,286
VRL,LPVR,Vila Real Airport,PT,Vila Real,41.2743,-7.72047,1805
VRN,LIPX,Verona Villafranca Valerio Catullo Airport,IT,Caselle (VR),45.394955,10.887303,239
VRO,MUKW,Kawama Airport,CU,Santa Marta,23.124001,-81.301598,16
VRU,FAVB,Vryburg Airport,ZA,Vryburg,-26.982401,24.7288,3920
VSA,MMVA,Carlos Rovirosa Pérez International Airport,MX,Villahermosa,17.994283,-92.818199,46
VSE,LPVZ,Aerodromo Goncalves Lobato (Viseu Airport),PT,Viseu,40.725498,-7.88899,2060
VST,ESOW,Stockholm Västerås Airport,SE,Stockholm / Västerås,59.589401,16.6336,21
VSV,VISV,Shravasti Airport,IN,Shravasti,27.499732,82.032927,366
VTB,UMII,Vitebsk Vostochny Airport,BY,Vitebsk,55.126499176025,30.349599838257,682
VTE,VLVT,Wattay International Airport,LA,Vientiane,17.985052,102.566692,564
VTM,LLNV,Nevatim Air Base,IL,Beersheba,31.208299636799996,35.012298584,1330
VTN,KVTN,Miller Field,US,Valentine,42.856211,-100.549192,2596
VTU,MUVT,Hermanos Ameijeiras Airport,CU,Las Tunas,20.9876,-76.935799,328
VTZ,VOVZ,Visakhapatnam International Airport,IN,Visakhapatnam,17.723506,83.227729,15
VUP,SKVP,Alfonso López Pumarejo Airport,CO,Valledupar,10.435,-73.2495,483
VUS,ULWU,Velikiy Ustyug Airport,RU,Velikiy Ustyug,60.7883,46.259998,331
VVC,SKVV,Vanguardia Airport,CO,Villavicencio,4.16787,-73.6138,1394
VVI,SLVR,Viru Viru International Airport,BO,Santa Cruz,-17.6448,-63.135399,1224
VVO,UHWW,Vladivostok International Airport,RU,Artyom,43.396256,132.148155,59
VVZ,DAAP,Illizi Takhamalt Airport,DZ,Illizi,26.723499,8.62265,1778
VXC,FQLC,Lichinga Airport,MZ,Lichinga,-13.274,35.2663,4505
VXE,GVSV,Cesaria Evora International Airport,CV,São Pedro,16.833363,-25.055308,66
VXO,ESMX,Växjö Kronoberg Airport,SE,Växjö,56.929100036621094,14.727999687194824,610
VYI,UENW,Vilyuisk Airport,RU,Vilyuisk,63.756668,121.693336,361
WAA,PAIW,Wales Airport,US,Wales,65.622593,-168.095,22
WAE,OEWD,Wadi Al Dawasir Domestic Airport,SA,Wadi Al Dawasir,20.504299,45.1996,2062
WAG,NZWU,Wanganui Airport,NZ,Wanganui,-39.963467,175.02444,27
WAI,FMNW,Ambalabe Airport,MG,Antsohihy,-14.8988,47.9939,92
WAT,EIWF,Waterford Airport,IE,Waterford,52.187199,-7.08696,119
WAW,EPWA,Warsaw Chopin Airport,PL,Warsaw,52.165699,20.9671,362
WBB,WBB,Stebbins Airport,US,Stebbins,63.515999,-162.278,14
WBG,ETNS,Schleswig Air Base,DE,Jagel,54.459301,9.51633,70
WBM,AYWD,Wapenamanda Airport,PG,Wapenamanda,-5.635293,143.892231,5889
WBQ,PAWB,Beaver Airport,US,Beaver,66.362198,-147.406998,359
WCH,SCTN,Nuevo Chaitén Airport,CL,Chaitén,-42.781943,-72.834999,95
WDH,FYWH,Hosea Kutako International Airport,NA,Windhoek,-22.4799,17.4709,5640
WDN,90WA,Waldron Airstrip,US,Eastsound,48.71141,-123.018208,140
WDS,ZHSY,Shiyan Wudangshan Airport,CN,Shiyan (Maojian),32.592889,110.906296,
WEF,ZSWF,Weifang Nanyuan Airport,CN,Weifang (Kuiwen),36.646702,119.119003,
WEH,ZSWH,Weihai Dashuibo Airport,CN,Weihai,37.187099,122.228996,145
WEI,YBWP,Weipa Airport,AU,Weipa,-12.677493,141.922618,63
WFI,FMSF,Fianarantsoa Airport,MG,Fianarantsoa,-21.441601,47.111698,3658
WGA,YSWG,Wagga Wagga Airport,AU,Forest Hill,-35.163484,147.46832,724
WGE,YWLG,Walgett Airport,AU,,-30.032801,148.126007,439
WGN,ZGSY,Shaoyang Wugang Airport,CN,Shaoyang (Wugang),26.806123,110.641042,1444
WGP,WATU,Umbu Mehang Kunda Airport,ID,Waingapu-Sumba Island,-9.66922,120.302002,33
WGT,YWGT,Wangaratta Airport,AU,Laceby,-36.417914,146.306896,504
WHA,ZSWA,Wuhu Xuanzhou Airport,CN,Wuhu,31.1045,118.66687,80
WHB,YEWA,Eliwana,AU,,-22.428395,116.887879,1576
WHK,NZWK,Whakatāne Airport,NZ,Whakatāne,-37.922224,176.91696,20
WHN,CN-0178,Wuhan Hannan Municipal Airport,CN,Wuhan (Hannan),30.25521,114.062805,85
WIC,EGPC,Wick John O'Groats Airport,GB,Wick,58.4589,-3.09306,126
WIE,ETOU,Wiesbaden Army Airfield,DE,Wiesbaden,50.049800872802734,8.325400352478027,461
WIL,HKNW,Nairobi Wilson Airport,KE,Nairobi,-1.32172,36.8148,5536
WIN,YWTN,Winton Airport,AU,,-22.36359977722168,143.08599853515625,638
WIR,NZWO,Wairoa Airport,NZ,Wairoa,-39.011862,177.404401,42
WJF,KWJF,General William J Fox Airfield,US,Lancaster,34.7411,-118.219002,2351
WJR,HKWJ,Wajir Airport,KE,Wajir,1.73324,40.091599,770
WJU,RKNW,Wonju Airport / Hoengseong Air Base (K-38/K-46),KR,Wonju,37.437113,127.960051,329
WKA,NZWF,Wanaka Airport,NZ,Wanaka,-44.722091,169.246287,1142
WKB,YWKB,Warracknabeal Airport,AU,,-36.32109832763672,142.41900634765625,397
WKF,FAWK,Waterkloof Air Force Base,ZA,Pretoria,-25.829999923699997,28.222499847399998,4940
WKJ,RJCW,Wakkanai Airport,JP,Wakkanai,45.4042015076,141.800994873,30
WKK,5A8,Aleknagik / New Airport,US,Aleknagik,59.2826004028,-158.617996216,66
WLG,NZWN,Wellington International Airport,NZ,Wellington,-41.326839,174.806862,41
WLH,NVSW,Walaha Airport,VU,Walaha,-15.412,167.690994,151
WLK,PASK,Selawik Airport,US,Selawik,66.600098,-159.985992,17
WLS,NLWW,Hihifo Airport,WF,Wallis Island,-13.239445,-176.19865,79
WMC,KWMC,Winnemucca Municipal Airport,US,Winnemucca,40.8965988159,-117.805999756,4308
WME,YMNE,Mount Keith Airport,AU,,-27.28733,120.554937,1792
WMH,KBPK,Ozark Regional Airport,US,Mountain Home,36.3689002991,-92.47049713130001,928
WMI,EPMO,Warsaw Modlin Airport,PL,Nowy Dwór Mazowiecki,52.451099,20.6518,341
WMN,FMNR,Maroantsetra Airport,MG,Maroantsetra,-15.437742,49.689081,9
WMO,PAWM,White Mountain Airport,US,White Mountain,64.689201,-163.412994,267
WMR,FMNC,Mananara Nord Airport,MG,Mananara Nord,-16.1639,49.7738,9
WMT,ZUMT,Zunyi Maotai Airport,CN,Zunyi,27.961837,106.435416,4068
WMX,WAVV,Wamena Airport,ID,Wamena,-4.097324,138.952417,5435
WNA,PANA,Napakiak Airport,US,Napakiak,60.6903,-161.979004,17
WNH,ZPWS,Wenshan Puzhehei Airport,CN,Wenshan,23.5583,104.3255,5217
WNI,WAWD,Matahora Airport,ID,Wangi-wangi Island,-5.292123,123.636233,88
WNN,CKL3,Wunnumin Lake Airport,CA,Wunnumin Lake,52.893902,-89.2892,819
WNP,RPUN,Naga Airport,PH,Naga,13.58489990234375,123.2699966430664,142
WNR,YWDH,Windorah Airport,AU,Windorah,-25.410641,142.668428,452
WNS,OPNH,Shaheed Benazirabad Airport,PK,Nawabashah,26.2194,68.390099,95
WNZ,ZSWZ,Wenzhou Longwan International Airport,CN,Wenzhou (Longwan),27.910572,120.853465,13
WOE,EHWO,Woensdrecht Air Base,NL,Hoogerheide,51.4491,4.34203,63
WOL,YSHL,Shellharbour Airport,AU,Albion Park Rail,-34.5611,150.789001,31
WOS,ZKWS,Wonsan Kalma Airport,KP,Wonsan,39.165219,127.487931,7
WPC,CZPC,Pincher Creek Airport,CA,Pincher Creek,49.520429,-113.997002,3903
WPR,SCFM,Captain Fuentes Martinez Airport,CL,Porvenir,-53.2537,-70.319199,104
WPU,SCGZ,Guardia Marina Zañartu Airport,CL,Puerto Williams,-54.931099,-67.626297,88
WRB,KWRB,Robins Air Force Base,US,Warner Robins,32.640099,-83.591904,294
WRE,NZWR,Whangarei Airport,NZ,Whangarei,-35.769253,174.363713,133
WRG,PAWG,Wrangell Airport,US,Wrangell,56.48429871,-132.3699951,49
WRI,KWRI,Mc Guire Air Force Base,US,Wrightstown,40.0155983,-74.59169769,131
WRL,KWRL,Worland Municipal Airport,US,Worland,43.965698,-107.950996,4227
WRO,EPWR,Copernicus Wrocław Airport,PL,Wrocław,51.103719,16.882096,404
WRT,EGNO,Warton Aerodrome,GB,Warton,53.745098,-2.88306,55
WRY,EGEW,Westray Airport,GB,"Westray, Orkney Islands",59.350475,-2.950062,29
WSI,YSWS,Western Sydney International (Nancy-Bird Walton) Airport,AU,Sydney,-33.883461,150.712981,262
WSK,ZUWS,Chongqing Wushan Airport,CN,Wushan,31.06896,109.708958,
WSN,PFWS,South Naknek Number 2 Airport,US,South Naknek,58.702362,-157.005444,162
WST,KWST,Westerly State Airport,US,Westerly,41.349602,-71.803398,81
WSZ,NZWS,Westport Airport,NZ,Westport,-41.737111,171.579033,13
WTA,FMMU,Tambohorano Airport,MG,Tambohorano,-17.476101,43.972801,23
WTB,YBWW,Toowoomba Wellcamp Airport,AU,Toowoomba,-27.558332,151.793335,1509
WTE,MH-WTE,Wotje Airport,MH,Wotje,9.458333,170.238611,4
WTK,PAWN,Noatak Airport,US,Noatak,67.561241,-162.980461,88
WTL,A61,Tuntutuliak Airport,US,Tuntutuliak,60.351243,-162.654476,16
WTN,EGXW,RAF Waddington,GB,"Lincoln, Lincolnshire",53.166199,-0.523811,231
WTO,MH-WTO,Wotho Island Airport,MH,Wotho Island,10.1733,166.003006,
WUA,ZBUH,Wuhai Airport,CN,Wuhai,39.7934,106.7993,3650
WUH,ZHHH,Wuhan Tianhe International Airport,CN,Wuhan (Huangpi),30.774798,114.213723,113
WUN,YWLU,Wiluna Airport,AU,,-26.632691,120.221906,1649
WUS,ZSWY,Nanping Wuyishan Airport,CN,Wuyishan,27.7019,118.000999,614
WUT,ZBXZ,Xinzhou Wutaishan Airport,CN,Xinzhou,38.597456,112.969173,2527
WUU,HSWW,Wau Airport,SS,Wau,7.72583,27.975,1529
WUX,ZSWX,Sunan Shuofang International Airport,CN,Wuxi,31.496952,120.43038,24
WUZ,ZGWZ,Wuzhou Xijiang Airport,CN,Tangbu,23.40316,111.09331,357
WVB,FYWB,Walvis Bay International Airport,NA,Walvis Bay(Rooikop),-22.979332,14.647102,299
WVK,FMSK,Manakara Airport,MG,Manakara,-22.119699,48.021702,33
WWA,PAWS,Wasilla Airport,US,Wasilla,61.571701,-149.539993,354
WWD,KWWD,Cape May County Airport,US,Wildwood,39.008499145500004,-74.9083023071,23
WWK,AYWK,Wewak International Airport,PG,Wewak,-3.58383011818,143.669006348,19
WWR,KWWR,West Woodward Airport,US,Woodward,36.438,-99.5226667,2189
WWT,PAEW,Mertarvik Airport,US,Mertarvik,60.81037,-164.499511,346
WWY,YWWL,West Wyalong Airport,AU,West Wyalong,-33.9371986389,147.190994263,859
WXN,ZUWX,Wanzhou Wuqiao Airport,CN,Wanzhou,30.8017,108.433,
WYA,YWHA,Whyalla Airport,AU,Whyalla,-33.05889892578125,137.51400756835938,41
WYE,GFYE,Yengema Airport,SL,Yengema,8.61047,-11.0454,1300
WYS,KWYS,Yellowstone Airport,US,West Yellowstone,44.6884,-111.117996,6649
XAI,ZHXY,Xinyang Minggang Airport,CN,Xinyang,32.540819,114.079141,312
XAP,SBCH,Serafin Enoss Bertaso Airport,BR,Chapecó,-27.134199,-52.656601,2154
XBE,CNE3,Bearskin Lake Airport,CA,Bearskin Lake,53.965599060058594,-91.0271987915039,800
XBJ,OIMB,Birjand International Airport,IR,Birjand,32.896525,59.281258,4952
XCH,YPXM,Christmas Island International Airport,CX,Flying Fish Cove,-10.450387,105.6911,916
XCR,LFOK,Chalons Vatry airport,FR,Chalons en Champagne,48.77333,4.20611,587
XEN,ZYXC,Xingcheng Air Base,CN,Huludao (Xingcheng),40.580328,120.700374,30
XFN,ZHXF,Xiangyang Liuji Airport,CN,Xiangyang (Xiangzhou),32.152222,112.291666,234
XFW,EDHI,Hamburg-Finkenwerder Airport,DE,Hamburg,53.535278,9.835556,23
XGN,FNXA,Xangongo Airport,AO,Xangongo,-16.755399703979492,14.965299606323242,3635
XGR,CYLU,Kangiqsualujjuaq (Georges River) Airport,CA,Kangiqsualujjuaq,58.711399,-65.992798,215
XIC,ZUXC,Xichang Qingshan Airport,CN,Liangshan (Xichang),27.9891,102.183998,5112
XIJ,OKAJ,Ahmed Al Jaber Air Base,KW,Ahmed Al Jaber AB,28.9347991943,47.791900634799994,409
XIL,ZBXH,Xilinhot Airport,CN,Xilinhot,43.91559982299805,115.96399688720703,
XIY,ZLXY,Xi'an Xianyang International Airport,CN,Xi'an,34.442207,108.762385,1572
XJD,OTBH,Al Udeid Air Base,QA,Ar Rayyan,25.1173000336,51.3149986267,130
XJM,OPMA,Mangla Airport,PK,Mangla,33.05009841918945,73.63839721679688,902
XKH,VLXK,Xieng Khouang Airport,LA,Xieng Khouang,19.450001,103.157997,3445
XKS,CYAQ,Kasabonika Airport,CA,Kasabonika,53.52470016479492,-88.6427993774414,672
XLB,CZWH,Lac Brochet Airport,CA,Lac Brochet,58.614279,-101.468954,1211
XLS,GOSS,Saint Louis Airport,SN,Saint Louis,16.049814,-16.461039,9
XMH,NTGI,Manihi Airport,PF,,-14.436800003051758,-146.07000732421875,14
XMN,ZSAM,Xiamen Gaoqi International Airport,CN,Xiamen,24.543889,118.127454,59
XMS,SEMC,Coronel E Carvajal Airport,EC,Macas,-2.2991700172424316,-78.12079620361328,3452
XMY,YYMI,Yam Island Airport,AU,Yam Island,-9.899187,142.774265,
XNA,KXNA,Northwest Arkansas National Airport,US,Fayetteville/Springdale/Rogers,36.281898,-94.306801,1287
XNH,ORTL,Ali Air Base,IQ,Nasiriyah,30.935801,46.090099,20
XNN,ZLXN,Xining Caojiabao International Airport,CN,Haidong (Huzhu Tu Autonomous County),36.52775,102.040215,7119
XPK,CZFG,Pukatawagan Airport,CA,Pukatawagan,55.749199,-101.265999,958
XPL,MHPR,Palmerola International Airport,HN,Palmerola,14.3824,-87.621201,2061
XQP,MRQP,Quepos Managua Airport,CR,Quepos,9.44316,-84.129799,85
XQU,CAT4,Qualicum Beach Airport,CA,Qualicum Beach,49.337456,-124.393086,191
XRH,YSRI,RAAF Base Richmond,AU,Richmond,-33.604652,150.783051,67
XRR,CYDM,Ross River Airport,CA,Ross River,61.9706001282,-132.42300415,2314
XRY,LEJR,Jerez Airport,ES,Jerez de la Frontera,36.744598,-6.06011,93
XSB,OMBY,Sir Bani Yas Airport,AE,Sir Bani Yas,24.283611,52.580278,25
XSC,MBSC,South Caicos Airport,TC,South Caicos,21.515699,-71.528503,6
XSI,CZSN,South Indian Lake Airport,CA,South Indian Lake,56.792801,-98.907204,951
XSP,WSSL,Seletar Airport,SG,Seletar,1.41555,103.86673,36
XTG,YTGM,Thargomindah Airport,AU,Thargomindah,-27.986368,143.812065,433
XTL,CYBQ,Tadoule Lake Airport,CA,Tadoule Lake,58.706308,-98.511057,923
XUZ,ZSXZ,Xuzhou Guanyin International Airport,CN,Xuzhou,34.059056,117.555278,108
XWA,KXWA,Williston Basin International Airport,US,Williston,48.260863,-103.75116,2344
XYA,AGGY,Yandina Airport,SB,Yandina,-9.092816,159.21841,60
YAA,CAJ4,Anahim Lake Airport,CA,Anahim Lake,52.451501,-125.303776,3635
YAB,CYAB,Arctic Bay Airport,CA,Arctic Bay,73.006101,-85.04616,72
YAC,CYAC,Cat Lake Airport,CA,Cat Lake,51.7272,-91.824402,1344
YAG,CYAG,Fort Frances Municipal Airport,CA,Fort Frances,48.655749,-93.44349,1125
YAH,CYAH,La Grande-4 Airport,CA,La Grande-4,53.754699707,-73.6753005981,1005
YAI,SCCH,Gral. Bernardo O´Higgins Airport,CL,Chillan,-36.5825,-72.031403,495
YAK,PAYA,Yakutat Airport,US,Yakutat,59.508717,-139.660435,33
YAL,CYAL,Alert Bay Airport,CA,Alert Bay,50.582199,-126.916,240
YAM,CYAM,Sault Ste Marie Airport,CA,Sault Ste Marie,46.483216,-84.508467,630
YAO,FKKY,Yaoundé Ville Airport,CM,Yaoundé,3.83604,11.5235,2464
YAP,PTYA,Yap International Airport,FM,Yap Island,9.49891,138.082993,91
YAS,NFSW,Yasawa Island Airport,FJ,Yasawa Island,-16.7589,177.544998,29
YAT,CYAT,Attawapiskat Airport,CA,Attawapiskat,52.927502,-82.4319,31
YAX,CKB6,Wapekeka Airport,CA,Angling Lake,53.84920120239258,-89.57939910888672,712
YAY,CYAY,St. Anthony Airport,CA,St. Anthony,51.391909,-56.08321,108
YAZ,CYAZ,Tofino / Long Beach Airport,CA,Tofino,49.079833,-125.775583,80
YBB,CYBB,Kugaaruk Airport,CA,Kugaaruk,68.535711,-89.805508,56
YBC,CYBC,Baie-Comeau Airport,CA,Baie-Comeau,49.1325,-68.204399,71
YBE,CYBE,Uranium City Airport,CA,Uranium City,59.561401,-108.481003,1044
YBG,CYBG,Saguenay-Bagotville Airport,CA,Saguenay,48.330123,-70.992012,522
YBI,CCE4,Black Tickle Airport,CA,Black Tickle,53.469836,-55.787501,57
YBK,CYBK,Baker Lake Airport,CA,Baker Lake,64.29889678960001,-96.077796936,59
YBL,CYBL,Campbell River Airport,CA,Campbell River,49.950802,-125.271004,346
YBP,ZUYB,Yibin Wuliangye Airport,CN,Yibin (Cuiping),28.858431,104.526157,1378
YBR,CYBR,Brandon Municipal Airport,CA,Brandon,49.91,-99.951897,1343
YBT,CYBT,Brochet Airport,CA,Brochet,57.8894,-101.679001,1136
YBV,CYBV,Berens River Airport,CA,Berens River,52.358898,-97.018303,728
YBX,CYBX,Lourdes-de-Blanc-Sablon Airport,CA,Blanc-Sablon,51.4436,-57.185299,121
YBY,CYBF,Bonnyville Airport,CA,Bonnyville,54.304199,-110.744003,1836
YCB,CYCB,Cambridge Bay Airport,CA,Cambridge Bay,69.1081008911,-105.138000488,90
YCC,CYCC,Cornwall Regional Airport,CA,Cornwall,45.092637,-74.567724,175
YCD,CYCD,Nanaimo Airport,CA,Nanaimo,49.05497,-123.869863,92
YCE,CYCE,Centralia / James T. Field Memorial Aerodrome,CA,Huron Park,43.285599,-81.508301,824
YCG,CYCG,Castlegar/West Kootenay Regional Airport,CA,Castlegar,49.296398,-117.632004,1624
YCH,CYCH,Miramichi Airport,CA,Miramichi,47.007801,-65.449203,108
YCK,CYVL,Tommy Kochon Airport,CA,Colville Lake,67.02015,-126.128364,870
YCL,CYCL,Charlo Airport,CA,Charlo,47.990799,-66.330299,132
YCM,CYSN,Niagara District Airport,CA,Niagara-on-the-Lake,43.191598,-79.171686,321
YCN,CYCN,Cochrane Airport,CA,Cochrane,49.10559844970703,-81.01360321044922,861
YCO,CYCO,Kugluktuk Airport,CA,Kugluktuk,67.816408,-115.14307,74
YCQ,CYCQ,Chetwynd Airport,CA,Chetwynd,55.687198638916016,-121.62699890136719,2000
YCR,CYCR,Cross Lake (Charlie Sinclair Memorial) Airport,CA,Cross Lake,54.609758,-97.762442,709
YCS,CYCS,Chesterfield Inlet Airport,CA,Chesterfield Inlet,63.346901,-90.731102,32
YCU,ZBYC,Yuncheng Yanhu International Airport,CN,Yuncheng (Yanhu),35.117823,111.034023,1242
YCY,CYCY,Clyde River Airport,CA,Clyde River,70.486099,-68.516701,87
YDA,CYDA,Dawson City Airport,CA,Dawson City,64.04309844970703,-139.1280059814453,1215
YDB,CYDB,Burwash Airport,CA,Burwash Landing,61.371101,-139.041,2647
YDF,CYDF,Deer Lake Airport,CA,Deer Lake,49.208159,-57.396147,72
YDG,CYID,Digby / Annapolis Regional Airport,CA,Digby,44.5458450365,-65.7854247093,499
YDL,CYDL,Dease Lake Airport,CA,Dease Lake,58.422199,-130.031998,2600
YDN,CYDN,Dauphin Barker Airport,CA,Dauphin,51.1008,-100.052002,999
YDO,CYDO,Dolbeau-Saint-Felicien Airport,CA,Dolbeau-Saint-Felicien,48.7785,-72.375,372
YDP,CYDP,Nain Airport,CA,Nain,56.550778,-61.682224,22
YDQ,CYDQ,Dawson Creek Airport,CA,Dawson Creek,55.741245,-120.183263,2148
YDT,CZBB,Boundary Bay Airport,CA,Delta,49.074338,-123.006877,6
YDV,CZTA,Bloodvein River Airport,CA,Bloodvein River,51.784568,-96.692305,721
YEC,RKTY,Yecheon Airbase,KR,Yecheon-ri,36.630373,128.34971,354
YEG,CYEG,Edmonton International Airport,CA,Edmonton,53.3097,-113.580002,2373
YEI,LTBR,Bursa Yenişehir Airport,TR,Yenişehir,40.255199,29.562599,764
YEK,CYEK,Arviat Airport,CA,Arviat,61.0942,-94.070801,32
YEL,CYEL,Elliot Lake Municipal Airport,CA,Elliot Lake,46.351398468,-82.5614013672,1087
YEM,CYEM,Manitoulin East Municipal Airport,CA,Sheguiandah,45.842435,-81.857595,869
YEN,CYEN,Estevan Airport,CA,Estevan,49.2103004456,-102.966003418,1905
YEO,EGDY,RNAS Yeovilton,GB,"Yeovil, Somerset",51.009399,-2.63882,75
YER,CYER,Fort Severn Airport,CA,Fort Severn,56.018902,-87.676102,48
YES,OISY,Yasuj Airport,IR,Yasuj,30.702238,51.542988,5939
YET,CYET,Edson Airport,CA,Edson,53.578899383499994,-116.464996338,3043
YEV,CYEV,Inuvik Mike Zubko Airport,CA,Inuvik,68.30419921880001,-133.483001709,224
YEY,CYEY,Amos/Magny Airport,CA,Amos,48.563903,-78.249702,1068
YFA,CYFA,Fort Albany Airport,CA,Fort Albany,52.203451,-81.695194,48
YFB,CYFB,Iqaluit Airport,CA,Iqaluit,63.756402,-68.555801,110
YFC,CYFC,Fredericton International Airport,CA,Fredericton,45.868697,-66.529891,68
YFE,CYFE,Forestville Airport,CA,Forestville,48.74610137939453,-69.09719848632812,293
YFH,CYFH,Fort Hope Airport,CA,Fort Hope,51.561901,-87.907799,899
YFJ,CYWE,Wekweètì Airport,CA,Wekweètì,64.190804,-114.077002,1208
YFO,CYFO,Flin Flon Airport,CA,Flin Flon,54.678101,-101.681999,997
YFR,CYFR,Fort Resolution Airport,CA,Fort Resolution,61.1808013916,-113.690002441,526
YFS,CYFS,Fort Simpson Airport,CA,Fort Simpson,61.76020050048828,-121.23699951171875,555
YFX,CCK4,St. Lewis (Fox Harbour) Airport,CA,St. Lewis,52.372799,-55.673901,74
YGH,CYGH,Fort Good Hope Airport,CA,Fort Good Hope,66.240658,-128.647757,268
YGJ,RJOH,Yonago Kitaro Airport / JASDF Miho Air Base,JP,Yonago,35.492199,133.235992,20
YGK,CYGK,Kingston Norman Rogers Airport,CA,Kingston,44.2253,-76.596901,305
YGL,CYGL,La Grande Rivière Airport,CA,La Grande Rivière,53.625301361083984,-77.7042007446289,639
YGM,CYGM,Gimli Industrial Park Airport,CA,Gimli,50.62810134887695,-97.04329681396484,753
YGO,CYGO,Gods Lake Narrows Airport,CA,Gods Lake Narrows,54.55768,-94.490061,617
YGP,CYGP,Michel-Pouliot Gaspé Airport,CA,Gaspé,48.774915,-64.481893,112
YGQ,CYGQ,Geraldton Greenstone Regional Airport,CA,Geraldton,49.77830123901367,-86.93939971923828,1144
YGR,CYGR,Îles-de-la-Madeleine Airport,CA,Les Îles-de-la-Madeleine,47.425242,-61.778612,35
YGT,CYGT,Igloolik Airport,CA,Igloolik,69.3647,-81.816101,174
YGV,CYGV,Havre-Saint-Pierre Airport,CA,Havre-Saint-Pierre,50.281898,-63.611401,124
YGW,CYGW,Kuujjuarapik Airport,CA,Kuujjuarapik,55.281898498535156,-77.76529693603516,34
YGX,CYGX,Gillam Airport,CA,Gillam,56.35712,-94.711504,476
YGZ,CYGZ,Grise Fiord Airport,CA,Grise Fiord,76.425823,-82.908583,146
YHA,CCP4,Port Hope Simpson Airport,CA,Port Hope Simpson,52.528099060058594,-56.28609848022461,347
YHD,CYHD,Dryden Regional Airport,CA,Dryden,49.831699,-92.744202,1354
YHF,CYHF,Hearst René Fontaine Municipal Airport,CA,Hearst,49.71419906616211,-83.68609619140625,827
YHG,CCH4,Charlottetown Airport,CA,Charlottetown,52.765774,-56.11237,209
YHI,CYHI,Ulukhaktok Holman Airport,CA,Ulukhaktok,70.762802,-117.806,117
YHK,CYHK,Gjoa Haven Airport,CA,Gjoa Haven,68.635597,-95.849701,152
YHM,CYHM,John C. Munro Hamilton International Airport,CA,Hamilton,43.17348,-79.931185,780
YHN,CYHN,Hornepayne Municipal Airport,CA,Hornepayne,49.19309997558594,-84.75890350341797,1099
YHO,CYHO,Hopedale Airport,CA,Hopedale,55.448757,-60.228124,39
YHP,CYHP,Poplar Hill Airport,CA,Poplar Hill,52.1133,-94.2556,1095
YHR,CYHR,Chevery Airport,CA,Chevery,50.468322,-59.637823,39
YHT,CYHT,Haines Junction Airport,CA,Haines Junction,60.7892,-137.546005,2150
YHU,CYHU,Montréal / Saint-Hubert Metropolitan Airport,CA,Montréal,45.517502,-73.416901,90
YHY,CYHY,Hay River / Merlyn Carter Airport,CA,Hay River,60.8396987915,-115.782997131,541
YHZ,CYHZ,Halifax / Stanfield International Airport,CA,Halifax,44.8807983398,-63.5085983276,477
YIA,WAHI,Yogyakarta International Airport,ID,Yogyakarta,-7.905338,110.057264,24
YIB,CYIB,Atikokan Municipal Airport,CA,Atikokan,48.773899,-91.638603,1408
YIC,ZSYC,Yichun Mingyueshan Airport,CN,Yichun,27.8025,114.3062,430
YIE,ZBES,Arxan Yi'ershi Airport,CN,Arxan,47.3106,119.9117,2925
YIF,CYIF,St Augustin Airport,CA,St-Augustin,51.2117,-58.658298,20
YIH,ZHYC,Yichang Sanxia Airport,CN,Yichang (Xiaoting),30.554132,111.482563,673
YIK,CYIK,Ivujivik Airport,CA,Ivujivik,62.417301,-77.925301,126
YIN,ZWYN,Ili Yining International Airport,CN,Ili (Yining / Ghulja),43.955799,81.330299,
YIO,CYIO,Pond Inlet Airport,CA,Pond Inlet,72.689494,-77.968941,181
YIP,KYIP,Willow Run Airport,US,Detroit,42.2379,-83.530403,716
YIV,CYIV,Island Lake Airport,CA,Island Lake,53.857200622558594,-94.65360260009766,770
YIW,ZSYW,Yiwu Airport,CN,Yiwu/Jinhua,29.342095,120.03116,262
YJF,CYJF,Fort Liard Airport,CA,Fort Liard,60.235801696799996,-123.46900177,708
YJN,CYJN,St Jean Airport,CA,St Jean,45.29439926147461,-73.28109741210938,136
YJT,CYJT,Stephenville Dymond International Airport,CA,Stephenville,48.54339,-58.552892,84
YKA,CYKA,Kamloops John Moose Fulton Field Regional Airport,CA,Kamloops,50.703038,-120.448641,1133
YKD,CYKM,Kincardine Municipal Airport,CA,Kincardine,44.201401,-81.606697,772
YKF,CYKF,Region of Waterloo International Airport,CA,Breslau,43.4608,-80.378601,1054
YKG,CYAS,Kangirsuk Airport,CA,Kangirsuk,60.027199,-69.999199,403
YKH,ZYYK,Yingkou Lanqi Airport,CN,Yingkou (Laobian),40.542524,122.3586,
YKJ,CYKJ,Key Lake Airport,CA,Key Lake,57.256099700927734,-105.61799621582031,1679
YKL,CYKL,Schefferville Airport,CA,Schefferville,54.805301666259766,-66.8052978515625,1709
YKM,KYKM,Yakima Air Terminal McAllister Field,US,Yakima,46.56819916,-120.5439987,1099
YKN,KYKN,Chan Gurney Municipal Airport,US,Yankton,42.916698455811,-97.385902404785,1306
YKO,LTCW,Hakkari Yüksekova Airport,TR,Hakkari,37.5497,44.2381,6400
YKQ,CYKQ,Waskaganish Airport,CA,Waskaganish,51.473301,-78.758301,80
YKS,UEEE,Platon Oyunsky Yakutsk International Airport,RU,Yakutsk,62.0933,129.770996,325
YKU,CSU2,Chisasibi Airport,CA,Chisasibi,53.805599212646484,-78.91690063476562,43
YKX,CYKX,Kirkland Lake Airport,CA,Kirkland Lake,48.21030044555664,-79.98139953613281,1157
YKY,CYKY,Kindersley Airport,CA,Kindersley,51.5175018311,-109.180999756,2277
YLC,CYLC,Kimmirut Airport,CA,Kimmirut,62.848253,-69.877853,175
YLD,CYLD,Chapleau Airport,CA,Chapleau,47.81999969482422,-83.3467025756836,1470
YLE,CEM3,Whatì Airport,CA,Whatì,63.131699,-117.246002,882
YLH,CYLH,Lansdowne House Airport,CA,Lansdowne House,52.195599,-87.934196,834
YLI,EFYL,Ylivieska Airfield,FI,Ylivieska,64.054722,24.725278,252
YLJ,CYLJ,Meadow Lake Airport,CA,Meadow Lake,54.125301361083984,-108.52300262451172,1576
YLK,CYLS,Barrie-Lake Simcoe Regional Airport,CA,Barrie,44.485056,-79.554663,972
YLL,CYLL,Lloydminster Airport,CA,Lloydminster,53.3092,-110.072998,2193
YLR,CYLR,Leaf Rapids Airport,CA,Leaf Rapids,56.513301849365234,-99.98529815673828,959
YLT,CYLT,Alert Airport,CA,Alert,82.517263,-62.283037,100
YLW,CYLW,Kelowna International Airport,CA,Kelowna,49.9561,-119.377998,1421
YLX,ZGYL,Yulin Fumian Airport,CN,Yulin,22.433042,110.119996,328
YLY,CYNJ,Langley Airport,CA,Langley,49.1008,-122.630997,34
YMA,CYMA,Mayo Airport,CA,Mayo,63.61640167236328,-135.8679962158203,1653
YME,CYME,Matane Airport,CA,Matane,48.85689926147461,-67.45330047607422,102
YMG,CYMG,Manitouwadge Airport,CA,Manitouwadge,49.083900451660156,-85.86060333251953,1198
YMH,CYMH,Mary's Harbour Airport,CA,Mary's Harbour,52.302837,-55.847433,38
YMJ,CYMJ,Moose Jaw Air Vice Marshal C. M. McEwen Airport,CA,Moose Jaw,50.330299377441406,-105.55899810791016,1892
YML,CYML,Charlevoix Airport,CA,Charlevoix,47.59749984741211,-70.2238998413086,977
YMM,CYMM,Fort McMurray International Airport,CA,Fort McMurray,56.653301,-111.222,1211
YMN,CYFT,Makkovik Airport,CA,Makkovik,55.077335,-59.187942,234
YMO,CYMO,Moosonee Airport,CA,Moosonee,51.291099548339844,-80.60780334472656,30
YMP,CAT5,Port McNeill Airport,CA,Port McNeill,50.57348,-127.027702,225
YMS,SPMS,Moises Benzaquen Rengifo Airport,PE,Yurimaguas,-5.89377,-76.118202,587
YMT,CYMT,Chapais Airport,CA,Chibougamau,49.77190017700195,-74.5280990600586,1270
YMX,CYMX,Montreal Mirabel International Airport,CA,Montréal,45.679501,-74.038696,270
YNA,CYNA,Natashquan Airport,CA,Natashquan,50.190114,-61.78898,39
YNB,OEYN,Prince Abdulmohsen Bin Abdulaziz International Airport,SA,Yanbu,24.144199,38.0634,26
YNC,CYNC,Wemindji Airport,CA,Wemindji,53.010601,-78.8311,66
YND,CYND,Ottawa / Gatineau Airport,CA,Gatineau,45.521702,-75.563599,211
YNE,CYNE,Norway House Airport,CA,Norway House,53.958302,-97.8442,734
YNG,KYNG,Youngstown Warren Regional Airport,US,Youngstown/Warren,41.26070023,-80.67910004,1192
YNJ,ZYYJ,Yanji Chaoyangchuan Airport,CN,Yanji,42.8828010559,129.451004028,624
YNL,CYNL,Points North Landing Airport,CA,Points North Landing,58.27669906616211,-104.08200073242188,1605
YNM,CYNM,Matagami Airport,CA,Matagami,49.76169967651367,-77.80280303955078,918
YNO,CKQ3,North Spirit Lake Airport,CA,North Spirit Lake,52.4900016784668,-92.97109985351562,1082
YNP,CNH2,Natuashish Airport,CA,Natuashish,55.913898,-61.184399,30
YNS,CYHH,Nemiscau Airport,CA,Nemiscau,51.691101,-76.135597,802
YNT,ZSYT,Yantai Penglai International Airport,CN,Yantai,37.659724,120.978124,154
YNY,RKNY,Yangyang International Airport,KR,Gonghang-ro,38.060481,128.669822,241
YNZ,ZSYN,Yancheng Nanyang International Airport,CN,Yancheng (Tinghu),33.428317,120.20545,10
YOA,CYOA,Ekati Airport,CA,Ekati,64.6988983154,-110.614997864,1536
YOC,CYOC,Old Crow Airport,CA,Old Crow,67.570602,-139.839005,824
YOD,CYOD,CFB Cold Lake,CA,Cold Lake,54.404998779296875,-110.27899932861328,1775
YOG,CYKP,Ogoki Post Airport,CA,Ogoki Post,51.6585998535,-85.9017028809,594
YOH,CYOH,Oxford House Airport,CA,Oxford House,54.9333,-95.2789,663
YOJ,CYOJ,High Level Airport,CA,High Level,58.62139892578125,-117.16500091552734,1110
YOL,DNYO,Yola Airport,NG,Yola,9.257550239562988,12.430399894714355,599
YON,VQTY,Yongphulla Airport,BT,Yongphulla,27.25627,91.514633,9000
YOO,CYOO,Oshawa Executive Airport,CA,Oshawa,43.922798,-78.894997,460
YOP,CYOP,Rainbow Lake Airport,CA,Rainbow Lake,58.491402,-119.407997,1759
YOS,CYOS,Owen Sound / Billy Bishop Regional Airport,CA,Owen Sound,44.5903015137,-80.8375015259,1007
YOW,CYOW,Ottawa Macdonald-Cartier International Airport,CA,Ottawa,45.322498,-75.669197,374
YPA,CYPA,Prince Albert Glass Field,CA,Prince Albert,53.214199066199996,-105.672996521,1405
YPC,CYPC,Paulatuk (Nora Aliqatchialuk Ruben) Airport,CA,Paulatuk,69.360838,-124.07547,15
YPE,CYPE,Peace River Airport,CA,Peace River,56.226898,-117.446999,1873
YPG,CYPG,Portage-la-Prairie / Southport Airport,CA,Portage la Prairie,49.903099,-98.273817,885
YPH,CYPH,Inukjuak Airport,CA,Inukjuak,58.471901,-78.076897,83
YPJ,CYLA,Aupaluk Airport,CA,Aupaluk,59.2967,-69.599701,119
YPL,CYPL,Pickle Lake Airport,CA,Pickle Lake,51.4463996887207,-90.21420288085938,1267
YPM,CYPM,Pikangikum Airport,CA,Pikangikum,51.819698,-93.973297,1114
YPN,CYPN,Port-Menier Airport,CA,Port-Menier,49.836399,-64.288597,167
YPO,CYPO,Peawanuck Airport,CA,Peawanuck,54.987932,-85.442648,173
YPQ,CYPQ,Peterborough Regional Airport,CA,Peterborough,44.232251,-78.362053,628
YPR,CYPR,Prince Rupert Airport,CA,Prince Rupert,54.286098480199996,-130.445007324,116
YPS,CYPD,Port Hawkesbury Airport,CA,Port Hawkesbury,45.6567001343,-61.3680992126,377
YPW,CYPW,Powell River Airport,CA,Powell River,49.83420181274414,-124.5,425
YPX,CYPX,Puvirnituq Airport,CA,Puvirnituq,60.050598,-77.286903,74
YPY,CYPY,Fort Chipewyan Airport,CA,Fort Chipewyan,58.7672004699707,-111.11699676513672,761
YPZ,CYPZ,Burns Lake Airport,CA,Burns Lake,54.3764,-125.950996,2343
YQA,CYQA,Muskoka Airport,CA,Gravenhurst,44.975376,-79.306546,925
YQB,CYQB,Quebec Jean Lesage International Airport,CA,Quebec,46.7911,-71.393303,244
YQC,CYHA,Quaqtaq Airport,CA,Quaqtaq,61.046398,-69.617798,103
YQD,CYQD,The Pas Airport,CA,The Pas,53.97140121459961,-101.09100341796875,887
YQF,CYQF,Red Deer Regional Airport,CA,Springbrook,52.182201,-113.893997,2968
YQG,CYQG,Windsor International Airport,CA,Windsor,42.2756,-82.955597,622
YQH,CYQH,Watson Lake Airport,CA,Watson Lake,60.116839,-128.821993,2255
YQI,CYQI,Yarmouth Airport,CA,Yarmouth,43.826900482177734,-66.08809661865234,141
YQK,CYQK,Kenora Airport,CA,Kenora,49.788299560546875,-94.36309814453125,1332
YQL,CYQL,Lethbridge County Airport,CA,Lethbridge,49.6302986145,-112.800003052,3048
YQM,CYQM,Greater Moncton Roméo LeBlanc International Airport,CA,Moncton,46.113189,-64.67719,232
YQN,CYQN,Nakina Airport,CA,Nakina,50.18280029296875,-86.69640350341797,1057
YQQ,CYQQ,Comox Valley International Airport / CFB Comox,CA,Comox,49.7108,-124.887001,84
YQR,CYQR,Regina International Airport,CA,Regina,50.431938,-104.660906,1894
YQS,CYQS,St Thomas Municipal Airport,CA,St Thomas,42.77000045776367,-81.11080169677734,778
YQT,CYQT,Thunder Bay International Airport,CA,Thunder Bay,48.371899,-89.323898,653
YQU,CYQU,Grande Prairie Airport,CA,Grande Prairie,55.1796989441,-118.885002136,2195
YQV,CYQV,Yorkton Municipal Airport,CA,Yorkton,51.264702,-102.461998,1635
YQW,CYQW,North Battleford Airport,CA,North Battleford,52.769409,-108.243742,1799
YQX,CYQX,Gander International Airport,CA,Gander,48.936258,-54.567719,496
YQY,CYQY,Sydney / J.A. Douglas McCurdy Airport,CA,Sydney,46.161072,-60.049759,203
YQZ,CYQZ,Quesnel Airport,CA,Quesnel,53.026100158691406,-122.51000213623047,1789
YRA,CYRA,Rae Lakes Airport,CA,Gamètì,64.116096,-117.309998,723
YRB,CYRB,Resolute Bay Airport,CA,Resolute Bay,74.7169036865,-94.9693984985,215
YRF,CYCA,Cartwright Airport,CA,Cartwright,53.682501,-57.042303,40
YRG,CCZ2,Rigolet Airport,CA,Rigolet,54.1796989440918,-58.45750045776367,180
YRI,CYRI,Rivière-du-Loup Airport,CA,Rivière-du-Loup,47.764400482177734,-69.58470153808594,427
YRJ,CYRJ,Roberval Airport,CA,Roberval,48.519665,-72.265735,586
YRL,CYRL,Red Lake Airport,CA,Red Lake,51.066898345947266,-93.79309844970703,1265
YRO,CYRO,Ottawa / Rockcliffe Airport,CA,Ottawa,45.460496,-75.644001,188
YRQ,CYRQ,Trois-Rivières Airport,CA,Trois-Rivières,46.35279846191406,-72.67939758300781,199
YRS,CYRS,Red Sucker Lake Airport,CA,Red Sucker Lake,54.167198,-93.557198,729
YRT,CYRT,Rankin Inlet Airport,CA,Rankin Inlet,62.8114013672,-92.1157989502,94
YRV,CYRV,Revelstoke Airport,CA,Revelstoke,50.962245,-118.184258,1459
YSB,CYSB,Sudbury Airport,CA,Sudbury,46.625,-80.79889678955078,1141
YSC,CYSC,Sherbrooke Airport,CA,Sherbrooke,45.438599,-71.691399,792
YSF,CYSF,Stony Rapids Airport,CA,Stony Rapids,59.250301361083984,-105.84100341796875,805
YSG,CYLK,Lutselk'e Airport,CA,Lutselk'e,62.417823,-110.682793,596
YSH,CYSH,Smiths Falls-Montague (Russ Beach) Airport,CA,Smiths Falls,44.945801,-75.940598,416
YSJ,CYSJ,Saint John Airport,CA,Saint John,45.31610107421875,-65.89029693603516,357
YSK,CYSK,Sanikiluaq Airport,CA,Sanikiluaq,56.536891,-79.250221,104
YSL,CYSL,Saint-Léonard Airport,CA,Saint-Léonard,47.157097,-67.836242,793
YSM,CYSM,Fort Smith Airport,CA,Fort Smith,60.020302,-111.961998,671
YSN,CZAM,Shuswap Regional Airport,CA,Salmon Arm,50.682802,-119.228996,1751
YSO,CCD4,Postville Airport,CA,Postville,54.9105,-59.78507,193
YSP,CYSP,Marathon Airport,CA,Marathon,48.75529861450195,-86.34439849853516,1035
YSQ,ZYSQ,Songyuan Chaganhu Airport,CN,Qian Gorlos Mongol Autonomous County,44.931143,124.552121,459
YST,CYST,St. Theresa Point Airport,CA,St. Theresa Point,53.845261,-94.851966,773
YSU,CYSU,Summerside Airport,CA,Slemon Park,46.440601,-63.833599,56
YSY,CYSY,Sachs Harbour (David Nasogaluak Jr. Saaryuaq) Airport,CA,Sachs Harbour,71.993896,-125.242996,282
YTA,CYTA,Pembroke Airport,CA,Pembroke,45.86439895629883,-77.25170135498047,529
YTD,CZLQ,Thicket Portage Airport,CA,Thicket Portage,55.31890106201172,-97.70780181884766,678
YTE,CYTE,Cape Dorset Airport,CA,Kinngait,64.230003,-76.526703,164
YTF,CYTF,Alma Airport,CA,Alma,48.5089,-71.641899,445
YTH,CYTH,Thompson Airport,CA,Thompson,55.80110168457031,-97.86419677734375,729
YTL,CYTL,Big Trout Lake Airport,CA,Big Trout Lake,53.817799,-89.896896,729
YTM,CYFJ,Mont-Tremblant International Airport,CA,La Macaza,46.409401,-74.779999,827
YTQ,CYTQ,Tasiujaq Airport,CA,Tasiujaq,58.667801,-69.955803,122
YTR,CYTR,CFB Trenton,CA,Trenton,44.118900299072266,-77.5280990600586,283
YTS,CYTS,Timmins/Victor M. Power,CA,Timmins,48.569698333699996,-81.376701355,967
YTW,ZWYT,Yutian Wanfang Airport,CN,Hotan (Yutian),36.8085,81.7827,4731
YTY,ZSYA,Yangzhou Taizhou Airport,CN,Yangzhou,32.5634,119.7198,7
YTZ,CYTZ,Billy Bishop Toronto City Airport,CA,Toronto,43.627852,-79.39553,252
YUA,ZPYM,Yuanmou Air Base,CN,Chuxiong (Yuanmou),25.737499,101.882004,3810
YUD,CYMU,Umiujaq Airport,CA,Umiujaq,56.536098,-76.518303,250
YUL,CYUL,Montreal / Pierre Elliott Trudeau International Airport,CA,Montréal,45.467837,-73.742294,118
YUM,KNYL,Yuma International Airport / Marine Corps Air Station Yuma,US,Yuma,32.650938,-114.609375,213
YUS,ZLYS,Yushu Batang Airport,CN,Yushu (Batang),32.836389,97.036389,12816
YUT,CYUT,Naujaat Airport,CA,Repulse Bay,66.521024,-86.225166,80
YUX,CYUX,Hall Beach Airport,CA,Sanirajak,68.7761,-81.2425,30
YUY,CYUY,Rouyn Noranda Airport,CA,Rouyn-Noranda,48.20610046386719,-78.83560180664062,988
YVB,CYVB,Bonaventure Airport,CA,Bonaventure,48.071098,-65.460297,123
YVC,CYVC,La Ronge Airport,CA,La Ronge,55.151401519800004,-105.262001038,1242
YVE,CYVK,Vernon Regional Airport,CA,Vernon,50.246163,-119.330963,1140
YVM,CYVM,Qikiqtarjuaq Airport,CA,Qikiqtarjuaq,67.54656,-64.03141,21
YVO,CYVO,Val-d'Or Airport,CA,Val-d'Or,48.0532989502,-77.7827987671,1107
YVP,CYVP,Kuujjuaq Airport,CA,Kuujjuaq,58.096099853515625,-68.4269027709961,129
YVQ,CYVQ,Norman Wells Airport,CA,Norman Wells,65.28160095214844,-126.7979965209961,238
YVR,CYVR,Vancouver International Airport,CA,Vancouver,49.193901,-123.183998,14
YVV,CYVV,Wiarton Airport,CA,Wiarton,44.7458,-81.107201,729
YVZ,CYVZ,Deer Lake Airport,CA,Deer Lake,52.655613,-94.061208,1092
YWB,CYKG,Kangiqsujuaq (Wakeham Bay) Airport,CA,Kangiqsujuaq,61.5886,-71.929398,501
YWG,CYWG,Winnipeg / James Armstrong Richardson International Airport,CA,Winnipeg,49.909999847399995,-97.2398986816,783
YWJ,CYWJ,Déline Airport,CA,Déline,65.211098,-123.435997,703
YWK,CYWK,Wabush Airport,CA,Wabush,52.92190170288086,-66.8644027709961,1808
YWL,CYWL,Williams Lake Airport,CA,Williams Lake,52.1831016541,-122.054000854,3085
YWM,CCA6,Williams Harbour Airport,CA,Williams Harbour,52.567377,-55.784883,70
YWP,CYWP,Webequie Airport,CA,Webequie,52.959393,-87.374868,685
YWY,CYWY,Wrigley Airport,CA,Wrigley,63.20940017700195,-123.43699645996094,489
YXC,CYXC,Cranbrook/Canadian Rockies International Airport,CA,Cranbrook,49.610802,-115.781998,3082
YXE,CYXE,Saskatoon John G. Diefenbaker International Airport,CA,Saskatoon,52.170723,-106.700793,1653
YXH,CYXH,Medicine Hat Regional Airport,CA,Medicine Hat,50.018902,-110.721001,2352
YXJ,CYXJ,Fort St John / North Peace Regional Airport,CA,Fort Saint John,56.238098,-120.739998,2280
YXK,CYXK,Rimouski Airport,CA,Rimouski,48.477644,-68.496323,82
YXL,CYXL,Sioux Lookout Airport,CA,Sioux Lookout,50.11389923095703,-91.9052963256836,1258
YXN,CYXN,Whale Cove Airport,CA,Whale Cove,62.240002,-92.598099,40
YXP,CYXP,Pangnirtung Airport,CA,Pangnirtung,66.144878,-65.713606,75
YXQ,CYXQ,Beaver Creek Airport,CA,Beaver Creek,62.410301208496094,-140.86700439453125,2131
YXR,CYXR,Earlton (Timiskaming Regional) Airport,CA,Earlton,47.697400654599996,-79.8473453522,800
YXS,CYXS,Prince George (International) Airport,CA,Prince George,53.884311,-122.666554,2267
YXT,CYXT,Northwest Regional Airport Terrace-Kitimat,CA,Terrace,54.468498,-128.576009,713
YXU,CYXU,London International Airport,CA,London,43.032845,-81.149003,912
YXX,CYXX,Abbotsford International Airport,CA,Abbotsford,49.025299,-122.361,195
YXY,CYXY,Whitehorse / Erik Nielsen International Airport,CA,Whitehorse,60.708533,-135.065705,2317
YXZ,CYXZ,Wawa Airport,CA,Wawa,47.96670150756836,-84.78669738769531,942
YYA,ZGYY,Yueyang Sanhe Airport,CN,Yueyang (Yueyanglou),29.311699,113.281574,230
YYB,CYYB,North Bay Jack Garland Airport,CA,North Bay,46.363602,-79.422798,1215
YYC,CYYC,Calgary International Airport,CA,Calgary,51.118822,-114.009933,3557
YYD,CYYD,Smithers Airport,CA,Smithers,54.82469940185547,-127.18299865722656,1712
YYE,CYYE,Fort Nelson Airport,CA,Fort Nelson,58.8363990784,-122.597000122,1253
YYF,CYYF,Penticton Airport,CA,Penticton,49.46310043334961,-119.60199737548828,1129
YYG,CYYG,Charlottetown Airport,CA,Charlottetown,46.288911,-63.125174,160
YYH,CYYH,Taloyoak Airport,CA,Taloyoak,69.5467,-93.576698,92
YYJ,CYYJ,Victoria International Airport,CA,Victoria,48.647201,-123.427792,63
YYL,CYYL,Lynn Lake Airport,CA,Lynn Lake,56.86389923095703,-101.07599639892578,1170
YYN,CYYN,Swift Current Airport,CA,Swift Current,50.291900634799994,-107.691001892,2680
YYQ,CYYQ,Churchill Airport,CA,Churchill,58.739200592041016,-94.06500244140625,94
YYR,CYYR,Goose Bay Airport,CA,Goose Bay,53.3191986084,-60.4258003235,160
YYT,CYYT,St. John's International Airport,CA,St. John's,47.618599,-52.7519,461
YYU,CYYU,Kapuskasing Airport,CA,Kapuskasing,49.411587,-82.469645,743
YYW,CYYW,Armstrong Airport,CA,Armstrong,50.29029846191406,-88.90969848632812,1058
YYY,CYYY,Mont Joli Airport,CA,Mont-Joli,48.60860061645508,-68.20809936523438,172
YYZ,CYYZ,Toronto Pearson International Airport,CA,Toronto,43.675935,-79.629421,569
YZA,CAZ5,Cache Creek-Ashcroft Regional Airport,CA,Cache Creek,50.775258,-121.321314,2034
YZE,CYZE,Gore Bay Manitoulin Airport,CA,Gore Bay,45.8853,-82.567802,623
YZF,CYZF,Yellowknife International Airport,CA,Yellowknife,62.462799,-114.440002,675
YZG,CYZG,Salluit Airport,CA,Salluit,62.179401,-75.667198,743
YZH,CYZH,Slave Lake Airport,CA,Slave Lake,55.292945,-114.777276,1912
YZP,CYZP,Sandspit Airport,CA,Sandspit,53.25429916379999,-131.813995361,21
YZR,CYZR,Chris Hadfield Airport,CA,Sarnia,42.999401,-82.308899,594
YZS,CYZS,Coral Harbour Airport,CA,Coral Harbour,64.1932983398,-83.3593978882,210
YZT,CYZT,Port Hardy Airport,CA,Port Hardy,50.680599212646484,-127.36699676513672,71
YZU,CYZU,Whitecourt Airport,CA,Whitecourt,54.143902,-115.787003,2567
YZV,CYZV,Sept-Îles Airport,CA,Sept-Îles,50.22330093383789,-66.2656021118164,180
YZW,CYZW,Teslin Airport,CA,Teslin,60.17279815673828,-132.7429962158203,2313
YZX,CYZX,CFB Greenwood,CA,Greenwood,44.98440170288086,-64.91690063476562,92
YZY,ZLZY,Zhangye Ganzhou Airport,CN,Zhangye (Ganzhou),38.801899,100.675003,5280
YZZ,CAD4,Trail Regional Airport,CA,Trail,49.055599,-117.609001,1427
ZAD,LDZD,Zadar Airport,HR,Zadar,44.096986,15.353565,289
ZAG,LDZA,Zagreb Franjo Tuđman International Airport,HR,Velika Gorica,45.742901,16.0688,353
ZAH,OIZH,Zahedan International Airport,IR,Zahedan,29.4757,60.9062,4564
ZAL,SCVD,Pichoy Airport,CL,Valdivia,-39.6500015259,-73.0860977173,59
ZAM,RPMZ,Zamboanga International Airport,PH,Zamboanga,6.92242,122.059998,33
ZAO,LFCC,Cahors Lalbenque airport,FR,Cahors,44.351398,1.47528,912
ZAR,DNZA,Zaria Airport,NG,Zaria,11.1302,7.68581,2170
ZAT,ZPZT,Zhaotong Zhaoyang Airport （Not fully opened),CN,Zhaotong,27.205843,103.691511,
ZAZ,LEZG,Zaragoza Airport,ES,Zaragoza,41.666199,-1.04155,863
ZBF,CZBF,Bathurst Airport,CA,South Tetagouche,47.6297,-65.738899,193
ZBM,CZBM,Bromont (Roland Désourdy) Airport,CA,Bromont,45.290798,-72.741402,375
ZBR,OIZC,Chabahar Konarak International Airport,IR,Konarak,25.44319,60.382167,13
ZCL,MMZC,General Leobardo C. Ruiz International Airport,MX,Zacatecas,22.894942,-102.687154,7141
ZCO,SCQP,La Araucanía International Airport,CL,Temuco,-38.9259,-72.6515,333
ZDY,OMDL,Delma Airport,AE,Delma Island,24.51,52.3352,30
ZEC,FASC,Secunda Airport,ZA,Secunda,-26.52409935,29.170099258399997,5250
ZEL,CBBC,Bella Bella (Campbell Island) Airport,CA,Bella Bella,52.185001,-128.156994,141
ZEM,CZEM,Eastmain River Airport,CA,Eastmain River,52.226398,-78.522499,24
ZER,VEZO,Ziro Airport,IN,Ziro,27.588301,93.828102,5403
ZFA,CZFA,Faro Airport,CA,Faro,62.20750045776367,-133.37600708007812,2351
ZFD,CZFD,Fond-du-Lac Airport,CA,Fond-du-Lac,59.3344,-107.181999,814
ZFL,ZWZS,Zhaosu Tianma Airport,CN,Zhaosu,43.088477,81.223013,
ZFM,CZFM,Fort Mcpherson Airport,CA,Fort Mcpherson,67.406993,-134.860182,116
ZFN,CZFN,Tulita Airport,CA,Tulita,64.909496,-125.570297,332
ZGF,CZGF,Grand Forks Airport,CA,Grand Forks,49.015598,-118.431,1720
ZGI,CZGI,Gods River Airport,CA,Gods River,54.839699,-94.078598,627
ZGS,CTT5,La Romaine Airport,CA,Le Golfe-du-Saint-Laurent,50.259553,-60.674357,90
ZGU,NVSQ,Gaua Island Airport,VU,Gaua Island,-14.2181,167.587006,100
ZHA,ZGZJ,Zhanjiang Wuchuan International Airport,CN,Zhanjiang,21.481667,110.590278,
ZHY,ZLZW,Zhongwei Shapotou Airport,CN,Zhongwei (Shapotou),37.573125,105.154454,4088
ZIA,UUBW,Zhukovsky International Airport,RU,Moscow,55.553299,38.150002,377
ZIC,SCTO,Victoria Airport,CL,Victoria,-38.245602,-72.348602,1148
ZIG,GOGG,Ziguinchor Airport,SN,Ziguinchor,12.55559,-16.283298,75
ZIH,MMZH,Ixtapa-Zihuatanejo International Airport,MX,Ixtapa,17.601771,-101.460629,26
ZIX,UEVV,Zhigansk Airport,RU,Zhigansk,66.7965011597,123.361000061,292
ZJG,CZJG,Jenpeg Airport,CA,Jenpeg,54.51890182495117,-98.04609680175781,729
ZJN,CZJN,Swan River Airport,CA,Swan River,52.120602,-101.236,1100
ZKE,CZKE,Kashechewan Airport,CA,Kashechewan,52.282501,-81.677803,35
ZKP,UESU,Zyryanka Airport,RU,Zyryanka,65.7485,150.8889,140
ZLO,MMZO,Playa de Oro International Airport,MX,Manzanillo,19.1448,-104.558998,30
ZLT,CTU5,La Tabatière Airport,CA,La Tabatière,50.8307991027832,-58.97560119628906,102
ZMT,CZMT,Masset Airport,CA,Masset,54.0275,-132.125,25
ZND,DRZR,Zinder Airport,NE,Zinder,13.779000282287598,8.983759880065918,1516
ZNE,YNWN,Newman Airport,AU,Newman,-23.417800903299998,119.803001404,1724
ZNZ,HTZA,Abeid Amani Karume International Airport,TZ,Zanzibar,-6.22202,39.224899,54
ZOS,SCJO,Cañal Bajo Carlos Hott Siebert Airport,CL,Osorno,-40.611198,-73.060997,187
ZPB,CZPB,Sachigo Lake Airport,CA,Sachigo Lake,53.890885,-92.195935,876
ZPC,SCPC,Pucón Airport,CL,Pucon,-39.292801,-71.915901,853
ZQN,NZQN,Queenstown Airport,NZ,Queenstown,-45.019205,168.746379,1171
ZQZ,ZBZJ,Zhangjiakou Ningyuan Airport,CN,Zhangjiakou,40.738664,114.933395,2347
ZRH,LSZH,Zürich Airport,CH,Zurich,47.458056,8.548056,1417
ZRI,WABO,Stevanus Rumbewas Airport,ID,Serui,-1.82842,136.062402,20
ZRJ,CZRJ,Round Lake (Weagamow Lake) Airport,CA,Round Lake,52.9436,-91.312798,974
ZSA,MYSM,San Salvador International Airport,BS,San Salvador,24.063041,-74.523233,24
ZSE,FMEP,Saint-Pierre Pierrefonds Airport,RE,Saint-Pierre,-21.319362,55.422506,59
ZSJ,CZSJ,Sandy Lake Airport,CA,Sandy Lake,53.06420135498047,-93.34439849853516,951
ZST,CZST,Stewart Airport,CA,Stewart,55.935410448,-129.982434511,24
ZTB,CTB6,Tête-à-la-Baleine Airport,CA,Tête-à-la-Baleine,50.674400329589844,-59.38359832763672,107
ZTH,LGZA,Zakynthos International Airport Dionysios Solomos,GR,Zakynthos,37.7509,20.8843,12
ZTM,CZTM,Shamattawa Airport,CA,Shamattawa,55.86356,-92.081137,289
ZTU,UBBY,Zaqatala International Airport,AZ,Zaqatala,41.557823,46.669464,1279
ZUC,CZUC,Ignace Municipal Airport,CA,Ignace,49.428204,-91.720418,1435
ZUH,ZGSD,Zhuhai Jinwan Airport,CN,Zhuhai (Jinwan),22.006399,113.375999,23
ZUM,CZUM,Churchill Falls Airport,CA,Churchill Falls,53.5619010925293,-64.10639953613281,1442
ZVA,FMMN,Miandrivazo Airport,MG,Miandrivazo,-19.562799,45.450802,203
ZVK,VLSK,Savannakhet Airport,LA,,16.55660057067871,104.76000213623047,509
ZWA,FMND,Andapa Airport,MG,,-14.651700019836426,49.620601654052734,1552
ZWL,CZWL,Wollaston Lake Airport,CA,Wollaston Lake,58.106899,-103.171997,1360
ZXT,UBTT,Zabrat Airport,AZ,Zabrat,40.494884,49.977065,36
ZYI,ZUZY,Zunyi Xinzhou Airport,CN,Zunyi,27.810723,107.247189,2723
ZYL,VGSY,Osmany International Airport,BD,Sylhet,24.963993,91.864749,50
ZZU,FWUU,Mzuzu Airport,MW,Mzuzu,-11.4447,34.011799,4115
ZZV,KZZV,Zanesville Municipal Airport,US,Zanesville,39.9444007874,-81.89209747310001,900
